archive	member	extracted_path	status
/Users/bear/Documents/CoWork/bear-textbooks/books/art/ARTZIP/JPGNP1.zip	JPGNP1/47_20240405_194900_0046.jpg	/Users/bear/Documents/CoWork/bear-textbooks/books/art/extracted/ARTZIP/JPGNP1/JPGNP1/47_20240405_194900_0046.jpg	extracted
/Users/bear/Documents/CoWork/bear-textbooks/books/art/ARTZIP/JPGNP1.zip	JPGNP1/34_20240405_194900_0033.jpg	/Users/bear/Documents/CoWork/bear-textbooks/books/art/extracted/ARTZIP/JPGNP1/JPGNP1/34_20240405_194900_0033.jpg	extracted
/Users/bear/Documents/CoWork/bear-textbooks/books/art/ARTZIP/JPGNP1.zip	JPGNP1/35_20240405_194900_0034.jpg	/Users/bear/Documents/CoWork/bear-textbooks/books/art/extracted/ARTZIP/JPGNP1/JPGNP1/35_20240405_194900_0034.jpg	extracted
/Users/bear/Documents/CoWork/bear-textbooks/books/art/ARTZIP/JPGNP1.zip	JPGNP1/20_20240405_194859_0019.jpg	/Users/bear/Documents/CoWork/bear-textbooks/books/art/extracted/ARTZIP/JPGNP1/JPGNP1/20_20240405_194859_0019.jpg	extracted
/Users/bear/Documents/CoWork/bear-textbooks/books/art/ARTZIP/JPGNP1.zip	JPGNP1/50_20240405_194900_0049.jpg	/Users/bear/Documents/CoWork/bear-textbooks/books/art/extracted/ARTZIP/JPGNP1/JPGNP1/50_20240405_194900_0049.jpg	extracted
/Users/bear/Documents/CoWork/bear-textbooks/books/art/ARTZIP/JPGNP1.zip	JPGNP1/33_20240405_194859_0032.jpg	/Users/bear/Documents/CoWork/bear-textbooks/books/art/extracted/ARTZIP/JPGNP1/JPGNP1/33_20240405_194859_0032.jpg	extracted
/Users/bear/Documents/CoWork/bear-textbooks/books/art/ARTZIP/JPGNP1.zip	JPGNP1/9_20240405_194858_0008.jpg	/Users/bear/Documents/CoWork/bear-textbooks/books/art/extracted/ARTZIP/JPGNP1/JPGNP1/9_20240405_194858_0008.jpg	extracted
/Users/bear/Documents/CoWork/bear-textbooks/books/art/ARTZIP/JPGNP1.zip	JPGNP1/18_20240405_194859_0017.jpg	/Users/bear/Documents/CoWork/bear-textbooks/books/art/extracted/ARTZIP/JPGNP1/JPGNP1/18_20240405_194859_0017.jpg	extracted
/Users/bear/Documents/CoWork/bear-textbooks/books/art/ARTZIP/JPGNP1.zip	JPGNP1/4_20240405_202745_0003.jpg	/Users/bear/Documents/CoWork/bear-textbooks/books/art/extracted/ARTZIP/JPGNP1/JPGNP1/4_20240405_202745_0003.jpg	extracted
/Users/bear/Documents/CoWork/bear-textbooks/books/art/ARTZIP/JPGNP1.zip	JPGNP1/45_20240405_194900_0044.jpg	/Users/bear/Documents/CoWork/bear-textbooks/books/art/extracted/ARTZIP/JPGNP1/JPGNP1/45_20240405_194900_0044.jpg	extracted
/Users/bear/Documents/CoWork/bear-textbooks/books/art/ARTZIP/JPGNP1.zip	JPGNP1/43_20240405_194900_0042.jpg	/Users/bear/Documents/CoWork/bear-textbooks/books/art/extracted/ARTZIP/JPGNP1/JPGNP1/43_20240405_194900_0042.jpg	extracted
/Users/bear/Documents/CoWork/bear-textbooks/books/art/ARTZIP/JPGNP1.zip	JPGNP1/10_20240405_194858_0009.jpg	/Users/bear/Documents/CoWork/bear-textbooks/books/art/extracted/ARTZIP/JPGNP1/JPGNP1/10_20240405_194858_0009.jpg	extracted
/Users/bear/Documents/CoWork/bear-textbooks/books/art/ARTZIP/JPGNP1.zip	JPGNP1/46_20240405_194900_0045.jpg	/Users/bear/Documents/CoWork/bear-textbooks/books/art/extracted/ARTZIP/JPGNP1/JPGNP1/46_20240405_194900_0045.jpg	extracted
/Users/bear/Documents/CoWork/bear-textbooks/books/art/ARTZIP/JPGNP1.zip	JPGNP1/15_20240405_194859_0014.jpg	/Users/bear/Documents/CoWork/bear-textbooks/books/art/extracted/ARTZIP/JPGNP1/JPGNP1/15_20240405_194859_0014.jpg	extracted
/Users/bear/Documents/CoWork/bear-textbooks/books/art/ARTZIP/JPGNP1.zip	JPGNP1/17_20240405_194859_0016.jpg	/Users/bear/Documents/CoWork/bear-textbooks/books/art/extracted/ARTZIP/JPGNP1/JPGNP1/17_20240405_194859_0016.jpg	extracted
/Users/bear/Documents/CoWork/bear-textbooks/books/art/ARTZIP/JPGNP1.zip	JPGNP1/29_20240405_194859_0028.jpg	/Users/bear/Documents/CoWork/bear-textbooks/books/art/extracted/ARTZIP/JPGNP1/JPGNP1/29_20240405_194859_0028.jpg	extracted
/Users/bear/Documents/CoWork/bear-textbooks/books/art/ARTZIP/JPGNP1.zip	JPGNP1/32_20240405_194859_0031.jpg	/Users/bear/Documents/CoWork/bear-textbooks/books/art/extracted/ARTZIP/JPGNP1/JPGNP1/32_20240405_194859_0031.jpg	extracted
/Users/bear/Documents/CoWork/bear-textbooks/books/art/ARTZIP/JPGNP1.zip	JPGNP1/40_20240405_194900_0039.jpg	/Users/bear/Documents/CoWork/bear-textbooks/books/art/extracted/ARTZIP/JPGNP1/JPGNP1/40_20240405_194900_0039.jpg	extracted
/Users/bear/Documents/CoWork/bear-textbooks/books/art/ARTZIP/JPGNP1.zip	JPGNP1/31_20240405_194859_0030.jpg	/Users/bear/Documents/CoWork/bear-textbooks/books/art/extracted/ARTZIP/JPGNP1/JPGNP1/31_20240405_194859_0030.jpg	extracted
/Users/bear/Documents/CoWork/bear-textbooks/books/art/ARTZIP/JPGNP1.zip	JPGNP1/5_20240405_194858_0004.jpg	/Users/bear/Documents/CoWork/bear-textbooks/books/art/extracted/ARTZIP/JPGNP1/JPGNP1/5_20240405_194858_0004.jpg	extracted
/Users/bear/Documents/CoWork/bear-textbooks/books/art/ARTZIP/JPGNP1.zip	JPGNP1/38_20240405_194900_0037.jpg	/Users/bear/Documents/CoWork/bear-textbooks/books/art/extracted/ARTZIP/JPGNP1/JPGNP1/38_20240405_194900_0037.jpg	extracted
/Users/bear/Documents/CoWork/bear-textbooks/books/art/ARTZIP/JPGNP1.zip	JPGNP1/11_20240405_194858_0010.jpg	/Users/bear/Documents/CoWork/bear-textbooks/books/art/extracted/ARTZIP/JPGNP1/JPGNP1/11_20240405_194858_0010.jpg	extracted
/Users/bear/Documents/CoWork/bear-textbooks/books/art/ARTZIP/JPGNP1.zip	JPGNP1/23_20240405_194859_0022.jpg	/Users/bear/Documents/CoWork/bear-textbooks/books/art/extracted/ARTZIP/JPGNP1/JPGNP1/23_20240405_194859_0022.jpg	extracted
/Users/bear/Documents/CoWork/bear-textbooks/books/art/ARTZIP/JPGNP1.zip	JPGNP1/28_20240405_194859_0027.jpg	/Users/bear/Documents/CoWork/bear-textbooks/books/art/extracted/ARTZIP/JPGNP1/JPGNP1/28_20240405_194859_0027.jpg	extracted
/Users/bear/Documents/CoWork/bear-textbooks/books/art/ARTZIP/JPGNP1.zip	JPGNP1/36_20240405_194900_0035.jpg	/Users/bear/Documents/CoWork/bear-textbooks/books/art/extracted/ARTZIP/JPGNP1/JPGNP1/36_20240405_194900_0035.jpg	extracted
/Users/bear/Documents/CoWork/bear-textbooks/books/art/ARTZIP/JPGNP1.zip	JPGNP1/14_20240405_194859_0013.jpg	/Users/bear/Documents/CoWork/bear-textbooks/books/art/extracted/ARTZIP/JPGNP1/JPGNP1/14_20240405_194859_0013.jpg	extracted
/Users/bear/Documents/CoWork/bear-textbooks/books/art/ARTZIP/JPGNP1.zip	JPGNP1/1_20240405_202745_0000.jpg	/Users/bear/Documents/CoWork/bear-textbooks/books/art/extracted/ARTZIP/JPGNP1/JPGNP1/1_20240405_202745_0000.jpg	extracted
/Users/bear/Documents/CoWork/bear-textbooks/books/art/ARTZIP/JPGNP1.zip	JPGNP1/3_20240405_194858_0002.jpg	/Users/bear/Documents/CoWork/bear-textbooks/books/art/extracted/ARTZIP/JPGNP1/JPGNP1/3_20240405_194858_0002.jpg	extracted
/Users/bear/Documents/CoWork/bear-textbooks/books/art/ARTZIP/JPGNP1.zip	JPGNP1/12_20240405_194859_0011.jpg	/Users/bear/Documents/CoWork/bear-textbooks/books/art/extracted/ARTZIP/JPGNP1/JPGNP1/12_20240405_194859_0011.jpg	extracted
/Users/bear/Documents/CoWork/bear-textbooks/books/art/ARTZIP/JPGNP1.zip	JPGNP1/8_20240405_194858_0007.jpg	/Users/bear/Documents/CoWork/bear-textbooks/books/art/extracted/ARTZIP/JPGNP1/JPGNP1/8_20240405_194858_0007.jpg	extracted
/Users/bear/Documents/CoWork/bear-textbooks/books/art/ARTZIP/JPGNP1.zip	JPGNP1/41_20240405_194900_0040.jpg	/Users/bear/Documents/CoWork/bear-textbooks/books/art/extracted/ARTZIP/JPGNP1/JPGNP1/41_20240405_194900_0040.jpg	extracted
/Users/bear/Documents/CoWork/bear-textbooks/books/art/ARTZIP/JPGNP1.zip	JPGNP1/4_20240405_194858_0003.jpg	/Users/bear/Documents/CoWork/bear-textbooks/books/art/extracted/ARTZIP/JPGNP1/JPGNP1/4_20240405_194858_0003.jpg	extracted
/Users/bear/Documents/CoWork/bear-textbooks/books/art/ARTZIP/JPGNP1.zip	JPGNP1/44_20240405_194900_0043.jpg	/Users/bear/Documents/CoWork/bear-textbooks/books/art/extracted/ARTZIP/JPGNP1/JPGNP1/44_20240405_194900_0043.jpg	extracted
/Users/bear/Documents/CoWork/bear-textbooks/books/art/ARTZIP/JPGNP1.zip	JPGNP1/24_20240405_194859_0023.jpg	/Users/bear/Documents/CoWork/bear-textbooks/books/art/extracted/ARTZIP/JPGNP1/JPGNP1/24_20240405_194859_0023.jpg	extracted
/Users/bear/Documents/CoWork/bear-textbooks/books/art/ARTZIP/JPGNP1.zip	JPGNP1/39_20240405_194900_0038.jpg	/Users/bear/Documents/CoWork/bear-textbooks/books/art/extracted/ARTZIP/JPGNP1/JPGNP1/39_20240405_194900_0038.jpg	extracted
/Users/bear/Documents/CoWork/bear-textbooks/books/art/ARTZIP/JPGNP1.zip	JPGNP1/16_20240405_194859_0015.jpg	/Users/bear/Documents/CoWork/bear-textbooks/books/art/extracted/ARTZIP/JPGNP1/JPGNP1/16_20240405_194859_0015.jpg	extracted
/Users/bear/Documents/CoWork/bear-textbooks/books/art/ARTZIP/JPGNP1.zip	JPGNP1/6_20240405_194858_0005.jpg	/Users/bear/Documents/CoWork/bear-textbooks/books/art/extracted/ARTZIP/JPGNP1/JPGNP1/6_20240405_194858_0005.jpg	extracted
/Users/bear/Documents/CoWork/bear-textbooks/books/art/ARTZIP/JPGNP1.zip	JPGNP1/27_20240405_194859_0026.jpg	/Users/bear/Documents/CoWork/bear-textbooks/books/art/extracted/ARTZIP/JPGNP1/JPGNP1/27_20240405_194859_0026.jpg	extracted
/Users/bear/Documents/CoWork/bear-textbooks/books/art/ARTZIP/JPGNP1.zip	JPGNP1/37_20240405_194900_0036.jpg	/Users/bear/Documents/CoWork/bear-textbooks/books/art/extracted/ARTZIP/JPGNP1/JPGNP1/37_20240405_194900_0036.jpg	extracted
/Users/bear/Documents/CoWork/bear-textbooks/books/art/ARTZIP/JPGNP1.zip	JPGNP1/2_20240405_194857_0001.jpg	/Users/bear/Documents/CoWork/bear-textbooks/books/art/extracted/ARTZIP/JPGNP1/JPGNP1/2_20240405_194857_0001.jpg	extracted
/Users/bear/Documents/CoWork/bear-textbooks/books/art/ARTZIP/JPGNP1.zip	JPGNP1/13_20240405_194859_0012.jpg	/Users/bear/Documents/CoWork/bear-textbooks/books/art/extracted/ARTZIP/JPGNP1/JPGNP1/13_20240405_194859_0012.jpg	extracted
/Users/bear/Documents/CoWork/bear-textbooks/books/art/ARTZIP/JPGNP1.zip	JPGNP1/1_20240405_194857_0000.jpg	/Users/bear/Documents/CoWork/bear-textbooks/books/art/extracted/ARTZIP/JPGNP1/JPGNP1/1_20240405_194857_0000.jpg	extracted
/Users/bear/Documents/CoWork/bear-textbooks/books/art/ARTZIP/JPGNP1.zip	JPGNP1/26_20240405_194859_0025.jpg	/Users/bear/Documents/CoWork/bear-textbooks/books/art/extracted/ARTZIP/JPGNP1/JPGNP1/26_20240405_194859_0025.jpg	extracted
/Users/bear/Documents/CoWork/bear-textbooks/books/art/ARTZIP/JPGNP1.zip	JPGNP1/21_20240405_194859_0020.jpg	/Users/bear/Documents/CoWork/bear-textbooks/books/art/extracted/ARTZIP/JPGNP1/JPGNP1/21_20240405_194859_0020.jpg	extracted
/Users/bear/Documents/CoWork/bear-textbooks/books/art/ARTZIP/JPGNP1.zip	JPGNP1/25_20240405_194859_0024.jpg	/Users/bear/Documents/CoWork/bear-textbooks/books/art/extracted/ARTZIP/JPGNP1/JPGNP1/25_20240405_194859_0024.jpg	extracted
/Users/bear/Documents/CoWork/bear-textbooks/books/art/ARTZIP/JPGNP1.zip	JPGNP1/42_20240405_194900_0041.jpg	/Users/bear/Documents/CoWork/bear-textbooks/books/art/extracted/ARTZIP/JPGNP1/JPGNP1/42_20240405_194900_0041.jpg	extracted
/Users/bear/Documents/CoWork/bear-textbooks/books/art/ARTZIP/JPGNP1.zip	JPGNP1/7_20240405_194858_0006.jpg	/Users/bear/Documents/CoWork/bear-textbooks/books/art/extracted/ARTZIP/JPGNP1/JPGNP1/7_20240405_194858_0006.jpg	extracted
/Users/bear/Documents/CoWork/bear-textbooks/books/art/ARTZIP/JPGNP1.zip	JPGNP1/19_20240405_194859_0018.jpg	/Users/bear/Documents/CoWork/bear-textbooks/books/art/extracted/ARTZIP/JPGNP1/JPGNP1/19_20240405_194859_0018.jpg	extracted
/Users/bear/Documents/CoWork/bear-textbooks/books/art/ARTZIP/JPGNP1.zip	JPGNP1/48_20240405_194900_0047.jpg	/Users/bear/Documents/CoWork/bear-textbooks/books/art/extracted/ARTZIP/JPGNP1/JPGNP1/48_20240405_194900_0047.jpg	extracted
/Users/bear/Documents/CoWork/bear-textbooks/books/art/ARTZIP/JPGNP1.zip	JPGNP1/22_20240405_194859_0021.jpg	/Users/bear/Documents/CoWork/bear-textbooks/books/art/extracted/ARTZIP/JPGNP1/JPGNP1/22_20240405_194859_0021.jpg	extracted
/Users/bear/Documents/CoWork/bear-textbooks/books/art/ARTZIP/JPGNP1.zip	JPGNP1/30_20240405_194859_0029.jpg	/Users/bear/Documents/CoWork/bear-textbooks/books/art/extracted/ARTZIP/JPGNP1/JPGNP1/30_20240405_194859_0029.jpg	extracted
/Users/bear/Documents/CoWork/bear-textbooks/books/art/ARTZIP/JPGNP2.zip	JPGNP2/46_20240405_200817_0045.jpg	/Users/bear/Documents/CoWork/bear-textbooks/books/art/extracted/ARTZIP/JPGNP2/JPGNP2/46_20240405_200817_0045.jpg	extracted
/Users/bear/Documents/CoWork/bear-textbooks/books/art/ARTZIP/JPGNP2.zip	JPGNP2/12_20240405_200816_0011.jpg	/Users/bear/Documents/CoWork/bear-textbooks/books/art/extracted/ARTZIP/JPGNP2/JPGNP2/12_20240405_200816_0011.jpg	extracted
/Users/bear/Documents/CoWork/bear-textbooks/books/art/ARTZIP/JPGNP2.zip	JPGNP2/15_20240405_200816_0014.jpg	/Users/bear/Documents/CoWork/bear-textbooks/books/art/extracted/ARTZIP/JPGNP2/JPGNP2/15_20240405_200816_0014.jpg	extracted
/Users/bear/Documents/CoWork/bear-textbooks/books/art/ARTZIP/JPGNP2.zip	JPGNP2/20_20240405_200816_0019.jpg	/Users/bear/Documents/CoWork/bear-textbooks/books/art/extracted/ARTZIP/JPGNP2/JPGNP2/20_20240405_200816_0019.jpg	extracted
/Users/bear/Documents/CoWork/bear-textbooks/books/art/ARTZIP/JPGNP2.zip	JPGNP2/16_20240405_200816_0015.jpg	/Users/bear/Documents/CoWork/bear-textbooks/books/art/extracted/ARTZIP/JPGNP2/JPGNP2/16_20240405_200816_0015.jpg	extracted
/Users/bear/Documents/CoWork/bear-textbooks/books/art/ARTZIP/JPGNP2.zip	JPGNP2/45_20240405_200817_0044.jpg	/Users/bear/Documents/CoWork/bear-textbooks/books/art/extracted/ARTZIP/JPGNP2/JPGNP2/45_20240405_200817_0044.jpg	extracted
/Users/bear/Documents/CoWork/bear-textbooks/books/art/ARTZIP/JPGNP2.zip	JPGNP2/22_20240405_200816_0021.jpg	/Users/bear/Documents/CoWork/bear-textbooks/books/art/extracted/ARTZIP/JPGNP2/JPGNP2/22_20240405_200816_0021.jpg	extracted
/Users/bear/Documents/CoWork/bear-textbooks/books/art/ARTZIP/JPGNP2.zip	JPGNP2/11_20240405_200816_0010.jpg	/Users/bear/Documents/CoWork/bear-textbooks/books/art/extracted/ARTZIP/JPGNP2/JPGNP2/11_20240405_200816_0010.jpg	extracted
/Users/bear/Documents/CoWork/bear-textbooks/books/art/ARTZIP/JPGNP2.zip	JPGNP2/2_20240405_202745_0001.jpg	/Users/bear/Documents/CoWork/bear-textbooks/books/art/extracted/ARTZIP/JPGNP2/JPGNP2/2_20240405_202745_0001.jpg	extracted
/Users/bear/Documents/CoWork/bear-textbooks/books/art/ARTZIP/JPGNP2.zip	JPGNP2/13_20240405_200816_0012.jpg	/Users/bear/Documents/CoWork/bear-textbooks/books/art/extracted/ARTZIP/JPGNP2/JPGNP2/13_20240405_200816_0012.jpg	extracted
/Users/bear/Documents/CoWork/bear-textbooks/books/art/ARTZIP/JPGNP2.zip	JPGNP2/3_20240405_200816_0002.jpg	/Users/bear/Documents/CoWork/bear-textbooks/books/art/extracted/ARTZIP/JPGNP2/JPGNP2/3_20240405_200816_0002.jpg	extracted
/Users/bear/Documents/CoWork/bear-textbooks/books/art/ARTZIP/JPGNP2.zip	JPGNP2/21_20240405_200816_0020.jpg	/Users/bear/Documents/CoWork/bear-textbooks/books/art/extracted/ARTZIP/JPGNP2/JPGNP2/21_20240405_200816_0020.jpg	extracted
/Users/bear/Documents/CoWork/bear-textbooks/books/art/ARTZIP/JPGNP2.zip	JPGNP2/14_20240405_200816_0013.jpg	/Users/bear/Documents/CoWork/bear-textbooks/books/art/extracted/ARTZIP/JPGNP2/JPGNP2/14_20240405_200816_0013.jpg	extracted
/Users/bear/Documents/CoWork/bear-textbooks/books/art/ARTZIP/JPGNP2.zip	JPGNP2/36_20240405_200817_0035.jpg	/Users/bear/Documents/CoWork/bear-textbooks/books/art/extracted/ARTZIP/JPGNP2/JPGNP2/36_20240405_200817_0035.jpg	extracted
/Users/bear/Documents/CoWork/bear-textbooks/books/art/ARTZIP/JPGNP2.zip	JPGNP2/Untitled design_20240405_201033_0000.jpg	/Users/bear/Documents/CoWork/bear-textbooks/books/art/extracted/ARTZIP/JPGNP2/JPGNP2/Untitled design_20240405_201033_0000.jpg	extracted
/Users/bear/Documents/CoWork/bear-textbooks/books/art/ARTZIP/JPGNP2.zip	JPGNP2/6_20240405_200816_0005.jpg	/Users/bear/Documents/CoWork/bear-textbooks/books/art/extracted/ARTZIP/JPGNP2/JPGNP2/6_20240405_200816_0005.jpg	extracted
/Users/bear/Documents/CoWork/bear-textbooks/books/art/ARTZIP/JPGNP2.zip	JPGNP2/8_20240405_200816_0007.jpg	/Users/bear/Documents/CoWork/bear-textbooks/books/art/extracted/ARTZIP/JPGNP2/JPGNP2/8_20240405_200816_0007.jpg	extracted
/Users/bear/Documents/CoWork/bear-textbooks/books/art/ARTZIP/JPGNP2.zip	JPGNP2/30_20240405_200816_0029.jpg	/Users/bear/Documents/CoWork/bear-textbooks/books/art/extracted/ARTZIP/JPGNP2/JPGNP2/30_20240405_200816_0029.jpg	extracted
/Users/bear/Documents/CoWork/bear-textbooks/books/art/ARTZIP/JPGNP2.zip	JPGNP2/35_20240405_200816_0034.jpg	/Users/bear/Documents/CoWork/bear-textbooks/books/art/extracted/ARTZIP/JPGNP2/JPGNP2/35_20240405_200816_0034.jpg	extracted
/Users/bear/Documents/CoWork/bear-textbooks/books/art/ARTZIP/JPGNP2.zip	JPGNP2/5_20240405_200816_0004.jpg	/Users/bear/Documents/CoWork/bear-textbooks/books/art/extracted/ARTZIP/JPGNP2/JPGNP2/5_20240405_200816_0004.jpg	extracted
/Users/bear/Documents/CoWork/bear-textbooks/books/art/ARTZIP/JPGNP2.zip	JPGNP2/42_20240405_200817_0041.jpg	/Users/bear/Documents/CoWork/bear-textbooks/books/art/extracted/ARTZIP/JPGNP2/JPGNP2/42_20240405_200817_0041.jpg	extracted
/Users/bear/Documents/CoWork/bear-textbooks/books/art/ARTZIP/JPGNP2.zip	JPGNP2/47_20240405_200817_0046.jpg	/Users/bear/Documents/CoWork/bear-textbooks/books/art/extracted/ARTZIP/JPGNP2/JPGNP2/47_20240405_200817_0046.jpg	extracted
/Users/bear/Documents/CoWork/bear-textbooks/books/art/ARTZIP/JPGNP2.zip	JPGNP2/7_20240405_200816_0006.jpg	/Users/bear/Documents/CoWork/bear-textbooks/books/art/extracted/ARTZIP/JPGNP2/JPGNP2/7_20240405_200816_0006.jpg	extracted
/Users/bear/Documents/CoWork/bear-textbooks/books/art/ARTZIP/JPGNP2.zip	JPGNP2/23_20240405_200816_0022.jpg	/Users/bear/Documents/CoWork/bear-textbooks/books/art/extracted/ARTZIP/JPGNP2/JPGNP2/23_20240405_200816_0022.jpg	extracted
/Users/bear/Documents/CoWork/bear-textbooks/books/art/ARTZIP/JPGNP2.zip	JPGNP2/25_20240405_200816_0024.jpg	/Users/bear/Documents/CoWork/bear-textbooks/books/art/extracted/ARTZIP/JPGNP2/JPGNP2/25_20240405_200816_0024.jpg	extracted
/Users/bear/Documents/CoWork/bear-textbooks/books/art/ARTZIP/JPGNP2.zip	JPGNP2/37_20240405_200817_0036.jpg	/Users/bear/Documents/CoWork/bear-textbooks/books/art/extracted/ARTZIP/JPGNP2/JPGNP2/37_20240405_200817_0036.jpg	extracted
/Users/bear/Documents/CoWork/bear-textbooks/books/art/ARTZIP/JPGNP2.zip	JPGNP2/19_20240405_200816_0018.jpg	/Users/bear/Documents/CoWork/bear-textbooks/books/art/extracted/ARTZIP/JPGNP2/JPGNP2/19_20240405_200816_0018.jpg	extracted
/Users/bear/Documents/CoWork/bear-textbooks/books/art/ARTZIP/JPGNP2.zip	JPGNP2/24_20240405_200816_0023.jpg	/Users/bear/Documents/CoWork/bear-textbooks/books/art/extracted/ARTZIP/JPGNP2/JPGNP2/24_20240405_200816_0023.jpg	extracted
/Users/bear/Documents/CoWork/bear-textbooks/books/art/ARTZIP/JPGNP2.zip	JPGNP2/38_20240405_200817_0037.jpg	/Users/bear/Documents/CoWork/bear-textbooks/books/art/extracted/ARTZIP/JPGNP2/JPGNP2/38_20240405_200817_0037.jpg	extracted
/Users/bear/Documents/CoWork/bear-textbooks/books/art/ARTZIP/JPGNP2.zip	JPGNP2/26_20240405_200816_0025.jpg	/Users/bear/Documents/CoWork/bear-textbooks/books/art/extracted/ARTZIP/JPGNP2/JPGNP2/26_20240405_200816_0025.jpg	extracted
/Users/bear/Documents/CoWork/bear-textbooks/books/art/ARTZIP/JPGNP2.zip	JPGNP2/29_20240405_200816_0028.jpg	/Users/bear/Documents/CoWork/bear-textbooks/books/art/extracted/ARTZIP/JPGNP2/JPGNP2/29_20240405_200816_0028.jpg	extracted
/Users/bear/Documents/CoWork/bear-textbooks/books/art/ARTZIP/JPGNP2.zip	JPGNP2/31_20240405_200816_0030.jpg	/Users/bear/Documents/CoWork/bear-textbooks/books/art/extracted/ARTZIP/JPGNP2/JPGNP2/31_20240405_200816_0030.jpg	extracted
/Users/bear/Documents/CoWork/bear-textbooks/books/art/ARTZIP/JPGNP2.zip	JPGNP2/48_20240405_200817_0047.jpg	/Users/bear/Documents/CoWork/bear-textbooks/books/art/extracted/ARTZIP/JPGNP2/JPGNP2/48_20240405_200817_0047.jpg	extracted
/Users/bear/Documents/CoWork/bear-textbooks/books/art/ARTZIP/JPGNP2.zip	JPGNP2/33_20240405_200816_0032.jpg	/Users/bear/Documents/CoWork/bear-textbooks/books/art/extracted/ARTZIP/JPGNP2/JPGNP2/33_20240405_200816_0032.jpg	extracted
/Users/bear/Documents/CoWork/bear-textbooks/books/art/ARTZIP/JPGNP2.zip	JPGNP2/17_20240405_200816_0016.jpg	/Users/bear/Documents/CoWork/bear-textbooks/books/art/extracted/ARTZIP/JPGNP2/JPGNP2/17_20240405_200816_0016.jpg	extracted
/Users/bear/Documents/CoWork/bear-textbooks/books/art/ARTZIP/JPGNP2.zip	JPGNP2/41_20240405_200817_0040.jpg	/Users/bear/Documents/CoWork/bear-textbooks/books/art/extracted/ARTZIP/JPGNP2/JPGNP2/41_20240405_200817_0040.jpg	extracted
/Users/bear/Documents/CoWork/bear-textbooks/books/art/ARTZIP/JPGNP2.zip	JPGNP2/1_20240405_200815_0000.jpg	/Users/bear/Documents/CoWork/bear-textbooks/books/art/extracted/ARTZIP/JPGNP2/JPGNP2/1_20240405_200815_0000.jpg	extracted
/Users/bear/Documents/CoWork/bear-textbooks/books/art/ARTZIP/JPGNP2.zip	JPGNP2/43_20240405_200817_0042.jpg	/Users/bear/Documents/CoWork/bear-textbooks/books/art/extracted/ARTZIP/JPGNP2/JPGNP2/43_20240405_200817_0042.jpg	extracted
/Users/bear/Documents/CoWork/bear-textbooks/books/art/ARTZIP/JPGNP2.zip	JPGNP2/5_20240405_202745_0004.jpg	/Users/bear/Documents/CoWork/bear-textbooks/books/art/extracted/ARTZIP/JPGNP2/JPGNP2/5_20240405_202745_0004.jpg	extracted
/Users/bear/Documents/CoWork/bear-textbooks/books/art/ARTZIP/JPGNP2.zip	JPGNP2/9_20240405_200816_0008.jpg	/Users/bear/Documents/CoWork/bear-textbooks/books/art/extracted/ARTZIP/JPGNP2/JPGNP2/9_20240405_200816_0008.jpg	extracted
/Users/bear/Documents/CoWork/bear-textbooks/books/art/ARTZIP/JPGNP2.zip	JPGNP2/44_20240405_200817_0043.jpg	/Users/bear/Documents/CoWork/bear-textbooks/books/art/extracted/ARTZIP/JPGNP2/JPGNP2/44_20240405_200817_0043.jpg	extracted
/Users/bear/Documents/CoWork/bear-textbooks/books/art/ARTZIP/JPGNP2.zip	JPGNP2/4_20240405_200816_0003.jpg	/Users/bear/Documents/CoWork/bear-textbooks/books/art/extracted/ARTZIP/JPGNP2/JPGNP2/4_20240405_200816_0003.jpg	extracted
/Users/bear/Documents/CoWork/bear-textbooks/books/art/ARTZIP/JPGNP2.zip	JPGNP2/49_20240405_200817_0048.jpg	/Users/bear/Documents/CoWork/bear-textbooks/books/art/extracted/ARTZIP/JPGNP2/JPGNP2/49_20240405_200817_0048.jpg	extracted
/Users/bear/Documents/CoWork/bear-textbooks/books/art/ARTZIP/JPGNP2.zip	JPGNP2/10_20240405_200816_0009.jpg	/Users/bear/Documents/CoWork/bear-textbooks/books/art/extracted/ARTZIP/JPGNP2/JPGNP2/10_20240405_200816_0009.jpg	extracted
/Users/bear/Documents/CoWork/bear-textbooks/books/art/ARTZIP/JPGNP2.zip	JPGNP2/32_20240405_200816_0031.jpg	/Users/bear/Documents/CoWork/bear-textbooks/books/art/extracted/ARTZIP/JPGNP2/JPGNP2/32_20240405_200816_0031.jpg	extracted
/Users/bear/Documents/CoWork/bear-textbooks/books/art/ARTZIP/JPGNP2.zip	JPGNP2/40_20240405_200817_0039.jpg	/Users/bear/Documents/CoWork/bear-textbooks/books/art/extracted/ARTZIP/JPGNP2/JPGNP2/40_20240405_200817_0039.jpg	extracted
/Users/bear/Documents/CoWork/bear-textbooks/books/art/ARTZIP/JPGNP2.zip	JPGNP2/39_20240405_200817_0038.jpg	/Users/bear/Documents/CoWork/bear-textbooks/books/art/extracted/ARTZIP/JPGNP2/JPGNP2/39_20240405_200817_0038.jpg	extracted
/Users/bear/Documents/CoWork/bear-textbooks/books/art/ARTZIP/JPGNP2.zip	JPGNP2/2_20240405_200815_0001.jpg	/Users/bear/Documents/CoWork/bear-textbooks/books/art/extracted/ARTZIP/JPGNP2/JPGNP2/2_20240405_200815_0001.jpg	extracted
/Users/bear/Documents/CoWork/bear-textbooks/books/art/ARTZIP/JPGNP2.zip	JPGNP2/28_20240405_200816_0027.jpg	/Users/bear/Documents/CoWork/bear-textbooks/books/art/extracted/ARTZIP/JPGNP2/JPGNP2/28_20240405_200816_0027.jpg	extracted
/Users/bear/Documents/CoWork/bear-textbooks/books/art/ARTZIP/JPGNP2.zip	JPGNP2/18_20240405_200816_0017.jpg	/Users/bear/Documents/CoWork/bear-textbooks/books/art/extracted/ARTZIP/JPGNP2/JPGNP2/18_20240405_200816_0017.jpg	extracted
/Users/bear/Documents/CoWork/bear-textbooks/books/art/ARTZIP/JPGNP2.zip	JPGNP2/34_20240405_200816_0033.jpg	/Users/bear/Documents/CoWork/bear-textbooks/books/art/extracted/ARTZIP/JPGNP2/JPGNP2/34_20240405_200816_0033.jpg	extracted
/Users/bear/Documents/CoWork/bear-textbooks/books/art/ARTZIP/JPGNP3.zip	JPGNP3/22_20240405_201636_0021.jpg	/Users/bear/Documents/CoWork/bear-textbooks/books/art/extracted/ARTZIP/JPGNP3/JPGNP3/22_20240405_201636_0021.jpg	extracted
/Users/bear/Documents/CoWork/bear-textbooks/books/art/ARTZIP/JPGNP3.zip	JPGNP3/35_20240405_201636_0034.jpg	/Users/bear/Documents/CoWork/bear-textbooks/books/art/extracted/ARTZIP/JPGNP3/JPGNP3/35_20240405_201636_0034.jpg	extracted
/Users/bear/Documents/CoWork/bear-textbooks/books/art/ARTZIP/JPGNP3.zip	JPGNP3/28_20240405_201636_0027.jpg	/Users/bear/Documents/CoWork/bear-textbooks/books/art/extracted/ARTZIP/JPGNP3/JPGNP3/28_20240405_201636_0027.jpg	extracted
/Users/bear/Documents/CoWork/bear-textbooks/books/art/ARTZIP/JPGNP3.zip	JPGNP3/26_20240405_201636_0025.jpg	/Users/bear/Documents/CoWork/bear-textbooks/books/art/extracted/ARTZIP/JPGNP3/JPGNP3/26_20240405_201636_0025.jpg	extracted
/Users/bear/Documents/CoWork/bear-textbooks/books/art/ARTZIP/JPGNP3.zip	JPGNP3/23_20240405_201636_0022.jpg	/Users/bear/Documents/CoWork/bear-textbooks/books/art/extracted/ARTZIP/JPGNP3/JPGNP3/23_20240405_201636_0022.jpg	extracted
/Users/bear/Documents/CoWork/bear-textbooks/books/art/ARTZIP/JPGNP3.zip	JPGNP3/2_20240405_201635_0001.jpg	/Users/bear/Documents/CoWork/bear-textbooks/books/art/extracted/ARTZIP/JPGNP3/JPGNP3/2_20240405_201635_0001.jpg	extracted
/Users/bear/Documents/CoWork/bear-textbooks/books/art/ARTZIP/JPGNP3.zip	JPGNP3/25_20240405_201636_0024.jpg	/Users/bear/Documents/CoWork/bear-textbooks/books/art/extracted/ARTZIP/JPGNP3/JPGNP3/25_20240405_201636_0024.jpg	extracted
/Users/bear/Documents/CoWork/bear-textbooks/books/art/ARTZIP/JPGNP3.zip	JPGNP3/6_20240405_201636_0005.jpg	/Users/bear/Documents/CoWork/bear-textbooks/books/art/extracted/ARTZIP/JPGNP3/JPGNP3/6_20240405_201636_0005.jpg	extracted
/Users/bear/Documents/CoWork/bear-textbooks/books/art/ARTZIP/JPGNP3.zip	JPGNP3/39_20240405_201637_0038.jpg	/Users/bear/Documents/CoWork/bear-textbooks/books/art/extracted/ARTZIP/JPGNP3/JPGNP3/39_20240405_201637_0038.jpg	extracted
/Users/bear/Documents/CoWork/bear-textbooks/books/art/ARTZIP/JPGNP3.zip	JPGNP3/3_20240405_202745_0002.jpg	/Users/bear/Documents/CoWork/bear-textbooks/books/art/extracted/ARTZIP/JPGNP3/JPGNP3/3_20240405_202745_0002.jpg	extracted
/Users/bear/Documents/CoWork/bear-textbooks/books/art/ARTZIP/JPGNP3.zip	JPGNP3/17_20240405_201636_0016.jpg	/Users/bear/Documents/CoWork/bear-textbooks/books/art/extracted/ARTZIP/JPGNP3/JPGNP3/17_20240405_201636_0016.jpg	extracted
/Users/bear/Documents/CoWork/bear-textbooks/books/art/ARTZIP/JPGNP3.zip	JPGNP3/1_20240405_201635_0000.jpg	/Users/bear/Documents/CoWork/bear-textbooks/books/art/extracted/ARTZIP/JPGNP3/JPGNP3/1_20240405_201635_0000.jpg	extracted
/Users/bear/Documents/CoWork/bear-textbooks/books/art/ARTZIP/JPGNP3.zip	JPGNP3/33_20240405_201636_0032.jpg	/Users/bear/Documents/CoWork/bear-textbooks/books/art/extracted/ARTZIP/JPGNP3/JPGNP3/33_20240405_201636_0032.jpg	extracted
/Users/bear/Documents/CoWork/bear-textbooks/books/art/ARTZIP/JPGNP3.zip	JPGNP3/30_20240405_201636_0029.jpg	/Users/bear/Documents/CoWork/bear-textbooks/books/art/extracted/ARTZIP/JPGNP3/JPGNP3/30_20240405_201636_0029.jpg	extracted
/Users/bear/Documents/CoWork/bear-textbooks/books/art/ARTZIP/JPGNP3.zip	JPGNP3/50_20240405_201637_0049.jpg	/Users/bear/Documents/CoWork/bear-textbooks/books/art/extracted/ARTZIP/JPGNP3/JPGNP3/50_20240405_201637_0049.jpg	extracted
/Users/bear/Documents/CoWork/bear-textbooks/books/art/ARTZIP/JPGNP3.zip	JPGNP3/8_20240405_201636_0007.jpg	/Users/bear/Documents/CoWork/bear-textbooks/books/art/extracted/ARTZIP/JPGNP3/JPGNP3/8_20240405_201636_0007.jpg	extracted
/Users/bear/Documents/CoWork/bear-textbooks/books/art/ARTZIP/JPGNP3.zip	JPGNP3/40_20240405_201637_0039.jpg	/Users/bear/Documents/CoWork/bear-textbooks/books/art/extracted/ARTZIP/JPGNP3/JPGNP3/40_20240405_201637_0039.jpg	extracted
/Users/bear/Documents/CoWork/bear-textbooks/books/art/ARTZIP/JPGNP3.zip	JPGNP3/24_20240405_201636_0023.jpg	/Users/bear/Documents/CoWork/bear-textbooks/books/art/extracted/ARTZIP/JPGNP3/JPGNP3/24_20240405_201636_0023.jpg	extracted
/Users/bear/Documents/CoWork/bear-textbooks/books/art/ARTZIP/JPGNP3.zip	JPGNP3/49_20240405_201637_0048.jpg	/Users/bear/Documents/CoWork/bear-textbooks/books/art/extracted/ARTZIP/JPGNP3/JPGNP3/49_20240405_201637_0048.jpg	extracted
/Users/bear/Documents/CoWork/bear-textbooks/books/art/ARTZIP/JPGNP3.zip	JPGNP3/44_20240405_201637_0043.jpg	/Users/bear/Documents/CoWork/bear-textbooks/books/art/extracted/ARTZIP/JPGNP3/JPGNP3/44_20240405_201637_0043.jpg	extracted
/Users/bear/Documents/CoWork/bear-textbooks/books/art/ARTZIP/JPGNP3.zip	JPGNP3/9_20240405_201636_0008.jpg	/Users/bear/Documents/CoWork/bear-textbooks/books/art/extracted/ARTZIP/JPGNP3/JPGNP3/9_20240405_201636_0008.jpg	extracted
/Users/bear/Documents/CoWork/bear-textbooks/books/art/ARTZIP/JPGNP3.zip	JPGNP3/41_20240405_201637_0040.jpg	/Users/bear/Documents/CoWork/bear-textbooks/books/art/extracted/ARTZIP/JPGNP3/JPGNP3/41_20240405_201637_0040.jpg	extracted
/Users/bear/Documents/CoWork/bear-textbooks/books/art/ARTZIP/JPGNP3.zip	JPGNP3/47_20240405_201637_0046.jpg	/Users/bear/Documents/CoWork/bear-textbooks/books/art/extracted/ARTZIP/JPGNP3/JPGNP3/47_20240405_201637_0046.jpg	extracted
/Users/bear/Documents/CoWork/bear-textbooks/books/art/ARTZIP/JPGNP3.zip	JPGNP3/19_20240405_201636_0018.jpg	/Users/bear/Documents/CoWork/bear-textbooks/books/art/extracted/ARTZIP/JPGNP3/JPGNP3/19_20240405_201636_0018.jpg	extracted
/Users/bear/Documents/CoWork/bear-textbooks/books/art/ARTZIP/JPGNP3.zip	JPGNP3/16_20240405_201636_0015.jpg	/Users/bear/Documents/CoWork/bear-textbooks/books/art/extracted/ARTZIP/JPGNP3/JPGNP3/16_20240405_201636_0015.jpg	extracted
/Users/bear/Documents/CoWork/bear-textbooks/books/art/ARTZIP/JPGNP3.zip	JPGNP3/31_20240405_201636_0030.jpg	/Users/bear/Documents/CoWork/bear-textbooks/books/art/extracted/ARTZIP/JPGNP3/JPGNP3/31_20240405_201636_0030.jpg	extracted
/Users/bear/Documents/CoWork/bear-textbooks/books/art/ARTZIP/JPGNP3.zip	JPGNP3/43_20240405_201637_0042.jpg	/Users/bear/Documents/CoWork/bear-textbooks/books/art/extracted/ARTZIP/JPGNP3/JPGNP3/43_20240405_201637_0042.jpg	extracted
/Users/bear/Documents/CoWork/bear-textbooks/books/art/ARTZIP/JPGNP3.zip	JPGNP3/11_20240405_201636_0010.jpg	/Users/bear/Documents/CoWork/bear-textbooks/books/art/extracted/ARTZIP/JPGNP3/JPGNP3/11_20240405_201636_0010.jpg	extracted
/Users/bear/Documents/CoWork/bear-textbooks/books/art/ARTZIP/JPGNP3.zip	JPGNP3/18_20240405_201636_0017.jpg	/Users/bear/Documents/CoWork/bear-textbooks/books/art/extracted/ARTZIP/JPGNP3/JPGNP3/18_20240405_201636_0017.jpg	extracted
/Users/bear/Documents/CoWork/bear-textbooks/books/art/ARTZIP/JPGNP3.zip	JPGNP3/36_20240405_201636_0035.jpg	/Users/bear/Documents/CoWork/bear-textbooks/books/art/extracted/ARTZIP/JPGNP3/JPGNP3/36_20240405_201636_0035.jpg	extracted
/Users/bear/Documents/CoWork/bear-textbooks/books/art/ARTZIP/JPGNP3.zip	JPGNP3/32_20240405_201636_0031.jpg	/Users/bear/Documents/CoWork/bear-textbooks/books/art/extracted/ARTZIP/JPGNP3/JPGNP3/32_20240405_201636_0031.jpg	extracted
/Users/bear/Documents/CoWork/bear-textbooks/books/art/ARTZIP/JPGNP3.zip	JPGNP3/12_20240405_201636_0011.jpg	/Users/bear/Documents/CoWork/bear-textbooks/books/art/extracted/ARTZIP/JPGNP3/JPGNP3/12_20240405_201636_0011.jpg	extracted
/Users/bear/Documents/CoWork/bear-textbooks/books/art/ARTZIP/JPGNP3.zip	JPGNP3/13_20240405_201636_0012.jpg	/Users/bear/Documents/CoWork/bear-textbooks/books/art/extracted/ARTZIP/JPGNP3/JPGNP3/13_20240405_201636_0012.jpg	extracted
/Users/bear/Documents/CoWork/bear-textbooks/books/art/ARTZIP/JPGNP3.zip	JPGNP3/48_20240405_201637_0047.jpg	/Users/bear/Documents/CoWork/bear-textbooks/books/art/extracted/ARTZIP/JPGNP3/JPGNP3/48_20240405_201637_0047.jpg	extracted
/Users/bear/Documents/CoWork/bear-textbooks/books/art/ARTZIP/JPGNP3.zip	JPGNP3/10_20240405_201636_0009.jpg	/Users/bear/Documents/CoWork/bear-textbooks/books/art/extracted/ARTZIP/JPGNP3/JPGNP3/10_20240405_201636_0009.jpg	extracted
/Users/bear/Documents/CoWork/bear-textbooks/books/art/ARTZIP/JPGNP3.zip	JPGNP3/4_20240405_201636_0003.jpg	/Users/bear/Documents/CoWork/bear-textbooks/books/art/extracted/ARTZIP/JPGNP3/JPGNP3/4_20240405_201636_0003.jpg	extracted
/Users/bear/Documents/CoWork/bear-textbooks/books/art/ARTZIP/JPGNP3.zip	JPGNP3/21_20240405_201636_0020.jpg	/Users/bear/Documents/CoWork/bear-textbooks/books/art/extracted/ARTZIP/JPGNP3/JPGNP3/21_20240405_201636_0020.jpg	extracted
/Users/bear/Documents/CoWork/bear-textbooks/books/art/ARTZIP/JPGNP3.zip	JPGNP3/14_20240405_201636_0013.jpg	/Users/bear/Documents/CoWork/bear-textbooks/books/art/extracted/ARTZIP/JPGNP3/JPGNP3/14_20240405_201636_0013.jpg	extracted
/Users/bear/Documents/CoWork/bear-textbooks/books/art/ARTZIP/JPGNP3.zip	JPGNP3/38_20240405_201637_0037.jpg	/Users/bear/Documents/CoWork/bear-textbooks/books/art/extracted/ARTZIP/JPGNP3/JPGNP3/38_20240405_201637_0037.jpg	extracted
/Users/bear/Documents/CoWork/bear-textbooks/books/art/ARTZIP/JPGNP3.zip	JPGNP3/37_20240405_201637_0036.jpg	/Users/bear/Documents/CoWork/bear-textbooks/books/art/extracted/ARTZIP/JPGNP3/JPGNP3/37_20240405_201637_0036.jpg	extracted
/Users/bear/Documents/CoWork/bear-textbooks/books/art/ARTZIP/JPGNP3.zip	JPGNP3/15_20240405_201636_0014.jpg	/Users/bear/Documents/CoWork/bear-textbooks/books/art/extracted/ARTZIP/JPGNP3/JPGNP3/15_20240405_201636_0014.jpg	extracted
/Users/bear/Documents/CoWork/bear-textbooks/books/art/ARTZIP/JPGNP3.zip	JPGNP3/5_20240405_201636_0004.jpg	/Users/bear/Documents/CoWork/bear-textbooks/books/art/extracted/ARTZIP/JPGNP3/JPGNP3/5_20240405_201636_0004.jpg	extracted
/Users/bear/Documents/CoWork/bear-textbooks/books/art/ARTZIP/JPGNP3.zip	JPGNP3/45_20240405_201637_0044.jpg	/Users/bear/Documents/CoWork/bear-textbooks/books/art/extracted/ARTZIP/JPGNP3/JPGNP3/45_20240405_201637_0044.jpg	extracted
/Users/bear/Documents/CoWork/bear-textbooks/books/art/ARTZIP/JPGNP3.zip	JPGNP3/29_20240405_201636_0028.jpg	/Users/bear/Documents/CoWork/bear-textbooks/books/art/extracted/ARTZIP/JPGNP3/JPGNP3/29_20240405_201636_0028.jpg	extracted
/Users/bear/Documents/CoWork/bear-textbooks/books/art/ARTZIP/JPGNP3.zip	JPGNP3/7_20240405_201636_0006.jpg	/Users/bear/Documents/CoWork/bear-textbooks/books/art/extracted/ARTZIP/JPGNP3/JPGNP3/7_20240405_201636_0006.jpg	extracted
/Users/bear/Documents/CoWork/bear-textbooks/books/art/ARTZIP/JPGNP3.zip	JPGNP3/20_20240405_201636_0019.jpg	/Users/bear/Documents/CoWork/bear-textbooks/books/art/extracted/ARTZIP/JPGNP3/JPGNP3/20_20240405_201636_0019.jpg	extracted
/Users/bear/Documents/CoWork/bear-textbooks/books/art/ARTZIP/JPGNP3.zip	JPGNP3/46_20240405_201637_0045.jpg	/Users/bear/Documents/CoWork/bear-textbooks/books/art/extracted/ARTZIP/JPGNP3/JPGNP3/46_20240405_201637_0045.jpg	extracted
/Users/bear/Documents/CoWork/bear-textbooks/books/art/ARTZIP/JPGNP3.zip	JPGNP3/34_20240405_201636_0033.jpg	/Users/bear/Documents/CoWork/bear-textbooks/books/art/extracted/ARTZIP/JPGNP3/JPGNP3/34_20240405_201636_0033.jpg	extracted
/Users/bear/Documents/CoWork/bear-textbooks/books/art/ARTZIP/JPGNP3.zip	JPGNP3/42_20240405_201637_0041.jpg	/Users/bear/Documents/CoWork/bear-textbooks/books/art/extracted/ARTZIP/JPGNP3/JPGNP3/42_20240405_201637_0041.jpg	extracted
/Users/bear/Documents/CoWork/bear-textbooks/books/art/ARTZIP/JPGNP3.zip	JPGNP3/3_20240405_201635_0002.jpg	/Users/bear/Documents/CoWork/bear-textbooks/books/art/extracted/ARTZIP/JPGNP3/JPGNP3/3_20240405_201635_0002.jpg	extracted
/Users/bear/Documents/CoWork/bear-textbooks/books/art/ARTZIP/JPGNP3.zip	JPGNP3/27_20240405_201636_0026.jpg	/Users/bear/Documents/CoWork/bear-textbooks/books/art/extracted/ARTZIP/JPGNP3/JPGNP3/27_20240405_201636_0026.jpg	extracted
/Users/bear/Documents/CoWork/bear-textbooks/books/art/ARTZIP/JPGNP4.zip	JPGNP4/4_20240405_202535_0003.jpg	/Users/bear/Documents/CoWork/bear-textbooks/books/art/extracted/ARTZIP/JPGNP4/JPGNP4/4_20240405_202535_0003.jpg	extracted
/Users/bear/Documents/CoWork/bear-textbooks/books/art/ARTZIP/JPGNP4.zip	JPGNP4/9_20240405_202536_0008.jpg	/Users/bear/Documents/CoWork/bear-textbooks/books/art/extracted/ARTZIP/JPGNP4/JPGNP4/9_20240405_202536_0008.jpg	extracted
/Users/bear/Documents/CoWork/bear-textbooks/books/art/ARTZIP/JPGNP4.zip	JPGNP4/34_20240405_202536_0033.jpg	/Users/bear/Documents/CoWork/bear-textbooks/books/art/extracted/ARTZIP/JPGNP4/JPGNP4/34_20240405_202536_0033.jpg	extracted
/Users/bear/Documents/CoWork/bear-textbooks/books/art/ARTZIP/JPGNP4.zip	JPGNP4/30_20240405_202536_0029.jpg	/Users/bear/Documents/CoWork/bear-textbooks/books/art/extracted/ARTZIP/JPGNP4/JPGNP4/30_20240405_202536_0029.jpg	extracted
/Users/bear/Documents/CoWork/bear-textbooks/books/art/ARTZIP/JPGNP4.zip	JPGNP4/40_20240405_202537_0039.jpg	/Users/bear/Documents/CoWork/bear-textbooks/books/art/extracted/ARTZIP/JPGNP4/JPGNP4/40_20240405_202537_0039.jpg	extracted
/Users/bear/Documents/CoWork/bear-textbooks/books/art/ARTZIP/JPGNP4.zip	JPGNP4/15_20240405_202536_0014.jpg	/Users/bear/Documents/CoWork/bear-textbooks/books/art/extracted/ARTZIP/JPGNP4/JPGNP4/15_20240405_202536_0014.jpg	extracted
/Users/bear/Documents/CoWork/bear-textbooks/books/art/ARTZIP/JPGNP4.zip	JPGNP4/26_20240405_202536_0025.jpg	/Users/bear/Documents/CoWork/bear-textbooks/books/art/extracted/ARTZIP/JPGNP4/JPGNP4/26_20240405_202536_0025.jpg	extracted
/Users/bear/Documents/CoWork/bear-textbooks/books/art/ARTZIP/JPGNP4.zip	JPGNP4/8_20240405_202536_0007.jpg	/Users/bear/Documents/CoWork/bear-textbooks/books/art/extracted/ARTZIP/JPGNP4/JPGNP4/8_20240405_202536_0007.jpg	extracted
/Users/bear/Documents/CoWork/bear-textbooks/books/art/ARTZIP/JPGNP4.zip	JPGNP4/11_20240405_202536_0010.jpg	/Users/bear/Documents/CoWork/bear-textbooks/books/art/extracted/ARTZIP/JPGNP4/JPGNP4/11_20240405_202536_0010.jpg	extracted
/Users/bear/Documents/CoWork/bear-textbooks/books/art/ARTZIP/JPGNP4.zip	JPGNP4/18_20240405_202536_0017.jpg	/Users/bear/Documents/CoWork/bear-textbooks/books/art/extracted/ARTZIP/JPGNP4/JPGNP4/18_20240405_202536_0017.jpg	extracted
/Users/bear/Documents/CoWork/bear-textbooks/books/art/ARTZIP/JPGNP4.zip	JPGNP4/45_20240405_202537_0044.jpg	/Users/bear/Documents/CoWork/bear-textbooks/books/art/extracted/ARTZIP/JPGNP4/JPGNP4/45_20240405_202537_0044.jpg	extracted
/Users/bear/Documents/CoWork/bear-textbooks/books/art/ARTZIP/JPGNP4.zip	JPGNP4/6_20240405_202535_0005.jpg	/Users/bear/Documents/CoWork/bear-textbooks/books/art/extracted/ARTZIP/JPGNP4/JPGNP4/6_20240405_202535_0005.jpg	extracted
/Users/bear/Documents/CoWork/bear-textbooks/books/art/ARTZIP/JPGNP4.zip	JPGNP4/2_20240405_202535_0001.jpg	/Users/bear/Documents/CoWork/bear-textbooks/books/art/extracted/ARTZIP/JPGNP4/JPGNP4/2_20240405_202535_0001.jpg	extracted
/Users/bear/Documents/CoWork/bear-textbooks/books/art/ARTZIP/JPGNP4.zip	JPGNP4/21_20240405_202536_0020.jpg	/Users/bear/Documents/CoWork/bear-textbooks/books/art/extracted/ARTZIP/JPGNP4/JPGNP4/21_20240405_202536_0020.jpg	extracted
/Users/bear/Documents/CoWork/bear-textbooks/books/art/ARTZIP/JPGNP4.zip	JPGNP4/1_20240405_202535_0000.jpg	/Users/bear/Documents/CoWork/bear-textbooks/books/art/extracted/ARTZIP/JPGNP4/JPGNP4/1_20240405_202535_0000.jpg	extracted
/Users/bear/Documents/CoWork/bear-textbooks/books/art/ARTZIP/JPGNP4.zip	JPGNP4/19_20240405_202536_0018.jpg	/Users/bear/Documents/CoWork/bear-textbooks/books/art/extracted/ARTZIP/JPGNP4/JPGNP4/19_20240405_202536_0018.jpg	extracted
/Users/bear/Documents/CoWork/bear-textbooks/books/art/ARTZIP/JPGNP4.zip	JPGNP4/48_20240405_202537_0047.jpg	/Users/bear/Documents/CoWork/bear-textbooks/books/art/extracted/ARTZIP/JPGNP4/JPGNP4/48_20240405_202537_0047.jpg	extracted
/Users/bear/Documents/CoWork/bear-textbooks/books/art/ARTZIP/JPGNP4.zip	JPGNP4/50_20240405_202537_0049.jpg	/Users/bear/Documents/CoWork/bear-textbooks/books/art/extracted/ARTZIP/JPGNP4/JPGNP4/50_20240405_202537_0049.jpg	extracted
/Users/bear/Documents/CoWork/bear-textbooks/books/art/ARTZIP/JPGNP4.zip	JPGNP4/39_20240405_202537_0038.jpg	/Users/bear/Documents/CoWork/bear-textbooks/books/art/extracted/ARTZIP/JPGNP4/JPGNP4/39_20240405_202537_0038.jpg	extracted
/Users/bear/Documents/CoWork/bear-textbooks/books/art/ARTZIP/JPGNP4.zip	JPGNP4/25_20240405_202536_0024.jpg	/Users/bear/Documents/CoWork/bear-textbooks/books/art/extracted/ARTZIP/JPGNP4/JPGNP4/25_20240405_202536_0024.jpg	extracted
/Users/bear/Documents/CoWork/bear-textbooks/books/art/ARTZIP/JPGNP4.zip	JPGNP4/46_20240405_202537_0045.jpg	/Users/bear/Documents/CoWork/bear-textbooks/books/art/extracted/ARTZIP/JPGNP4/JPGNP4/46_20240405_202537_0045.jpg	extracted
/Users/bear/Documents/CoWork/bear-textbooks/books/art/ARTZIP/JPGNP4.zip	JPGNP4/35_20240405_202537_0034.jpg	/Users/bear/Documents/CoWork/bear-textbooks/books/art/extracted/ARTZIP/JPGNP4/JPGNP4/35_20240405_202537_0034.jpg	extracted
/Users/bear/Documents/CoWork/bear-textbooks/books/art/ARTZIP/JPGNP4.zip	JPGNP4/12_20240405_202536_0011.jpg	/Users/bear/Documents/CoWork/bear-textbooks/books/art/extracted/ARTZIP/JPGNP4/JPGNP4/12_20240405_202536_0011.jpg	extracted
/Users/bear/Documents/CoWork/bear-textbooks/books/art/ARTZIP/JPGNP4.zip	JPGNP4/33_20240405_202536_0032.jpg	/Users/bear/Documents/CoWork/bear-textbooks/books/art/extracted/ARTZIP/JPGNP4/JPGNP4/33_20240405_202536_0032.jpg	extracted
/Users/bear/Documents/CoWork/bear-textbooks/books/art/ARTZIP/JPGNP4.zip	JPGNP4/37_20240405_202537_0036.jpg	/Users/bear/Documents/CoWork/bear-textbooks/books/art/extracted/ARTZIP/JPGNP4/JPGNP4/37_20240405_202537_0036.jpg	extracted
/Users/bear/Documents/CoWork/bear-textbooks/books/art/ARTZIP/JPGNP4.zip	JPGNP4/14_20240405_202536_0013.jpg	/Users/bear/Documents/CoWork/bear-textbooks/books/art/extracted/ARTZIP/JPGNP4/JPGNP4/14_20240405_202536_0013.jpg	extracted
/Users/bear/Documents/CoWork/bear-textbooks/books/art/ARTZIP/JPGNP4.zip	JPGNP4/20_20240405_202536_0019.jpg	/Users/bear/Documents/CoWork/bear-textbooks/books/art/extracted/ARTZIP/JPGNP4/JPGNP4/20_20240405_202536_0019.jpg	extracted
/Users/bear/Documents/CoWork/bear-textbooks/books/art/ARTZIP/JPGNP4.zip	JPGNP4/29_20240405_202536_0028.jpg	/Users/bear/Documents/CoWork/bear-textbooks/books/art/extracted/ARTZIP/JPGNP4/JPGNP4/29_20240405_202536_0028.jpg	extracted
/Users/bear/Documents/CoWork/bear-textbooks/books/art/ARTZIP/JPGNP4.zip	JPGNP4/47_20240405_202537_0046.jpg	/Users/bear/Documents/CoWork/bear-textbooks/books/art/extracted/ARTZIP/JPGNP4/JPGNP4/47_20240405_202537_0046.jpg	extracted
/Users/bear/Documents/CoWork/bear-textbooks/books/art/ARTZIP/JPGNP4.zip	JPGNP4/13_20240405_202536_0012.jpg	/Users/bear/Documents/CoWork/bear-textbooks/books/art/extracted/ARTZIP/JPGNP4/JPGNP4/13_20240405_202536_0012.jpg	extracted
/Users/bear/Documents/CoWork/bear-textbooks/books/art/ARTZIP/JPGNP4.zip	JPGNP4/42_20240405_202537_0041.jpg	/Users/bear/Documents/CoWork/bear-textbooks/books/art/extracted/ARTZIP/JPGNP4/JPGNP4/42_20240405_202537_0041.jpg	extracted
/Users/bear/Documents/CoWork/bear-textbooks/books/art/ARTZIP/JPGNP4.zip	JPGNP4/17_20240405_202536_0016.jpg	/Users/bear/Documents/CoWork/bear-textbooks/books/art/extracted/ARTZIP/JPGNP4/JPGNP4/17_20240405_202536_0016.jpg	extracted
/Users/bear/Documents/CoWork/bear-textbooks/books/art/ARTZIP/JPGNP4.zip	JPGNP4/41_20240405_202537_0040.jpg	/Users/bear/Documents/CoWork/bear-textbooks/books/art/extracted/ARTZIP/JPGNP4/JPGNP4/41_20240405_202537_0040.jpg	extracted
/Users/bear/Documents/CoWork/bear-textbooks/books/art/ARTZIP/JPGNP4.zip	JPGNP4/31_20240405_202536_0030.jpg	/Users/bear/Documents/CoWork/bear-textbooks/books/art/extracted/ARTZIP/JPGNP4/JPGNP4/31_20240405_202536_0030.jpg	extracted
/Users/bear/Documents/CoWork/bear-textbooks/books/art/ARTZIP/JPGNP4.zip	JPGNP4/22_20240405_202536_0021.jpg	/Users/bear/Documents/CoWork/bear-textbooks/books/art/extracted/ARTZIP/JPGNP4/JPGNP4/22_20240405_202536_0021.jpg	extracted
/Users/bear/Documents/CoWork/bear-textbooks/books/art/ARTZIP/JPGNP4.zip	JPGNP4/43_20240405_202537_0042.jpg	/Users/bear/Documents/CoWork/bear-textbooks/books/art/extracted/ARTZIP/JPGNP4/JPGNP4/43_20240405_202537_0042.jpg	extracted
/Users/bear/Documents/CoWork/bear-textbooks/books/art/ARTZIP/JPGNP4.zip	JPGNP4/27_20240405_202536_0026.jpg	/Users/bear/Documents/CoWork/bear-textbooks/books/art/extracted/ARTZIP/JPGNP4/JPGNP4/27_20240405_202536_0026.jpg	extracted
/Users/bear/Documents/CoWork/bear-textbooks/books/art/ARTZIP/JPGNP4.zip	JPGNP4/49_20240405_202537_0048.jpg	/Users/bear/Documents/CoWork/bear-textbooks/books/art/extracted/ARTZIP/JPGNP4/JPGNP4/49_20240405_202537_0048.jpg	extracted
/Users/bear/Documents/CoWork/bear-textbooks/books/art/ARTZIP/JPGNP4.zip	JPGNP4/44_20240405_202537_0043.jpg	/Users/bear/Documents/CoWork/bear-textbooks/books/art/extracted/ARTZIP/JPGNP4/JPGNP4/44_20240405_202537_0043.jpg	extracted
/Users/bear/Documents/CoWork/bear-textbooks/books/art/ARTZIP/JPGNP4.zip	JPGNP4/7_20240405_202535_0006.jpg	/Users/bear/Documents/CoWork/bear-textbooks/books/art/extracted/ARTZIP/JPGNP4/JPGNP4/7_20240405_202535_0006.jpg	extracted
/Users/bear/Documents/CoWork/bear-textbooks/books/art/ARTZIP/JPGNP4.zip	JPGNP4/16_20240405_202536_0015.jpg	/Users/bear/Documents/CoWork/bear-textbooks/books/art/extracted/ARTZIP/JPGNP4/JPGNP4/16_20240405_202536_0015.jpg	extracted
/Users/bear/Documents/CoWork/bear-textbooks/books/art/ARTZIP/JPGNP4.zip	JPGNP4/32_20240405_202536_0031.jpg	/Users/bear/Documents/CoWork/bear-textbooks/books/art/extracted/ARTZIP/JPGNP4/JPGNP4/32_20240405_202536_0031.jpg	extracted
/Users/bear/Documents/CoWork/bear-textbooks/books/art/ARTZIP/JPGNP4.zip	JPGNP4/3_20240405_202535_0002.jpg	/Users/bear/Documents/CoWork/bear-textbooks/books/art/extracted/ARTZIP/JPGNP4/JPGNP4/3_20240405_202535_0002.jpg	extracted
/Users/bear/Documents/CoWork/bear-textbooks/books/art/ARTZIP/JPGNP4.zip	JPGNP4/23_20240405_202536_0022.jpg	/Users/bear/Documents/CoWork/bear-textbooks/books/art/extracted/ARTZIP/JPGNP4/JPGNP4/23_20240405_202536_0022.jpg	extracted
/Users/bear/Documents/CoWork/bear-textbooks/books/art/ARTZIP/JPGNP4.zip	JPGNP4/28_20240405_202536_0027.jpg	/Users/bear/Documents/CoWork/bear-textbooks/books/art/extracted/ARTZIP/JPGNP4/JPGNP4/28_20240405_202536_0027.jpg	extracted
/Users/bear/Documents/CoWork/bear-textbooks/books/art/ARTZIP/JPGNP4.zip	JPGNP4/24_20240405_202536_0023.jpg	/Users/bear/Documents/CoWork/bear-textbooks/books/art/extracted/ARTZIP/JPGNP4/JPGNP4/24_20240405_202536_0023.jpg	extracted
/Users/bear/Documents/CoWork/bear-textbooks/books/art/ARTZIP/JPGNP4.zip	JPGNP4/38_20240405_202537_0037.jpg	/Users/bear/Documents/CoWork/bear-textbooks/books/art/extracted/ARTZIP/JPGNP4/JPGNP4/38_20240405_202537_0037.jpg	extracted
/Users/bear/Documents/CoWork/bear-textbooks/books/art/ARTZIP/JPGNP4.zip	JPGNP4/5_20240405_202535_0004.jpg	/Users/bear/Documents/CoWork/bear-textbooks/books/art/extracted/ARTZIP/JPGNP4/JPGNP4/5_20240405_202535_0004.jpg	extracted
/Users/bear/Documents/CoWork/bear-textbooks/books/art/ARTZIP/JPGNP4.zip	JPGNP4/36_20240405_202537_0035.jpg	/Users/bear/Documents/CoWork/bear-textbooks/books/art/extracted/ARTZIP/JPGNP4/JPGNP4/36_20240405_202537_0035.jpg	extracted
/Users/bear/Documents/CoWork/bear-textbooks/books/art/ARTZIP/JPGNP4.zip	JPGNP4/10_20240405_202536_0009.jpg	/Users/bear/Documents/CoWork/bear-textbooks/books/art/extracted/ARTZIP/JPGNP4/JPGNP4/10_20240405_202536_0009.jpg	extracted
/Users/bear/Documents/CoWork/bear-textbooks/books/art/ARTZIP/MRR - PLR-20260708T035620Z-3-001.zip	MRR - PLR/PLR Paintings 2026.pdf	/Users/bear/Documents/CoWork/bear-textbooks/books/art/extracted/ARTZIP/MRR - PLR-20260708T035620Z-3-001/MRR - PLR/PLR Paintings 2026.pdf	extracted
/Users/bear/Documents/CoWork/bear-textbooks/books/art/ARTZIP/MRR - PLR-20260708T035620Z-3-001.zip	MRR - PLR/MRR Paintings 2026.pdf	/Users/bear/Documents/CoWork/bear-textbooks/books/art/extracted/ARTZIP/MRR - PLR-20260708T035620Z-3-001/MRR - PLR/MRR Paintings 2026.pdf	extracted
/Users/bear/Documents/CoWork/bear-textbooks/books/art/ARTZIP/MRR - PLR-20260708T035633Z-3-001.zip	MRR - PLR/PLR Paintings 2026.pdf	/Users/bear/Documents/CoWork/bear-textbooks/books/art/extracted/ARTZIP/MRR - PLR-20260708T035633Z-3-001/MRR - PLR/PLR Paintings 2026.pdf	extracted
/Users/bear/Documents/CoWork/bear-textbooks/books/art/ARTZIP/MRR - PLR-20260708T035633Z-3-001.zip	MRR - PLR/MRR Paintings 2026.pdf	/Users/bear/Documents/CoWork/bear-textbooks/books/art/extracted/ARTZIP/MRR - PLR-20260708T035633Z-3-001/MRR - PLR/MRR Paintings 2026.pdf	extracted
/Users/bear/Documents/CoWork/bear-textbooks/books/art/ARTZIP/Paintings-20260708T035623Z-3-023.zip	Paintings/Various Artists (1200 and Growing)/Las_Meninas_by_Diego_Velázquez_from_Prado_in_Google_Earth.jpg	/Users/bear/Documents/CoWork/bear-textbooks/books/art/extracted/ARTZIP/Paintings-20260708T035623Z-3-023/Paintings/Various Artists (1200 and Growing)/Las_Meninas_by_Diego_Velázquez_from_Prado_in_Google_Earth.jpg	extracted
/Users/bear/Documents/CoWork/bear-textbooks/books/art/ARTZIP/Paintings-20260708T035623Z-3-023.zip	Paintings/Various Artists (1200 and Growing)/Rembrandt_Harmensz_van_Rijn_-_Return_of_the_Prodigal_Son_-_Google_Art_Project.jpg	/Users/bear/Documents/CoWork/bear-textbooks/books/art/extracted/ARTZIP/Paintings-20260708T035623Z-3-023/Paintings/Various Artists (1200 and Growing)/Rembrandt_Harmensz_van_Rijn_-_Return_of_the_Prodigal_Son_-_Google_Art_Project.jpg	extracted
/Users/bear/Documents/CoWork/bear-textbooks/books/art/ARTZIP/R_181_Toyohara Kunichika.zip	R_181_Toyohara Kunichika/Veerboot_bij_de_pleisterplaats_Zeze_Zezejpg.jpg	/Users/bear/Documents/CoWork/bear-textbooks/books/art/extracted/ARTZIP/R_181_Toyohara Kunichika/R_181_Toyohara Kunichika/Veerboot_bij_de_pleisterplaats_Zeze_Zezejpg.jpg	extracted
/Users/bear/Documents/CoWork/bear-textbooks/books/art/ARTZIP/R_181_Toyohara Kunichika.zip	R_181_Toyohara Kunichika/Kunichika_48086.jpg	/Users/bear/Documents/CoWork/bear-textbooks/books/art/extracted/ARTZIP/R_181_Toyohara Kunichika/R_181_Toyohara Kunichika/Kunichika_48086.jpg	extracted
/Users/bear/Documents/CoWork/bear-textbooks/books/art/ARTZIP/R_181_Toyohara Kunichika.zip	R_181_Toyohara Kunichika/Kunichika_33_cmd.jpg	/Users/bear/Documents/CoWork/bear-textbooks/books/art/extracted/ARTZIP/R_181_Toyohara Kunichika/R_181_Toyohara Kunichika/Kunichika_33_cmd.jpg	extracted
/Users/bear/Documents/CoWork/bear-textbooks/books/art/ARTZIP/R_181_Toyohara Kunichika.zip	R_181_Toyohara Kunichika/Kunichika_1846-02.jpg	/Users/bear/Documents/CoWork/bear-textbooks/books/art/extracted/ARTZIP/R_181_Toyohara Kunichika/R_181_Toyohara Kunichika/Kunichika_1846-02.jpg	extracted
/Users/bear/Documents/CoWork/bear-textbooks/books/art/ARTZIP/R_181_Toyohara Kunichika.zip	R_181_Toyohara Kunichika/Kunichika_34-03.jpg	/Users/bear/Documents/CoWork/bear-textbooks/books/art/extracted/ARTZIP/R_181_Toyohara Kunichika/R_181_Toyohara Kunichika/Kunichika_34-03.jpg	extracted
/Users/bear/Documents/CoWork/bear-textbooks/books/art/ARTZIP/R_181_Toyohara Kunichika.zip	R_181_Toyohara Kunichika/Kunichika_150_Σ┐│σä¬σ¢úµëçτö╗.jpg	/Users/bear/Documents/CoWork/bear-textbooks/books/art/extracted/ARTZIP/R_181_Toyohara Kunichika/R_181_Toyohara Kunichika/Kunichika_150_Σ┐│σä¬σ¢úµëçτö╗.jpg	extracted
/Users/bear/Documents/CoWork/bear-textbooks/books/art/ARTZIP/R_181_Toyohara Kunichika.zip	R_181_Toyohara Kunichika/Kunichika_9493-µ¥▒µ╡╖ΘüôΣ╣ïσåà_σñºτú».jpg	/Users/bear/Documents/CoWork/bear-textbooks/books/art/extracted/ARTZIP/R_181_Toyohara Kunichika/R_181_Toyohara Kunichika/Kunichika_9493-µ¥▒µ╡╖ΘüôΣ╣ïσåà_σñºτú».jpg	extracted
/Users/bear/Documents/CoWork/bear-textbooks/books/art/ARTZIP/R_181_Toyohara Kunichika.zip	R_181_Toyohara Kunichika/Kunichika_3206_µ¥▒Θâ╜Σ╕ëσìüσà¡µÖ»Σ╣ïσåà_Σ║Çµê╕ΦÉ⌐σ»║-µà╢σ┐£1.jpg	/Users/bear/Documents/CoWork/bear-textbooks/books/art/extracted/ARTZIP/R_181_Toyohara Kunichika/R_181_Toyohara Kunichika/Kunichika_3206_µ¥▒Θâ╜Σ╕ëσìüσà¡µÖ»Σ╣ïσåà_Σ║Çµê╕ΦÉ⌐σ»║-µà╢σ┐£1.jpg	extracted
/Users/bear/Documents/CoWork/bear-textbooks/books/art/ARTZIP/R_181_Toyohara Kunichika.zip	R_181_Toyohara Kunichika/Kunichika_1763_03_Σ╗èµºÿµ║Éµ░ÅΣ╕ëµ¢▓ΘüèΦêêΣ╣ïσ¢│-Σ╕çσ╗╢1.jpg	/Users/bear/Documents/CoWork/bear-textbooks/books/art/extracted/ARTZIP/R_181_Toyohara Kunichika/R_181_Toyohara Kunichika/Kunichika_1763_03_Σ╗èµºÿµ║Éµ░ÅΣ╕ëµ¢▓ΘüèΦêêΣ╣ïσ¢│-Σ╕çσ╗╢1.jpg	extracted
/Users/bear/Documents/CoWork/bear-textbooks/books/art/ARTZIP/R_181_Toyohara Kunichika.zip	R_181_Toyohara Kunichika/Kunichika_2635_02_σ┐áΦçúΦö╡Σ║öµ«╡τ¢«πâ╗σ┐áΦçúΦö╡σ¢¢µ«╡τ¢«πâ╗σ┐áΦçúΦö╡πâÄΣ╕ëµ«╡τ¢«-µÿÄµ▓╗3.jpg	/Users/bear/Documents/CoWork/bear-textbooks/books/art/extracted/ARTZIP/R_181_Toyohara Kunichika/R_181_Toyohara Kunichika/Kunichika_2635_02_σ┐áΦçúΦö╡Σ║öµ«╡τ¢«πâ╗σ┐áΦçúΦö╡σ¢¢µ«╡τ¢«πâ╗σ┐áΦçúΦö╡πâÄΣ╕ëµ«╡τ¢«-µÿÄµ▓╗3.jpg	extracted
/Users/bear/Documents/CoWork/bear-textbooks/books/art/ARTZIP/R_181_Toyohara Kunichika.zip	R_181_Toyohara Kunichika/Kunichika_144_Σ┐│σä¬σ¢úµëçτö╗.jpg	/Users/bear/Documents/CoWork/bear-textbooks/books/art/extracted/ARTZIP/R_181_Toyohara Kunichika/R_181_Toyohara Kunichika/Kunichika_144_Σ┐│σä¬σ¢úµëçτö╗.jpg	extracted
/Users/bear/Documents/CoWork/bear-textbooks/books/art/ARTZIP/R_181_Toyohara Kunichika.zip	R_181_Toyohara Kunichika/τ▒│σ¢╜πé»πéÖπâ⌐πâ│πâêµ░Åσ╛íΘÇÜΦíîΣ╣ïτ╣üµáä.jpg	/Users/bear/Documents/CoWork/bear-textbooks/books/art/extracted/ARTZIP/R_181_Toyohara Kunichika/R_181_Toyohara Kunichika/τ▒│σ¢╜πé»πéÖπâ⌐πâ│πâêµ░Åσ╛íΘÇÜΦíîΣ╣ïτ╣üµáä.jpg	extracted
/Users/bear/Documents/CoWork/bear-textbooks/books/art/ARTZIP/R_181_Toyohara Kunichika.zip	R_181_Toyohara Kunichika/Kunichika_0609_µ¡îΦê₧Σ╝Äσ╗╗Φè▒σ╜ôσ»┐σÅñσà¡-µà╢σ┐£1.jpg	/Users/bear/Documents/CoWork/bear-textbooks/books/art/extracted/ARTZIP/R_181_Toyohara Kunichika/R_181_Toyohara Kunichika/Kunichika_0609_µ¡îΦê₧Σ╝Äσ╗╗Φè▒σ╜ôσ»┐σÅñσà¡-µà╢σ┐£1.jpg	extracted
/Users/bear/Documents/CoWork/bear-textbooks/books/art/ARTZIP/R_181_Toyohara Kunichika.zip	R_181_Toyohara Kunichika/Kunichika_4955-µ¥▒µ╡╖ΘüôσÉìµëÇΣ╣ïσåà_µƒÅσÄƒσ╖ªΣ╕ìΣ║î-µûçΣ╣à3.jpg	/Users/bear/Documents/CoWork/bear-textbooks/books/art/extracted/ARTZIP/R_181_Toyohara Kunichika/R_181_Toyohara Kunichika/Kunichika_4955-µ¥▒µ╡╖ΘüôσÉìµëÇΣ╣ïσåà_µƒÅσÄƒσ╖ªΣ╕ìΣ║î-µûçΣ╣à3.jpg	extracted
/Users/bear/Documents/CoWork/bear-textbooks/books/art/ARTZIP/R_181_Toyohara Kunichika.zip	R_181_Toyohara Kunichika/Kunichika_9528-II-µ¥▒µ╡╖Θüô_µ▒áΘ»ëΘ«Æ-µûçΣ╣à3.jpg	/Users/bear/Documents/CoWork/bear-textbooks/books/art/extracted/ARTZIP/R_181_Toyohara Kunichika/R_181_Toyohara Kunichika/Kunichika_9528-II-µ¥▒µ╡╖Θüô_µ▒áΘ»ëΘ«Æ-µûçΣ╣à3.jpg	extracted
/Users/bear/Documents/CoWork/bear-textbooks/books/art/ARTZIP/R_181_Toyohara Kunichika.zip	R_181_Toyohara Kunichika/Kunichika_9547-µ¥▒µ╡╖Θüô_σñºµ┤ÑΣ╕ëΣ║òσ»║-µûçΣ╣à3.jpg	/Users/bear/Documents/CoWork/bear-textbooks/books/art/extracted/ARTZIP/R_181_Toyohara Kunichika/R_181_Toyohara Kunichika/Kunichika_9547-µ¥▒µ╡╖Θüô_σñºµ┤ÑΣ╕ëΣ║òσ»║-µûçΣ╣à3.jpg	extracted
/Users/bear/Documents/CoWork/bear-textbooks/books/art/ARTZIP/R_181_Toyohara Kunichika.zip	R_181_Toyohara Kunichika/Kunichika_38-02.jpg	/Users/bear/Documents/CoWork/bear-textbooks/books/art/extracted/ARTZIP/R_181_Toyohara Kunichika/R_181_Toyohara Kunichika/Kunichika_38-02.jpg	extracted
/Users/bear/Documents/CoWork/bear-textbooks/books/art/ARTZIP/R_181_Toyohara Kunichika.zip	R_181_Toyohara Kunichika/Kunichika_1842_cmb.jpg	/Users/bear/Documents/CoWork/bear-textbooks/books/art/extracted/ARTZIP/R_181_Toyohara Kunichika/R_181_Toyohara Kunichika/Kunichika_1842_cmb.jpg	extracted
/Users/bear/Documents/CoWork/bear-textbooks/books/art/ARTZIP/R_181_Toyohara Kunichika.zip	R_181_Toyohara Kunichika/Kunichika_9512-µ¥▒µ╡╖Θüô_σ««-µûçΣ╣à3.jpg	/Users/bear/Documents/CoWork/bear-textbooks/books/art/extracted/ARTZIP/R_181_Toyohara Kunichika/R_181_Toyohara Kunichika/Kunichika_9512-µ¥▒µ╡╖Θüô_σ««-µûçΣ╣à3.jpg	extracted
/Users/bear/Documents/CoWork/bear-textbooks/books/art/ARTZIP/R_181_Toyohara Kunichika.zip	R_181_Toyohara Kunichika/Kunichika_2633_03_σìâσ┤Äσ╝ÑΣ║öΘâÄ_µ▓│σÄƒσ┤Äµ¿⌐Σ╣ïσè⌐πâ╗µù⌐ΘçÄσïÿσ╣│_σ░╛Σ╕èΦÅèΣ║öΘâÄπâ╗Σ╕ìµ│óµò░σÅ│Φí¢ΘûÇ_σñºΦ░╖τ┤½Θüô-µÿÄµ▓╗3.jpg	/Users/bear/Documents/CoWork/bear-textbooks/books/art/extracted/ARTZIP/R_181_Toyohara Kunichika/R_181_Toyohara Kunichika/Kunichika_2633_03_σìâσ┤Äσ╝ÑΣ║öΘâÄ_µ▓│σÄƒσ┤Äµ¿⌐Σ╣ïσè⌐πâ╗µù⌐ΘçÄσïÿσ╣│_σ░╛Σ╕èΦÅèΣ║öΘâÄπâ╗Σ╕ìµ│óµò░σÅ│Φí¢ΘûÇ_σñºΦ░╖τ┤½Θüô-µÿÄµ▓╗3.jpg	extracted
/Users/bear/Documents/CoWork/bear-textbooks/books/art/ARTZIP/R_181_Toyohara Kunichika.zip	R_181_Toyohara Kunichika/Kunichika_9589-µ¥▒µ╡╖Θüô_σ░Åτö░σÄƒ.jpg	/Users/bear/Documents/CoWork/bear-textbooks/books/art/extracted/ARTZIP/R_181_Toyohara Kunichika/R_181_Toyohara Kunichika/Kunichika_9589-µ¥▒µ╡╖Θüô_σ░Åτö░σÄƒ.jpg	extracted
/Users/bear/Documents/CoWork/bear-textbooks/books/art/ARTZIP/R_181_Toyohara Kunichika.zip	R_181_Toyohara Kunichika/Kunichika_2637_02_τÖ╜τ╕½σº½_µ▓óµ¥æτö░Σ╣ïσè⌐πâ╗Θ│Ñσ▒▒τºïΣ╜£_Σ╕¡µ¥æΦè¥τ┐½-σàâµ▓╗1.jpg	/Users/bear/Documents/CoWork/bear-textbooks/books/art/extracted/ARTZIP/R_181_Toyohara Kunichika/R_181_Toyohara Kunichika/Kunichika_2637_02_τÖ╜τ╕½σº½_µ▓óµ¥æτö░Σ╣ïσè⌐πâ╗Θ│Ñσ▒▒τºïΣ╜£_Σ╕¡µ¥æΦè¥τ┐½-σàâµ▓╗1.jpg	extracted
/Users/bear/Documents/CoWork/bear-textbooks/books/art/ARTZIP/R_181_Toyohara Kunichika.zip	R_181_Toyohara Kunichika/Kunichika_9483-µ¥▒µ╡╖ΘüôσÉìµëÇΣ╣ïσåà_µ¿⌐σñ¬σ¥é-µûçΣ╣à3.jpg	/Users/bear/Documents/CoWork/bear-textbooks/books/art/extracted/ARTZIP/R_181_Toyohara Kunichika/R_181_Toyohara Kunichika/Kunichika_9483-µ¥▒µ╡╖ΘüôσÉìµëÇΣ╣ïσåà_µ¿⌐σñ¬σ¥é-µûçΣ╣à3.jpg	extracted
/Users/bear/Documents/CoWork/bear-textbooks/books/art/ARTZIP/R_181_Toyohara Kunichika.zip	R_181_Toyohara Kunichika/Kunichika_059_Σ┐│σä¬σ¢úµëçτö╗.jpg	/Users/bear/Documents/CoWork/bear-textbooks/books/art/extracted/ARTZIP/R_181_Toyohara Kunichika/R_181_Toyohara Kunichika/Kunichika_059_Σ┐│σä¬σ¢úµëçτö╗.jpg	extracted
/Users/bear/Documents/CoWork/bear-textbooks/books/art/ARTZIP/R_181_Toyohara Kunichika.zip	R_181_Toyohara Kunichika/Print,_Courtesan_with_a_parasol,_ca._1860_(CH_18437479).jpg	/Users/bear/Documents/CoWork/bear-textbooks/books/art/extracted/ARTZIP/R_181_Toyohara Kunichika/R_181_Toyohara Kunichika/Print,_Courtesan_with_a_parasol,_ca._1860_(CH_18437479).jpg	extracted
/Users/bear/Documents/CoWork/bear-textbooks/books/art/ARTZIP/R_181_Toyohara Kunichika.zip	R_181_Toyohara Kunichika/Kunichika_3301_τÅ╛µÖéΣ║öσìüσ¢¢µâà_τ¼¼Σ║öσìüσ¢¢σÅ╖-µÿÄµ▓╗17.jpg	/Users/bear/Documents/CoWork/bear-textbooks/books/art/extracted/ARTZIP/R_181_Toyohara Kunichika/R_181_Toyohara Kunichika/Kunichika_3301_τÅ╛µÖéΣ║öσìüσ¢¢µâà_τ¼¼Σ║öσìüσ¢¢σÅ╖-µÿÄµ▓╗17.jpg	extracted
/Users/bear/Documents/CoWork/bear-textbooks/books/art/ARTZIP/R_181_Toyohara Kunichika.zip	R_181_Toyohara Kunichika/Kunichika_9472-µ¥▒µ╡╖Θüô_µùÑµ£¼µ⌐ï.jpg	/Users/bear/Documents/CoWork/bear-textbooks/books/art/extracted/ARTZIP/R_181_Toyohara Kunichika/R_181_Toyohara Kunichika/Kunichika_9472-µ¥▒µ╡╖Θüô_µùÑµ£¼µ⌐ï.jpg	extracted
/Users/bear/Documents/CoWork/bear-textbooks/books/art/ARTZIP/R_181_Toyohara Kunichika.zip	R_181_Toyohara Kunichika/Kunichika_3299_τÅ╛µÖéΣ║öσìüσ¢¢µâà_τ¼¼Σ║îσìüΣ║îσÅ╖-µÿÄµ▓╗17.jpg	/Users/bear/Documents/CoWork/bear-textbooks/books/art/extracted/ARTZIP/R_181_Toyohara Kunichika/R_181_Toyohara Kunichika/Kunichika_3299_τÅ╛µÖéΣ║öσìüσ¢¢µâà_τ¼¼Σ║îσìüΣ║îσÅ╖-µÿÄµ▓╗17.jpg	extracted
/Users/bear/Documents/CoWork/bear-textbooks/books/art/ARTZIP/R_181_Toyohara Kunichika.zip	R_181_Toyohara Kunichika/Kunichika_34-02.jpg	/Users/bear/Documents/CoWork/bear-textbooks/books/art/extracted/ARTZIP/R_181_Toyohara Kunichika/R_181_Toyohara Kunichika/Kunichika_34-02.jpg	extracted
/Users/bear/Documents/CoWork/bear-textbooks/books/art/ARTZIP/R_181_Toyohara Kunichika.zip	R_181_Toyohara Kunichika/Kunichika_1846-03.jpg	/Users/bear/Documents/CoWork/bear-textbooks/books/art/extracted/ARTZIP/R_181_Toyohara Kunichika/R_181_Toyohara Kunichika/Kunichika_1846-03.jpg	extracted
/Users/bear/Documents/CoWork/bear-textbooks/books/art/ARTZIP/R_181_Toyohara Kunichika.zip	R_181_Toyohara Kunichika/Zen╩╝aku_kijinkyo╠ä_._Jinriki_Tamigoro╠ä.jpg	/Users/bear/Documents/CoWork/bear-textbooks/books/art/extracted/ARTZIP/R_181_Toyohara Kunichika/R_181_Toyohara Kunichika/Zen╩╝aku_kijinkyo╠ä_._Jinriki_Tamigoro╠ä.jpg	extracted
/Users/bear/Documents/CoWork/bear-textbooks/books/art/ARTZIP/R_181_Toyohara Kunichika.zip	R_181_Toyohara Kunichika/Kunichika_1763_Σ╗èµºÿµ║Éµ░ÅΣ╕ëµ¢▓ΘüèΦêêΣ╣ïσ¢│-Σ╕çσ╗╢1-cmb.jpg	/Users/bear/Documents/CoWork/bear-textbooks/books/art/extracted/ARTZIP/R_181_Toyohara Kunichika/R_181_Toyohara Kunichika/Kunichika_1763_Σ╗èµºÿµ║Éµ░ÅΣ╕ëµ¢▓ΘüèΦêêΣ╣ïσ¢│-Σ╕çσ╗╢1-cmb.jpg	extracted
/Users/bear/Documents/CoWork/bear-textbooks/books/art/ARTZIP/R_181_Toyohara Kunichika.zip	R_181_Toyohara Kunichika/Kunichika_9489-µ¥▒µ╡╖ΘüôσÉìµëÇΣ╣ïσåà_πü╡πüíπéÖπüòπü»ΘüèΦíîσ»║.jpg	/Users/bear/Documents/CoWork/bear-textbooks/books/art/extracted/ARTZIP/R_181_Toyohara Kunichika/R_181_Toyohara Kunichika/Kunichika_9489-µ¥▒µ╡╖ΘüôσÉìµëÇΣ╣ïσåà_πü╡πüíπéÖπüòπü»ΘüèΦíîσ»║.jpg	extracted
/Users/bear/Documents/CoWork/bear-textbooks/books/art/ARTZIP/R_181_Toyohara Kunichika.zip	R_181_Toyohara Kunichika/Kunichika_1846-01.jpg	/Users/bear/Documents/CoWork/bear-textbooks/books/art/extracted/ARTZIP/R_181_Toyohara Kunichika/R_181_Toyohara Kunichika/Kunichika_1846-01.jpg	extracted
/Users/bear/Documents/CoWork/bear-textbooks/books/art/ARTZIP/R_181_Toyohara Kunichika.zip	R_181_Toyohara Kunichika/Kunichika_061_Σ┐│σä¬σ¢úµëçτö╗.jpg	/Users/bear/Documents/CoWork/bear-textbooks/books/art/extracted/ARTZIP/R_181_Toyohara Kunichika/R_181_Toyohara Kunichika/Kunichika_061_Σ┐│σä¬σ¢úµëçτö╗.jpg	extracted
/Users/bear/Documents/CoWork/bear-textbooks/books/art/ARTZIP/R_181_Toyohara Kunichika.zip	R_181_Toyohara Kunichika/Kunichika_9471-II-µ¥▒µ╡╖ΘüôσÉìµëÇΣ╣ïσåà_Φè¥σóùΣ╕èσ»║.jpg	/Users/bear/Documents/CoWork/bear-textbooks/books/art/extracted/ARTZIP/R_181_Toyohara Kunichika/R_181_Toyohara Kunichika/Kunichika_9471-II-µ¥▒µ╡╖ΘüôσÉìµëÇΣ╣ïσåà_Φè¥σóùΣ╕èσ»║.jpg	extracted
/Users/bear/Documents/CoWork/bear-textbooks/books/art/ARTZIP/R_181_Toyohara Kunichika.zip	R_181_Toyohara Kunichika/Kunichika_32_cmb.jpg	/Users/bear/Documents/CoWork/bear-textbooks/books/art/extracted/ARTZIP/R_181_Toyohara Kunichika/R_181_Toyohara Kunichika/Kunichika_32_cmb.jpg	extracted
/Users/bear/Documents/CoWork/bear-textbooks/books/art/ARTZIP/R_181_Toyohara Kunichika.zip	R_181_Toyohara Kunichika/Kunichika_9480-II-µ¥▒µ╡╖Θüô_Θê┤πé▒µú«-µûçΣ╣à3.jpg	/Users/bear/Documents/CoWork/bear-textbooks/books/art/extracted/ARTZIP/R_181_Toyohara Kunichika/R_181_Toyohara Kunichika/Kunichika_9480-II-µ¥▒µ╡╖Θüô_Θê┤πé▒µú«-µûçΣ╣à3.jpg	extracted
/Users/bear/Documents/CoWork/bear-textbooks/books/art/ARTZIP/R_181_Toyohara Kunichika.zip	R_181_Toyohara Kunichika/Kunichika_9520-µ¥▒µ╡╖Θüô_ΦìÆΣ║ò.jpg	/Users/bear/Documents/CoWork/bear-textbooks/books/art/extracted/ARTZIP/R_181_Toyohara Kunichika/R_181_Toyohara Kunichika/Kunichika_9520-µ¥▒µ╡╖Θüô_ΦìÆΣ║ò.jpg	extracted
/Users/bear/Documents/CoWork/bear-textbooks/books/art/ARTZIP/R_181_Toyohara Kunichika.zip	R_181_Toyohara Kunichika/Kunichika_149_Σ┐│σä¬σ¢úµëçτö╗.jpg	/Users/bear/Documents/CoWork/bear-textbooks/books/art/extracted/ARTZIP/R_181_Toyohara Kunichika/R_181_Toyohara Kunichika/Kunichika_149_Σ┐│σä¬σ¢úµëçτö╗.jpg	extracted
/Users/bear/Documents/CoWork/bear-textbooks/books/art/ARTZIP/R_181_Toyohara Kunichika.zip	R_181_Toyohara Kunichika/Kunichika_9566-µ¥▒µ╡╖ΘüôΣ╣ïσåà_ΦùñΣ╣ïµ¥£Φ╡░Θª¼-µûçΣ╣à3.jpg	/Users/bear/Documents/CoWork/bear-textbooks/books/art/extracted/ARTZIP/R_181_Toyohara Kunichika/R_181_Toyohara Kunichika/Kunichika_9566-µ¥▒µ╡╖ΘüôΣ╣ïσåà_ΦùñΣ╣ïµ¥£Φ╡░Θª¼-µûçΣ╣à3.jpg	extracted
/Users/bear/Documents/CoWork/bear-textbooks/books/art/ARTZIP/R_181_Toyohara Kunichika.zip	R_181_Toyohara Kunichika/Kunichika_40_cmb.jpg	/Users/bear/Documents/CoWork/bear-textbooks/books/art/extracted/ARTZIP/R_181_Toyohara Kunichika/R_181_Toyohara Kunichika/Kunichika_40_cmb.jpg	extracted
/Users/bear/Documents/CoWork/bear-textbooks/books/art/ARTZIP/R_181_Toyohara Kunichika.zip	R_181_Toyohara Kunichika/Kunichika_7680_03_µ¥▒µ╡╖ΘüôΣ║öσìüΣ╕ëµ¼íΣ╣ïσåàΦê╣µ⌐ïµÄ¢µ╕íΦíîσêùΣ╣ïσ¢│-µûçΣ╣à3.jpg	/Users/bear/Documents/CoWork/bear-textbooks/books/art/extracted/ARTZIP/R_181_Toyohara Kunichika/R_181_Toyohara Kunichika/Kunichika_7680_03_µ¥▒µ╡╖ΘüôΣ║öσìüΣ╕ëµ¼íΣ╣ïσåàΦê╣µ⌐ïµÄ¢µ╕íΦíîσêùΣ╣ïσ¢│-µûçΣ╣à3.jpg	extracted
/Users/bear/Documents/CoWork/bear-textbooks/books/art/ARTZIP/R_181_Toyohara Kunichika.zip	R_181_Toyohara Kunichika/Kunichika_9487-µ¥▒µ╡╖ΘüôσÉìµëÇΣ╣ïσåà_σ¢¢πâäΦ░╖-µûçΣ╣à3.jpg	/Users/bear/Documents/CoWork/bear-textbooks/books/art/extracted/ARTZIP/R_181_Toyohara Kunichika/R_181_Toyohara Kunichika/Kunichika_9487-µ¥▒µ╡╖ΘüôσÉìµëÇΣ╣ïσåà_σ¢¢πâäΦ░╖-µûçΣ╣à3.jpg	extracted
/Users/bear/Documents/CoWork/bear-textbooks/books/art/ARTZIP/R_181_Toyohara Kunichika.zip	R_181_Toyohara Kunichika/Kunichika_9551-µ¥▒µ╡╖ΘüôσÉìµëÇΣ╣ïσåà_µ╖Çσ╖¥.jpg	/Users/bear/Documents/CoWork/bear-textbooks/books/art/extracted/ARTZIP/R_181_Toyohara Kunichika/R_181_Toyohara Kunichika/Kunichika_9551-µ¥▒µ╡╖ΘüôσÉìµëÇΣ╣ïσåà_µ╖Çσ╖¥.jpg	extracted
/Users/bear/Documents/CoWork/bear-textbooks/books/art/ARTZIP/R_181_Toyohara Kunichika.zip	R_181_Toyohara Kunichika/Kunichika_3303_σ╜ôσïóΣ╕ëσìüΣ║îµâ│_Θó¿πüïπéÖπü╗πüùτ¢╕-µÿÄµ▓╗1.jpg	/Users/bear/Documents/CoWork/bear-textbooks/books/art/extracted/ARTZIP/R_181_Toyohara Kunichika/R_181_Toyohara Kunichika/Kunichika_3303_σ╜ôσïóΣ╕ëσìüΣ║îµâ│_Θó¿πüïπéÖπü╗πüùτ¢╕-µÿÄµ▓╗1.jpg	extracted
/Users/bear/Documents/CoWork/bear-textbooks/books/art/ARTZIP/R_181_Toyohara Kunichika.zip	R_181_Toyohara Kunichika/Kunichika_2149.jpg	/Users/bear/Documents/CoWork/bear-textbooks/books/art/extracted/ARTZIP/R_181_Toyohara Kunichika/R_181_Toyohara Kunichika/Kunichika_2149.jpg	extracted
/Users/bear/Documents/CoWork/bear-textbooks/books/art/ARTZIP/R_181_Toyohara Kunichika.zip	R_181_Toyohara Kunichika/Kunichika_9539-µ¥▒µ╡╖Θüô_Σ║Çσ▒▒-µûçΣ╣à3.jpg	/Users/bear/Documents/CoWork/bear-textbooks/books/art/extracted/ARTZIP/R_181_Toyohara Kunichika/R_181_Toyohara Kunichika/Kunichika_9539-µ¥▒µ╡╖Θüô_Σ║Çσ▒▒-µûçΣ╣à3.jpg	extracted
/Users/bear/Documents/CoWork/bear-textbooks/books/art/ARTZIP/R_181_Toyohara Kunichika.zip	R_181_Toyohara Kunichika/Kunichika_9568-µ¥▒µ╡╖ΘüôσÉìµëÇΣ╣ïσåà_σ░Åσñ£Σ╕¡σ▒▒-µûçΣ╣à3.jpg	/Users/bear/Documents/CoWork/bear-textbooks/books/art/extracted/ARTZIP/R_181_Toyohara Kunichika/R_181_Toyohara Kunichika/Kunichika_9568-µ¥▒µ╡╖ΘüôσÉìµëÇΣ╣ïσåà_σ░Åσñ£Σ╕¡σ▒▒-µûçΣ╣à3.jpg	extracted
/Users/bear/Documents/CoWork/bear-textbooks/books/art/ARTZIP/R_181_Toyohara Kunichika.zip	R_181_Toyohara Kunichika/Kunichika_ 3.jpg	/Users/bear/Documents/CoWork/bear-textbooks/books/art/extracted/ARTZIP/R_181_Toyohara Kunichika/R_181_Toyohara Kunichika/Kunichika_ 3.jpg	extracted
/Users/bear/Documents/CoWork/bear-textbooks/books/art/ARTZIP/R_181_Toyohara Kunichika.zip	R_181_Toyohara Kunichika/Kunichika_2148.jpg	/Users/bear/Documents/CoWork/bear-textbooks/books/art/extracted/ARTZIP/R_181_Toyohara Kunichika/R_181_Toyohara Kunichika/Kunichika_2148.jpg	extracted
/Users/bear/Documents/CoWork/bear-textbooks/books/art/ARTZIP/R_181_Toyohara Kunichika.zip	R_181_Toyohara Kunichika/Kunichika_38-01.jpg	/Users/bear/Documents/CoWork/bear-textbooks/books/art/extracted/ARTZIP/R_181_Toyohara Kunichika/R_181_Toyohara Kunichika/Kunichika_38-01.jpg	extracted
/Users/bear/Documents/CoWork/bear-textbooks/books/art/ARTZIP/R_181_Toyohara Kunichika.zip	R_181_Toyohara Kunichika/Kunichika_9534-µ¥▒µ╡╖ΘüôσÉìµëÇΣ╣ïσåà_σÉìσÅñσ▒ï.jpg	/Users/bear/Documents/CoWork/bear-textbooks/books/art/extracted/ARTZIP/R_181_Toyohara Kunichika/R_181_Toyohara Kunichika/Kunichika_9534-µ¥▒µ╡╖ΘüôσÉìµëÇΣ╣ïσåà_σÉìσÅñσ▒ï.jpg	extracted
/Users/bear/Documents/CoWork/bear-textbooks/books/art/ARTZIP/R_181_Toyohara Kunichika.zip	R_181_Toyohara Kunichika/Kunichika_9584-µ¥▒µ╡╖Θüô_σÉëσÄƒ.jpg	/Users/bear/Documents/CoWork/bear-textbooks/books/art/extracted/ARTZIP/R_181_Toyohara Kunichika/R_181_Toyohara Kunichika/Kunichika_9584-µ¥▒µ╡╖Θüô_σÉëσÄƒ.jpg	extracted
/Users/bear/Documents/CoWork/bear-textbooks/books/art/ARTZIP/R_181_Toyohara Kunichika.zip	R_181_Toyohara Kunichika/Actor_in_the_image_of_a_samurai.jpg	/Users/bear/Documents/CoWork/bear-textbooks/books/art/extracted/ARTZIP/R_181_Toyohara Kunichika/R_181_Toyohara Kunichika/Actor_in_the_image_of_a_samurai.jpg	extracted
/Users/bear/Documents/CoWork/bear-textbooks/books/art/ARTZIP/R_181_Toyohara Kunichika.zip	R_181_Toyohara Kunichika/Kunichika_1929_τ¢┤σè⌐µ¿⌐σà╡Φí¢_Σ╕¡µ¥æΣ╗▓Φö╡.jpg	/Users/bear/Documents/CoWork/bear-textbooks/books/art/extracted/ARTZIP/R_181_Toyohara Kunichika/R_181_Toyohara Kunichika/Kunichika_1929_τ¢┤σè⌐µ¿⌐σà╡Φí¢_Σ╕¡µ¥æΣ╗▓Φö╡.jpg	extracted
/Users/bear/Documents/CoWork/bear-textbooks/books/art/ARTZIP/R_181_Toyohara Kunichika.zip	R_181_Toyohara Kunichika/Kunichika_3326_µêÉπü▓πéÖπüùπéâΘºÆ_Σ╕¡µ¥æΦè¥τ┐½-σàâµ▓╗1.jpg	/Users/bear/Documents/CoWork/bear-textbooks/books/art/extracted/ARTZIP/R_181_Toyohara Kunichika/R_181_Toyohara Kunichika/Kunichika_3326_µêÉπü▓πéÖπüùπéâΘºÆ_Σ╕¡µ¥æΦè¥τ┐½-σàâµ▓╗1.jpg	extracted
/Users/bear/Documents/CoWork/bear-textbooks/books/art/ARTZIP/R_181_Toyohara Kunichika.zip	R_181_Toyohara Kunichika/Kunichika_3308_σ╜ôσïóΣ╕ëσìüΣ║îµâ│_σ»ÉπéÇπüƒτ¢╕-µÿÄµ▓╗1.jpg	/Users/bear/Documents/CoWork/bear-textbooks/books/art/extracted/ARTZIP/R_181_Toyohara Kunichika/R_181_Toyohara Kunichika/Kunichika_3308_σ╜ôσïóΣ╕ëσìüΣ║îµâ│_σ»ÉπéÇπüƒτ¢╕-µÿÄµ▓╗1.jpg	extracted
/Users/bear/Documents/CoWork/bear-textbooks/books/art/ARTZIP/R_181_Toyohara Kunichika.zip	R_181_Toyohara Kunichika/Kunichika_9481-II-µ¥▒µ╡╖ΘüôσÉìµëÇΣ╣ïσåà_ΘÄîσÇëΘçæµ▓ó.jpg	/Users/bear/Documents/CoWork/bear-textbooks/books/art/extracted/ARTZIP/R_181_Toyohara Kunichika/R_181_Toyohara Kunichika/Kunichika_9481-II-µ¥▒µ╡╖ΘüôσÉìµëÇΣ╣ïσåà_ΘÄîσÇëΘçæµ▓ó.jpg	extracted
/Users/bear/Documents/CoWork/bear-textbooks/books/art/ARTZIP/R_181_Toyohara Kunichika.zip	R_181_Toyohara Kunichika/Kunichika_3327_πü¬πüªπéÖπüùπüôµ¿⌐_µ▓│σÄƒσ┤Äµ¿⌐σìüΘâÄ-σàâµ▓╗1.jpg	/Users/bear/Documents/CoWork/bear-textbooks/books/art/extracted/ARTZIP/R_181_Toyohara Kunichika/R_181_Toyohara Kunichika/Kunichika_3327_πü¬πüªπéÖπüùπüôµ¿⌐_µ▓│σÄƒσ┤Äµ¿⌐σìüΘâÄ-σàâµ▓╗1.jpg	extracted
/Users/bear/Documents/CoWork/bear-textbooks/books/art/ARTZIP/R_181_Toyohara Kunichika.zip	R_181_Toyohara Kunichika/Kunichika_34-01.jpg	/Users/bear/Documents/CoWork/bear-textbooks/books/art/extracted/ARTZIP/R_181_Toyohara Kunichika/R_181_Toyohara Kunichika/Kunichika_34-01.jpg	extracted
/Users/bear/Documents/CoWork/bear-textbooks/books/art/ARTZIP/R_181_Toyohara Kunichika.zip	R_181_Toyohara Kunichika/Kunichika_9511-µ¥▒µ╡╖ΘüôσÉìµëÇΣ╣ïσåà_σ«çµ┤ÑΦ░╖σ│á-µûçΣ╣à3.jpg	/Users/bear/Documents/CoWork/bear-textbooks/books/art/extracted/ARTZIP/R_181_Toyohara Kunichika/R_181_Toyohara Kunichika/Kunichika_9511-µ¥▒µ╡╖ΘüôσÉìµëÇΣ╣ïσåà_σ«çµ┤ÑΦ░╖σ│á-µûçΣ╣à3.jpg	extracted
/Users/bear/Documents/CoWork/bear-textbooks/books/art/ARTZIP/R_181_Toyohara Kunichika.zip	R_181_Toyohara Kunichika/Kunichika_7604_03_σ╜ôΣ╕ûτ╛ÄσÑ│Σ║öΣ║║µÅâ.jpg	/Users/bear/Documents/CoWork/bear-textbooks/books/art/extracted/ARTZIP/R_181_Toyohara Kunichika/R_181_Toyohara Kunichika/Kunichika_7604_03_σ╜ôΣ╕ûτ╛ÄσÑ│Σ║öΣ║║µÅâ.jpg	extracted
/Users/bear/Documents/CoWork/bear-textbooks/books/art/ARTZIP/R_181_Toyohara Kunichika.zip	R_181_Toyohara Kunichika/Kunichika_2634_µ£¥πüìπéèσ│╢Φö╡_σ╕éσ╖¥Σ╣¥Φö╡πâ╗Σ╕Çπü╡πüùπéÖΣ╗üσñ¬ΘâÄ-µà╢σ┐£2-cmb.jpg	/Users/bear/Documents/CoWork/bear-textbooks/books/art/extracted/ARTZIP/R_181_Toyohara Kunichika/R_181_Toyohara Kunichika/Kunichika_2634_µ£¥πüìπéèσ│╢Φö╡_σ╕éσ╖¥Σ╣¥Φö╡πâ╗Σ╕Çπü╡πüùπéÖΣ╗üσñ¬ΘâÄ-µà╢σ┐£2-cmb.jpg	extracted
/Users/bear/Documents/CoWork/bear-textbooks/books/art/ARTZIP/R_181_Toyohara Kunichika.zip	R_181_Toyohara Kunichika/Kunichika_9597-µ¥▒µ╡╖ΘüôσÉìµëÇΣ╣ïσåà_σ╛íΦâ╜µï¥Φªïµÿ╝τò¬-µûçΣ╣à3.jpg	/Users/bear/Documents/CoWork/bear-textbooks/books/art/extracted/ARTZIP/R_181_Toyohara Kunichika/R_181_Toyohara Kunichika/Kunichika_9597-µ¥▒µ╡╖ΘüôσÉìµëÇΣ╣ïσåà_σ╛íΦâ╜µï¥Φªïµÿ╝τò¬-µûçΣ╣à3.jpg	extracted
/Users/bear/Documents/CoWork/bear-textbooks/books/art/ARTZIP/R_181_Toyohara Kunichika.zip	R_181_Toyohara Kunichika/Kunichika_9470-µ¥▒µ╡╖ΘüôσÉìµëÇΘó¿µÖ»_τ¢«Θî▓.jpg	/Users/bear/Documents/CoWork/bear-textbooks/books/art/extracted/ARTZIP/R_181_Toyohara Kunichika/R_181_Toyohara Kunichika/Kunichika_9470-µ¥▒µ╡╖ΘüôσÉìµëÇΘó¿µÖ»_τ¢«Θî▓.jpg	extracted
/Users/bear/Documents/CoWork/bear-textbooks/books/art/ARTZIP/R_181_Toyohara Kunichika.zip	R_181_Toyohara Kunichika/Kunichika_9598-µ¥▒µ╡╖ΘüôσÉìµëÇΣ╣ïσåà_σ╛íΦâ╜µï¥ΦªïΣ╣ïσ¢│-µûçΣ╣à3.jpg	/Users/bear/Documents/CoWork/bear-textbooks/books/art/extracted/ARTZIP/R_181_Toyohara Kunichika/R_181_Toyohara Kunichika/Kunichika_9598-µ¥▒µ╡╖ΘüôσÉìµëÇΣ╣ïσåà_σ╛íΦâ╜µï¥ΦªïΣ╣ïσ¢│-µûçΣ╣à3.jpg	extracted
/Users/bear/Documents/CoWork/bear-textbooks/books/art/ARTZIP/R_181_Toyohara Kunichika.zip	R_181_Toyohara Kunichika/Kunichika_9596-II-µ¥▒µ╡╖ΘüôσÉìµëÇΣ╣ïσåà_µ¥▒Θâ╜µò░σ»äσ▒ïµ▓│σ▓╕.jpg	/Users/bear/Documents/CoWork/bear-textbooks/books/art/extracted/ARTZIP/R_181_Toyohara Kunichika/R_181_Toyohara Kunichika/Kunichika_9596-II-µ¥▒µ╡╖ΘüôσÉìµëÇΣ╣ïσåà_µ¥▒Θâ╜µò░σ»äσ▒ïµ▓│σ▓╕.jpg	extracted
/Users/bear/Documents/CoWork/bear-textbooks/books/art/ARTZIP/R_181_Toyohara Kunichika.zip	R_181_Toyohara Kunichika/Kunichika_082_Σ┐│σä¬σ¢úµëçτö╗.jpg	/Users/bear/Documents/CoWork/bear-textbooks/books/art/extracted/ARTZIP/R_181_Toyohara Kunichika/R_181_Toyohara Kunichika/Kunichika_082_Σ┐│σä¬σ¢úµëçτö╗.jpg	extracted
/Users/bear/Documents/CoWork/bear-textbooks/books/art/ARTZIP/R_181_Toyohara Kunichika.zip	R_181_Toyohara Kunichika/Kunichika_9558-µ¥▒µ╡╖ΘüôσÉìµëÇΣ╣ïσåà_µ╖▒Φìëπü«Θçî-µûçΣ╣à3.jpg	/Users/bear/Documents/CoWork/bear-textbooks/books/art/extracted/ARTZIP/R_181_Toyohara Kunichika/R_181_Toyohara Kunichika/Kunichika_9558-µ¥▒µ╡╖ΘüôσÉìµëÇΣ╣ïσåà_µ╖▒Φìëπü«Θçî-µûçΣ╣à3.jpg	extracted
/Users/bear/Documents/CoWork/bear-textbooks/books/art/ARTZIP/R_181_Toyohara Kunichika.zip	R_181_Toyohara Kunichika/Kunichika_9515-µ¥▒µ╡╖Θüô_σ╢ïτö░.jpg	/Users/bear/Documents/CoWork/bear-textbooks/books/art/extracted/ARTZIP/R_181_Toyohara Kunichika/R_181_Toyohara Kunichika/Kunichika_9515-µ¥▒µ╡╖Θüô_σ╢ïτö░.jpg	extracted
/Users/bear/Documents/CoWork/bear-textbooks/books/art/ARTZIP/R_181_Toyohara Kunichika.zip	R_181_Toyohara Kunichika/Kunichika_9590-µ¥▒µ╡╖Θüô_τÑ₧σÉìσ╖¥.jpg	/Users/bear/Documents/CoWork/bear-textbooks/books/art/extracted/ARTZIP/R_181_Toyohara Kunichika/R_181_Toyohara Kunichika/Kunichika_9590-µ¥▒µ╡╖Θüô_τÑ₧σÉìσ╖¥.jpg	extracted
/Users/bear/Documents/CoWork/bear-textbooks/books/art/ARTZIP/R_181_Toyohara Kunichika.zip	R_181_Toyohara Kunichika/Kunichika_1844-01.jpg	/Users/bear/Documents/CoWork/bear-textbooks/books/art/extracted/ARTZIP/R_181_Toyohara Kunichika/R_181_Toyohara Kunichika/Kunichika_1844-01.jpg	extracted
/Users/bear/Documents/CoWork/bear-textbooks/books/art/ARTZIP/R_181_Toyohara Kunichika.zip	R_181_Toyohara Kunichika/Kunichika_41_cmb.jpg	/Users/bear/Documents/CoWork/bear-textbooks/books/art/extracted/ARTZIP/R_181_Toyohara Kunichika/R_181_Toyohara Kunichika/Kunichika_41_cmb.jpg	extracted
/Users/bear/Documents/CoWork/bear-textbooks/books/art/ARTZIP/R_181_Toyohara Kunichika.zip	R_181_Toyohara Kunichika/Kunichika_9499-µ¥▒µ╡╖ΘüôσÉìµëÇΣ╣ïσåà_τ«▒µá╣σ▒▒Σ╕¡τî¬τï⌐-µûçΣ╣à3.jpg	/Users/bear/Documents/CoWork/bear-textbooks/books/art/extracted/ARTZIP/R_181_Toyohara Kunichika/R_181_Toyohara Kunichika/Kunichika_9499-µ¥▒µ╡╖ΘüôσÉìµëÇΣ╣ïσåà_τ«▒µá╣σ▒▒Σ╕¡τî¬τï⌐-µûçΣ╣à3.jpg	extracted
/Users/bear/Documents/CoWork/bear-textbooks/books/art/ARTZIP/R_181_Toyohara Kunichika.zip	R_181_Toyohara Kunichika/Kunichika_9506-µ¥▒µ╡╖Θüô_Φû⌐ΘÖÇσ│á-µûçΣ╣à3.jpg	/Users/bear/Documents/CoWork/bear-textbooks/books/art/extracted/ARTZIP/R_181_Toyohara Kunichika/R_181_Toyohara Kunichika/Kunichika_9506-µ¥▒µ╡╖Θüô_Φû⌐ΘÖÇσ│á-µûçΣ╣à3.jpg	extracted
/Users/bear/Documents/CoWork/bear-textbooks/books/art/ARTZIP/R_181_Toyohara Kunichika.zip	R_181_Toyohara Kunichika/Kunichika_2634_01_µ£¥πüìπéèσ│╢Φö╡_σ╕éσ╖¥Σ╣¥Φö╡πâ╗Σ╕Çπü╡πüùπéÖΣ╗üσñ¬ΘâÄ-µà╢σ┐£2.jpg	/Users/bear/Documents/CoWork/bear-textbooks/books/art/extracted/ARTZIP/R_181_Toyohara Kunichika/R_181_Toyohara Kunichika/Kunichika_2634_01_µ£¥πüìπéèσ│╢Φö╡_σ╕éσ╖¥Σ╣¥Φö╡πâ╗Σ╕Çπü╡πüùπéÖΣ╗üσñ¬ΘâÄ-µà╢σ┐£2.jpg	extracted
/Users/bear/Documents/CoWork/bear-textbooks/books/art/ARTZIP/R_181_Toyohara Kunichika.zip	R_181_Toyohara Kunichika/Kunichika_1412_03_σÉìσÅñσ▒ïσ▒▒Σ╕ë_µ▓óµ¥æΦ¿Ñσìçπâ╗Σ╕ìτá┤Σ╝┤σ╖ªΦí¢ΘûÇ_σ¥éµ¥▒σ╜ªΣ╕ëΘâÄπâ╗Σ╕ïΘâ¿Θ╣┐Φö╡_σ¥éµ¥▒σñ¬ΘâÄ-µà╢σ┐£3.jpg	/Users/bear/Documents/CoWork/bear-textbooks/books/art/extracted/ARTZIP/R_181_Toyohara Kunichika/R_181_Toyohara Kunichika/Kunichika_1412_03_σÉìσÅñσ▒ïσ▒▒Σ╕ë_µ▓óµ¥æΦ¿Ñσìçπâ╗Σ╕ìτá┤Σ╝┤σ╖ªΦí¢ΘûÇ_σ¥éµ¥▒σ╜ªΣ╕ëΘâÄπâ╗Σ╕ïΘâ¿Θ╣┐Φö╡_σ¥éµ¥▒σñ¬ΘâÄ-µà╢σ┐£3.jpg	extracted
/Users/bear/Documents/CoWork/bear-textbooks/books/art/ARTZIP/R_181_Toyohara Kunichika.zip	R_181_Toyohara Kunichika/Kunichika_36-01.jpg	/Users/bear/Documents/CoWork/bear-textbooks/books/art/extracted/ARTZIP/R_181_Toyohara Kunichika/R_181_Toyohara Kunichika/Kunichika_36-01.jpg	extracted
/Users/bear/Documents/CoWork/bear-textbooks/books/art/ARTZIP/R_181_Toyohara Kunichika.zip	R_181_Toyohara Kunichika/Kunichika_2636_πéåπüåσÑ│τÖ╜σÑ│_σ¥éµ¥▒Σ╕ëµ┤ÑΣ║öΘâÄπâ╗σ╛íµ¢╣σ¡Éτë¢ΦïÑΣ╕╕_µ▓óµ¥æΦ¿Ñσìçπâ╗τåèσ¥éΘò╖πü»πéô_Σ╕¡µ¥æΦè¥τ┐½-µÿÄµ▓╗1-cmb.jpg	/Users/bear/Documents/CoWork/bear-textbooks/books/art/extracted/ARTZIP/R_181_Toyohara Kunichika/R_181_Toyohara Kunichika/Kunichika_2636_πéåπüåσÑ│τÖ╜σÑ│_σ¥éµ¥▒Σ╕ëµ┤ÑΣ║öΘâÄπâ╗σ╛íµ¢╣σ¡Éτë¢ΦïÑΣ╕╕_µ▓óµ¥æΦ¿Ñσìçπâ╗τåèσ¥éΘò╖πü»πéô_Σ╕¡µ¥æΦè¥τ┐½-µÿÄµ▓╗1-cmb.jpg	extracted
/Users/bear/Documents/CoWork/bear-textbooks/books/art/ARTZIP/R_181_Toyohara Kunichika.zip	R_181_Toyohara Kunichika/Kunichika_3317_σ╜ôσïóΣ╕ëσìüΣ║îµâ│_µ░ùπüïπéÖπü¢πüìτ¢╕-µÿÄµ▓╗1.jpg	/Users/bear/Documents/CoWork/bear-textbooks/books/art/extracted/ARTZIP/R_181_Toyohara Kunichika/R_181_Toyohara Kunichika/Kunichika_3317_σ╜ôσïóΣ╕ëσìüΣ║îµâ│_µ░ùπüïπéÖπü¢πüìτ¢╕-µÿÄµ▓╗1.jpg	extracted
/Users/bear/Documents/CoWork/bear-textbooks/books/art/ARTZIP/R_181_Toyohara Kunichika.zip	R_181_Toyohara Kunichika/Kunichika_9544-µ¥▒µ╡╖ΘüôσÉìµëÇΣ╣ïσåà_τƒ│σ▒▒Σ╣ïτºïµ£ê-µûçΣ╣à3.jpg	/Users/bear/Documents/CoWork/bear-textbooks/books/art/extracted/ARTZIP/R_181_Toyohara Kunichika/R_181_Toyohara Kunichika/Kunichika_9544-µ¥▒µ╡╖ΘüôσÉìµëÇΣ╣ïσåà_τƒ│σ▒▒Σ╣ïτºïµ£ê-µûçΣ╣à3.jpg	extracted
/Users/bear/Documents/CoWork/bear-textbooks/books/art/ARTZIP/R_181_Toyohara Kunichika.zip	R_181_Toyohara Kunichika/Kunichika_3304_σ╜ôσïóΣ╕ëσìüΣ║îµâ│_Φªïπü¢πüƒτ¢╕.jpg	/Users/bear/Documents/CoWork/bear-textbooks/books/art/extracted/ARTZIP/R_181_Toyohara Kunichika/R_181_Toyohara Kunichika/Kunichika_3304_σ╜ôσïóΣ╕ëσìüΣ║îµâ│_Φªïπü¢πüƒτ¢╕.jpg	extracted
/Users/bear/Documents/CoWork/bear-textbooks/books/art/ARTZIP/R_181_Toyohara Kunichika.zip	R_181_Toyohara Kunichika/Kunichika_28-01.jpg	/Users/bear/Documents/CoWork/bear-textbooks/books/art/extracted/ARTZIP/R_181_Toyohara Kunichika/R_181_Toyohara Kunichika/Kunichika_28-01.jpg	extracted
/Users/bear/Documents/CoWork/bear-textbooks/books/art/ARTZIP/R_181_Toyohara Kunichika.zip	R_181_Toyohara Kunichika/Kunichika_9505-µ¥▒µ╡╖Θüô_Φêêµ┤Ñ-µûçΣ╣à3.jpg	/Users/bear/Documents/CoWork/bear-textbooks/books/art/extracted/ARTZIP/R_181_Toyohara Kunichika/R_181_Toyohara Kunichika/Kunichika_9505-µ¥▒µ╡╖Θüô_Φêêµ┤Ñ-µûçΣ╣à3.jpg	extracted
/Users/bear/Documents/CoWork/bear-textbooks/books/art/ARTZIP/R_181_Toyohara Kunichika.zip	R_181_Toyohara Kunichika/Kunichika_9478-µ¥▒µ╡╖Θüô_Θ½ÿτ╕äτë¢πüôπéÖσ▒ï-µûçΣ╣à3.jpg	/Users/bear/Documents/CoWork/bear-textbooks/books/art/extracted/ARTZIP/R_181_Toyohara Kunichika/R_181_Toyohara Kunichika/Kunichika_9478-µ¥▒µ╡╖Θüô_Θ½ÿτ╕äτë¢πüôπéÖσ▒ï-µûçΣ╣à3.jpg	extracted
/Users/bear/Documents/CoWork/bear-textbooks/books/art/ARTZIP/R_181_Toyohara Kunichika.zip	R_181_Toyohara Kunichika/Kunichika_9513-µ¥▒µ╡╖Θüô_ΘçæΦ░╖-µûçΣ╣à3.jpg	/Users/bear/Documents/CoWork/bear-textbooks/books/art/extracted/ARTZIP/R_181_Toyohara Kunichika/R_181_Toyohara Kunichika/Kunichika_9513-µ¥▒µ╡╖Θüô_ΘçæΦ░╖-µûçΣ╣à3.jpg	extracted
/Users/bear/Documents/CoWork/bear-textbooks/books/art/ARTZIP/R_181_Toyohara Kunichika.zip	R_181_Toyohara Kunichika/Ichikawa_Danjuro_IX_als_Kyumonryo_Shishin_Kyumonryo_Shishin_(titel_op_object)_Honderd_rollen_van_Ichikawa_Danjuro_IX.jpg	/Users/bear/Documents/CoWork/bear-textbooks/books/art/extracted/ARTZIP/R_181_Toyohara Kunichika/R_181_Toyohara Kunichika/Ichikawa_Danjuro_IX_als_Kyumonryo_Shishin_Kyumonryo_Shishin_(titel_op_object)_Honderd_rollen_van_Ichikawa_Danjuro_IX.jpg	extracted
/Users/bear/Documents/CoWork/bear-textbooks/books/art/ARTZIP/R_181_Toyohara Kunichika.zip	R_181_Toyohara Kunichika/Gatsu_kapsels_Gatsu_kamitsuki.jpg	/Users/bear/Documents/CoWork/bear-textbooks/books/art/extracted/ARTZIP/R_181_Toyohara Kunichika/R_181_Toyohara Kunichika/Gatsu_kapsels_Gatsu_kamitsuki.jpg	extracted
/Users/bear/Documents/CoWork/bear-textbooks/books/art/ARTZIP/R_181_Toyohara Kunichika.zip	R_181_Toyohara Kunichika/Kunichika_0630_Φ╕èσ╜óσ«╣µî».jpg	/Users/bear/Documents/CoWork/bear-textbooks/books/art/extracted/ARTZIP/R_181_Toyohara Kunichika/R_181_Toyohara Kunichika/Kunichika_0630_Φ╕èσ╜óσ«╣µî».jpg	extracted
/Users/bear/Documents/CoWork/bear-textbooks/books/art/ARTZIP/R_181_Toyohara Kunichika.zip	R_181_Toyohara Kunichika/Kunichika_142_Σ┐│σä¬σ¢úµëçτö╗.jpg	/Users/bear/Documents/CoWork/bear-textbooks/books/art/extracted/ARTZIP/R_181_Toyohara Kunichika/R_181_Toyohara Kunichika/Kunichika_142_Σ┐│σä¬σ¢úµëçτö╗.jpg	extracted
/Users/bear/Documents/CoWork/bear-textbooks/books/art/ARTZIP/R_181_Toyohara Kunichika.zip	R_181_Toyohara Kunichika/Kunichika_0608_σñºσàÑΦè¥σ▒àΣ┐│σä¬σÅîσà¡-µÿÄµ▓╗3.jpg	/Users/bear/Documents/CoWork/bear-textbooks/books/art/extracted/ARTZIP/R_181_Toyohara Kunichika/R_181_Toyohara Kunichika/Kunichika_0608_σñºσàÑΦè¥σ▒àΣ┐│σä¬σÅîσà¡-µÿÄµ▓╗3.jpg	extracted
/Users/bear/Documents/CoWork/bear-textbooks/books/art/ARTZIP/R_181_Toyohara Kunichika.zip	R_181_Toyohara Kunichika/Kunichika_9532-II-µ¥▒µ╡╖Θüô_σ£ƒσ▒▒-µûçΣ╣à3.jpg	/Users/bear/Documents/CoWork/bear-textbooks/books/art/extracted/ARTZIP/R_181_Toyohara Kunichika/R_181_Toyohara Kunichika/Kunichika_9532-II-µ¥▒µ╡╖Θüô_σ£ƒσ▒▒-µûçΣ╣à3.jpg	extracted
/Users/bear/Documents/CoWork/bear-textbooks/books/art/ARTZIP/R_181_Toyohara Kunichika.zip	R_181_Toyohara Kunichika/Kunichika_9572-µ¥▒µ╡╖ΘüôΣ╣ïσåà_Θûó-µûçΣ╣à3.jpg	/Users/bear/Documents/CoWork/bear-textbooks/books/art/extracted/ARTZIP/R_181_Toyohara Kunichika/R_181_Toyohara Kunichika/Kunichika_9572-µ¥▒µ╡╖ΘüôΣ╣ïσåà_Θûó-µûçΣ╣à3.jpg	extracted
/Users/bear/Documents/CoWork/bear-textbooks/books/art/ARTZIP/R_181_Toyohara Kunichika.zip	R_181_Toyohara Kunichika/Kunichika_9569-II-µ¥▒µ╡╖Θüô_σñºµ┤Ñ-µûçΣ╣à3.jpg	/Users/bear/Documents/CoWork/bear-textbooks/books/art/extracted/ARTZIP/R_181_Toyohara Kunichika/R_181_Toyohara Kunichika/Kunichika_9569-II-µ¥▒µ╡╖Θüô_σñºµ┤Ñ-µûçΣ╣à3.jpg	extracted
/Users/bear/Documents/CoWork/bear-textbooks/books/art/ARTZIP/R_181_Toyohara Kunichika.zip	R_181_Toyohara Kunichika/Kunichika_1412_02_σÉìσÅñσ▒ïσ▒▒Σ╕ë_µ▓óµ¥æΦ¿Ñσìçπâ╗Σ╕ìτá┤Σ╝┤σ╖ªΦí¢ΘûÇ_σ¥éµ¥▒σ╜ªΣ╕ëΘâÄπâ╗Σ╕ïΘâ¿Θ╣┐Φö╡_σ¥éµ¥▒σñ¬ΘâÄ-µà╢σ┐£3.jpg	/Users/bear/Documents/CoWork/bear-textbooks/books/art/extracted/ARTZIP/R_181_Toyohara Kunichika/R_181_Toyohara Kunichika/Kunichika_1412_02_σÉìσÅñσ▒ïσ▒▒Σ╕ë_µ▓óµ¥æΦ¿Ñσìçπâ╗Σ╕ìτá┤Σ╝┤σ╖ªΦí¢ΘûÇ_σ¥éµ¥▒σ╜ªΣ╕ëΘâÄπâ╗Σ╕ïΘâ¿Θ╣┐Φö╡_σ¥éµ¥▒σñ¬ΘâÄ-µà╢σ┐£3.jpg	extracted
/Users/bear/Documents/CoWork/bear-textbooks/books/art/ARTZIP/R_181_Toyohara Kunichika.zip	R_181_Toyohara Kunichika/Kunichika_3399_Θ╖▓πé▒µ╡£Θƒ│σÅ│Φí¢ΘûÇ.jpg	/Users/bear/Documents/CoWork/bear-textbooks/books/art/extracted/ARTZIP/R_181_Toyohara Kunichika/R_181_Toyohara Kunichika/Kunichika_3399_Θ╖▓πé▒µ╡£Θƒ│σÅ│Φí¢ΘûÇ.jpg	extracted
/Users/bear/Documents/CoWork/bear-textbooks/books/art/ARTZIP/R_181_Toyohara Kunichika.zip	R_181_Toyohara Kunichika/µ¥▒µ╡╖σ»äΦ½çΘƒ│σàÉΘñ¿.jpg	/Users/bear/Documents/CoWork/bear-textbooks/books/art/extracted/ARTZIP/R_181_Toyohara Kunichika/R_181_Toyohara Kunichika/µ¥▒µ╡╖σ»äΦ½çΘƒ│σàÉΘñ¿.jpg	extracted
/Users/bear/Documents/CoWork/bear-textbooks/books/art/ARTZIP/R_181_Toyohara Kunichika.zip	R_181_Toyohara Kunichika/Kunichika_9563-µ¥▒µ╡╖ΘüôΣ╣ïσåà_ΦùñΣ╣ïµ¥£Φ╡░Θª¼-µûçΣ╣à3.jpg	/Users/bear/Documents/CoWork/bear-textbooks/books/art/extracted/ARTZIP/R_181_Toyohara Kunichika/R_181_Toyohara Kunichika/Kunichika_9563-µ¥▒µ╡╖ΘüôΣ╣ïσåà_ΦùñΣ╣ïµ¥£Φ╡░Θª¼-µûçΣ╣à3.jpg	extracted
/Users/bear/Documents/CoWork/bear-textbooks/books/art/ARTZIP/R_181_Toyohara Kunichika.zip	R_181_Toyohara Kunichika/Kunichika_9592-µ¥▒µ╡╖Θüô_σôüσ╖¥.jpg	/Users/bear/Documents/CoWork/bear-textbooks/books/art/extracted/ARTZIP/R_181_Toyohara Kunichika/R_181_Toyohara Kunichika/Kunichika_9592-µ¥▒µ╡╖Θüô_σôüσ╖¥.jpg	extracted
/Users/bear/Documents/CoWork/bear-textbooks/books/art/ARTZIP/R_181_Toyohara Kunichika.zip	R_181_Toyohara Kunichika/Kunichika_1651_σ╜ôσïóΣ╕ëσìüΣ║îµâ│.jpg	/Users/bear/Documents/CoWork/bear-textbooks/books/art/extracted/ARTZIP/R_181_Toyohara Kunichika/R_181_Toyohara Kunichika/Kunichika_1651_σ╜ôσïóΣ╕ëσìüΣ║îµâ│.jpg	extracted
/Users/bear/Documents/CoWork/bear-textbooks/books/art/ARTZIP/R_181_Toyohara Kunichika.zip	R_181_Toyohara Kunichika/Kunichika_9486-µ¥▒µ╡╖Θüô_τÑ₧σÑêσ╖¥-µûçΣ╣à3.jpg	/Users/bear/Documents/CoWork/bear-textbooks/books/art/extracted/ARTZIP/R_181_Toyohara Kunichika/R_181_Toyohara Kunichika/Kunichika_9486-µ¥▒µ╡╖Θüô_τÑ₧σÑêσ╖¥-µûçΣ╣à3.jpg	extracted
/Users/bear/Documents/CoWork/bear-textbooks/books/art/ARTZIP/R_181_Toyohara Kunichika.zip	R_181_Toyohara Kunichika/Kunichika_2638_01_µ¡ªτö░σï¥Θá╝_µ▓óπéÇπéëΦ¿Ñσìçπâ╗σà½Θçìσ₧úσº½_µ▓óµ¥æτö░Σ╣ïσè⌐.jpg	/Users/bear/Documents/CoWork/bear-textbooks/books/art/extracted/ARTZIP/R_181_Toyohara Kunichika/R_181_Toyohara Kunichika/Kunichika_2638_01_µ¡ªτö░σï¥Θá╝_µ▓óπéÇπéëΦ¿Ñσìçπâ╗σà½Θçìσ₧úσº½_µ▓óµ¥æτö░Σ╣ïσè⌐.jpg	extracted
/Users/bear/Documents/CoWork/bear-textbooks/books/art/ARTZIP/R_181_Toyohara Kunichika.zip	R_181_Toyohara Kunichika/Kunichika_9495-µ¥▒µ╡╖ΘüôσÉìµëÇΣ╣ïσåà_σìùµ╣û-µûçΣ╣à3.jpg	/Users/bear/Documents/CoWork/bear-textbooks/books/art/extracted/ARTZIP/R_181_Toyohara Kunichika/R_181_Toyohara Kunichika/Kunichika_9495-µ¥▒µ╡╖ΘüôσÉìµëÇΣ╣ïσåà_σìùµ╣û-µûçΣ╣à3.jpg	extracted
/Users/bear/Documents/CoWork/bear-textbooks/books/art/ARTZIP/R_181_Toyohara Kunichika.zip	R_181_Toyohara Kunichika/Kunichika_0613_σ«ÖΣ╣ùσ»┐Φ¬₧σà¡-µÿÄµ▓╗1.jpg	/Users/bear/Documents/CoWork/bear-textbooks/books/art/extracted/ARTZIP/R_181_Toyohara Kunichika/R_181_Toyohara Kunichika/Kunichika_0613_σ«ÖΣ╣ùσ»┐Φ¬₧σà¡-µÿÄµ▓╗1.jpg	extracted
/Users/bear/Documents/CoWork/bear-textbooks/books/art/ARTZIP/R_181_Toyohara Kunichika.zip	R_181_Toyohara Kunichika/Kunichika_28-03.jpg	/Users/bear/Documents/CoWork/bear-textbooks/books/art/extracted/ARTZIP/R_181_Toyohara Kunichika/R_181_Toyohara Kunichika/Kunichika_28-03.jpg	extracted
/Users/bear/Documents/CoWork/bear-textbooks/books/art/ARTZIP/R_181_Toyohara Kunichika.zip	R_181_Toyohara Kunichika/Kunichika_2631_03_πüƒπéÖπüäπüïπüÅπéÖπéë_µ▓óµ¥æΦ¿Ñσìçπâ╗Φè╕ΦÇàπüèπüìπü«_µ▓óµ¥æτö░Σ╣ïσè⌐πâ╗πü╛πéèπü▓πéìπüä_Σ╕¡µ¥æΦè¥τ┐½-σàâµ▓╗1.jpg	/Users/bear/Documents/CoWork/bear-textbooks/books/art/extracted/ARTZIP/R_181_Toyohara Kunichika/R_181_Toyohara Kunichika/Kunichika_2631_03_πüƒπéÖπüäπüïπüÅπéÖπéë_µ▓óµ¥æΦ¿Ñσìçπâ╗Φè╕ΦÇàπüèπüìπü«_µ▓óµ¥æτö░Σ╣ïσè⌐πâ╗πü╛πéèπü▓πéìπüä_Σ╕¡µ¥æΦè¥τ┐½-σàâµ▓╗1.jpg	extracted
/Users/bear/Documents/CoWork/bear-textbooks/books/art/ARTZIP/R_181_Toyohara Kunichika.zip	R_181_Toyohara Kunichika/Kunichika_9595-µ¥▒µ╡╖ΘüôΣ╣ïσåà_Σ║¼Θâ╜σ╛íσç║τ½ï.jpg	/Users/bear/Documents/CoWork/bear-textbooks/books/art/extracted/ARTZIP/R_181_Toyohara Kunichika/R_181_Toyohara Kunichika/Kunichika_9595-µ¥▒µ╡╖ΘüôΣ╣ïσåà_Σ║¼Θâ╜σ╛íσç║τ½ï.jpg	extracted
/Users/bear/Documents/CoWork/bear-textbooks/books/art/ARTZIP/R_181_Toyohara Kunichika.zip	R_181_Toyohara Kunichika/Kunichika_9577-µ¥▒µ╡╖Θüô_σ╛íµ▓╣-µûçΣ╣à3.jpg	/Users/bear/Documents/CoWork/bear-textbooks/books/art/extracted/ARTZIP/R_181_Toyohara Kunichika/R_181_Toyohara Kunichika/Kunichika_9577-µ¥▒µ╡╖Θüô_σ╛íµ▓╣-µûçΣ╣à3.jpg	extracted
/Users/bear/Documents/CoWork/bear-textbooks/books/art/ARTZIP/R_181_Toyohara Kunichika.zip	R_181_Toyohara Kunichika/Genji_Excursion_to_Enoshima_Island.jpg	/Users/bear/Documents/CoWork/bear-textbooks/books/art/extracted/ARTZIP/R_181_Toyohara Kunichika/R_181_Toyohara Kunichika/Genji_Excursion_to_Enoshima_Island.jpg	extracted
/Users/bear/Documents/CoWork/bear-textbooks/books/art/ARTZIP/R_181_Toyohara Kunichika.zip	R_181_Toyohara Kunichika/Kunichika_36-03.jpg	/Users/bear/Documents/CoWork/bear-textbooks/books/art/extracted/ARTZIP/R_181_Toyohara Kunichika/R_181_Toyohara Kunichika/Kunichika_36-03.jpg	extracted
/Users/bear/Documents/CoWork/bear-textbooks/books/art/ARTZIP/R_181_Toyohara Kunichika.zip	R_181_Toyohara Kunichika/Kunichika_1844-02.jpg	/Users/bear/Documents/CoWork/bear-textbooks/books/art/extracted/ARTZIP/R_181_Toyohara Kunichika/R_181_Toyohara Kunichika/Kunichika_1844-02.jpg	extracted
/Users/bear/Documents/CoWork/bear-textbooks/books/art/ARTZIP/R_181_Toyohara Kunichika.zip	R_181_Toyohara Kunichika/Kunichika_1844-03.jpg	/Users/bear/Documents/CoWork/bear-textbooks/books/art/extracted/ARTZIP/R_181_Toyohara Kunichika/R_181_Toyohara Kunichika/Kunichika_1844-03.jpg	extracted
/Users/bear/Documents/CoWork/bear-textbooks/books/art/ARTZIP/R_181_Toyohara Kunichika.zip	R_181_Toyohara Kunichika/Kunichika_36-02.jpg	/Users/bear/Documents/CoWork/bear-textbooks/books/art/extracted/ARTZIP/R_181_Toyohara Kunichika/R_181_Toyohara Kunichika/Kunichika_36-02.jpg	extracted
/Users/bear/Documents/CoWork/bear-textbooks/books/art/ARTZIP/R_181_Toyohara Kunichika.zip	R_181_Toyohara Kunichika/Kunichika_9560-µ¥▒µ╡╖Θüô_Φùñµ₧¥-µûçΣ╣à3.jpg	/Users/bear/Documents/CoWork/bear-textbooks/books/art/extracted/ARTZIP/R_181_Toyohara Kunichika/R_181_Toyohara Kunichika/Kunichika_9560-µ¥▒µ╡╖Θüô_Φùñµ₧¥-µûçΣ╣à3.jpg	extracted
/Users/bear/Documents/CoWork/bear-textbooks/books/art/ARTZIP/R_181_Toyohara Kunichika.zip	R_181_Toyohara Kunichika/Kunichika_1843_cmb.jpg	/Users/bear/Documents/CoWork/bear-textbooks/books/art/extracted/ARTZIP/R_181_Toyohara Kunichika/R_181_Toyohara Kunichika/Kunichika_1843_cmb.jpg	extracted
/Users/bear/Documents/CoWork/bear-textbooks/books/art/ARTZIP/R_181_Toyohara Kunichika.zip	R_181_Toyohara Kunichika/Kunichika_28-02.jpg	/Users/bear/Documents/CoWork/bear-textbooks/books/art/extracted/ARTZIP/R_181_Toyohara Kunichika/R_181_Toyohara Kunichika/Kunichika_28-02.jpg	extracted
/Users/bear/Documents/CoWork/bear-textbooks/books/art/ARTZIP/R_181_Toyohara Kunichika.zip	R_181_Toyohara Kunichika/Kunichika_067_Σ┐│σä¬σ¢úµëçτö╗.jpg	/Users/bear/Documents/CoWork/bear-textbooks/books/art/extracted/ARTZIP/R_181_Toyohara Kunichika/R_181_Toyohara Kunichika/Kunichika_067_Σ┐│σä¬σ¢úµëçτö╗.jpg	extracted
/Users/bear/Documents/CoWork/bear-textbooks/books/art/ARTZIP/R_181_Toyohara Kunichika.zip	R_181_Toyohara Kunichika/Kunichika_9583-µ¥▒µ╡╖Θüô_µ▓╝µ┤Ñ.jpg	/Users/bear/Documents/CoWork/bear-textbooks/books/art/extracted/ARTZIP/R_181_Toyohara Kunichika/R_181_Toyohara Kunichika/Kunichika_9583-µ¥▒µ╡╖Θüô_µ▓╝µ┤Ñ.jpg	extracted
/Users/bear/Documents/CoWork/bear-textbooks/books/art/ARTZIP/R_181_Toyohara Kunichika.zip	R_181_Toyohara Kunichika/Ichikawa_Danjuro_IX_als_Soga_no_Goro_Soga_no_Goro_(titel_op_object)_Honderd_rollen_van_Ichikawa_Danjuro_IX.jpg	/Users/bear/Documents/CoWork/bear-textbooks/books/art/extracted/ARTZIP/R_181_Toyohara Kunichika/R_181_Toyohara Kunichika/Ichikawa_Danjuro_IX_als_Soga_no_Goro_Soga_no_Goro_(titel_op_object)_Honderd_rollen_van_Ichikawa_Danjuro_IX.jpg	extracted
/Users/bear/Documents/CoWork/bear-textbooks/books/art/ARTZIP/R_181_Toyohara Kunichika.zip	R_181_Toyohara Kunichika/Kunichika_9564-II-µ¥▒µ╡╖ΘüôσÉìµëÇΣ╣ïσåà_Σ║¼µ╕àµ░┤σ»║-µûçΣ╣à3.jpg	/Users/bear/Documents/CoWork/bear-textbooks/books/art/extracted/ARTZIP/R_181_Toyohara Kunichika/R_181_Toyohara Kunichika/Kunichika_9564-II-µ¥▒µ╡╖ΘüôσÉìµëÇΣ╣ïσåà_Σ║¼µ╕àµ░┤σ»║-µûçΣ╣à3.jpg	extracted
/Users/bear/Documents/CoWork/bear-textbooks/books/art/ARTZIP/R_181_Toyohara Kunichika.zip	R_181_Toyohara Kunichika/Kunichika_9523-II-µ¥▒µ╡╖Θüô_Φ╡ñσ¥é.jpg	/Users/bear/Documents/CoWork/bear-textbooks/books/art/extracted/ARTZIP/R_181_Toyohara Kunichika/R_181_Toyohara Kunichika/Kunichika_9523-II-µ¥▒µ╡╖Θüô_Φ╡ñσ¥é.jpg	extracted
/Users/bear/Documents/CoWork/bear-textbooks/books/art/ARTZIP/R_181_Toyohara Kunichika.zip	R_181_Toyohara Kunichika/Kunichika_43128.jpg	/Users/bear/Documents/CoWork/bear-textbooks/books/art/extracted/ARTZIP/R_181_Toyohara Kunichika/R_181_Toyohara Kunichika/Kunichika_43128.jpg	extracted
/Users/bear/Documents/CoWork/bear-textbooks/books/art/ARTZIP/R_181_Toyohara Kunichika.zip	R_181_Toyohara Kunichika/Kunichika_9591-µ¥▒µ╡╖Θüô_µ╡¬Φè▒σñ⌐Σ┐¥σ▒▒-µûçΣ╣à3.jpg	/Users/bear/Documents/CoWork/bear-textbooks/books/art/extracted/ARTZIP/R_181_Toyohara Kunichika/R_181_Toyohara Kunichika/Kunichika_9591-µ¥▒µ╡╖Θüô_µ╡¬Φè▒σñ⌐Σ┐¥σ▒▒-µûçΣ╣à3.jpg	extracted
/Users/bear/Documents/CoWork/bear-textbooks/books/art/ARTZIP/R_181_Toyohara Kunichika.zip	R_181_Toyohara Kunichika/Kunichika_9538-µ¥▒µ╡╖Θüô_σ£ƒσ▒▒Θê┤πé▒σ▒▒σ¥éπâÄΣ╕ï-µûçΣ╣à3.jpg	/Users/bear/Documents/CoWork/bear-textbooks/books/art/extracted/ARTZIP/R_181_Toyohara Kunichika/R_181_Toyohara Kunichika/Kunichika_9538-µ¥▒µ╡╖Θüô_σ£ƒσ▒▒Θê┤πé▒σ▒▒σ¥éπâÄΣ╕ï-µûçΣ╣à3.jpg	extracted
/Users/bear/Documents/CoWork/bear-textbooks/books/art/ARTZIP/R_181_Toyohara Kunichika.zip	R_181_Toyohara Kunichika/Kunichika_9578-µ¥▒µ╡╖ΘüôσÉìµëÇΣ╣ïσåà_τ⌐┤Θ│⌐σà½σ╣í.jpg	/Users/bear/Documents/CoWork/bear-textbooks/books/art/extracted/ARTZIP/R_181_Toyohara Kunichika/R_181_Toyohara Kunichika/Kunichika_9578-µ¥▒µ╡╖ΘüôσÉìµëÇΣ╣ïσåà_τ⌐┤Θ│⌐σà½σ╣í.jpg	extracted
/Users/bear/Documents/CoWork/bear-textbooks/books/art/ARTZIP/R_181_Toyohara Kunichika.zip	R_181_Toyohara Kunichika/Kunichika_1964_01_µÑ╜σ▒ïσñºΦ⌐òσêñ-µÿÄµ▓╗1.jpg	/Users/bear/Documents/CoWork/bear-textbooks/books/art/extracted/ARTZIP/R_181_Toyohara Kunichika/R_181_Toyohara Kunichika/Kunichika_1964_01_µÑ╜σ▒ïσñºΦ⌐òσêñ-µÿÄµ▓╗1.jpg	extracted
/Users/bear/Documents/CoWork/bear-textbooks/books/art/ARTZIP/R_181_Toyohara Kunichika.zip	R_181_Toyohara Kunichika/Kunichika_3207-µ¥▒Θâ╜Σ╕ëσìüσà¡µÖ»Σ╣ïσåà_Σ╕íσ¢╜-µûçΣ╣à3.jpg	/Users/bear/Documents/CoWork/bear-textbooks/books/art/extracted/ARTZIP/R_181_Toyohara Kunichika/R_181_Toyohara Kunichika/Kunichika_3207-µ¥▒Θâ╜Σ╕ëσìüσà¡µÖ»Σ╣ïσåà_Σ╕íσ¢╜-µûçΣ╣à3.jpg	extracted
/Users/bear/Documents/CoWork/bear-textbooks/books/art/ARTZIP/R_181_Toyohara Kunichika.zip	R_181_Toyohara Kunichika/Kunichika_145_Σ┐│σä¬σ¢úµëçτö╗.jpg	/Users/bear/Documents/CoWork/bear-textbooks/books/art/extracted/ARTZIP/R_181_Toyohara Kunichika/R_181_Toyohara Kunichika/Kunichika_145_Σ┐│σä¬σ¢úµëçτö╗.jpg	extracted
/Users/bear/Documents/CoWork/bear-textbooks/books/art/ARTZIP/R_181_Toyohara Kunichika.zip	R_181_Toyohara Kunichika/Kunichika_51563.jpg	/Users/bear/Documents/CoWork/bear-textbooks/books/art/extracted/ARTZIP/R_181_Toyohara Kunichika/R_181_Toyohara Kunichika/Kunichika_51563.jpg	extracted
/Users/bear/Documents/CoWork/bear-textbooks/books/art/ARTZIP/R_181_Toyohara Kunichika.zip	R_181_Toyohara Kunichika/Kunichika_ 20.jpg	/Users/bear/Documents/CoWork/bear-textbooks/books/art/extracted/ARTZIP/R_181_Toyohara Kunichika/R_181_Toyohara Kunichika/Kunichika_ 20.jpg	extracted
/Users/bear/Documents/CoWork/bear-textbooks/books/art/ARTZIP/R_181_Toyohara Kunichika.zip	R_181_Toyohara Kunichika/Kunichika_2592-unknown-τÑÉΘüô_Σ╕¡µ¥æσ«ùσìüΘâÄπâ╗τÖ╜ΦÅè_σ▓⌐Σ║òσìèσ¢¢ΘâÄ.jpg	/Users/bear/Documents/CoWork/bear-textbooks/books/art/extracted/ARTZIP/R_181_Toyohara Kunichika/R_181_Toyohara Kunichika/Kunichika_2592-unknown-τÑÉΘüô_Σ╕¡µ¥æσ«ùσìüΘâÄπâ╗τÖ╜ΦÅè_σ▓⌐Σ║òσìèσ¢¢ΘâÄ.jpg	extracted
/Users/bear/Documents/CoWork/bear-textbooks/books/art/ARTZIP/R_181_Toyohara Kunichika.zip	R_181_Toyohara Kunichika/Kunichika_2961_Φªïτ½ïσ╝üµà╢µÅâ_σÅ░τë⌐πü«µ╡ª_σ░╛Σ╕èΦÅèΣ║öΘâÄ-µÿÄµ▓╗5.jpg	/Users/bear/Documents/CoWork/bear-textbooks/books/art/extracted/ARTZIP/R_181_Toyohara Kunichika/R_181_Toyohara Kunichika/Kunichika_2961_Φªïτ½ïσ╝üµà╢µÅâ_σÅ░τë⌐πü«µ╡ª_σ░╛Σ╕èΦÅèΣ║öΘâÄ-µÿÄµ▓╗5.jpg	extracted
/Users/bear/Documents/CoWork/bear-textbooks/books/art/ARTZIP/R_181_Toyohara Kunichika.zip	R_181_Toyohara Kunichika/Kunichika_079_Σ┐│σä¬σ¢úµëçτö╗.jpg	/Users/bear/Documents/CoWork/bear-textbooks/books/art/extracted/ARTZIP/R_181_Toyohara Kunichika/R_181_Toyohara Kunichika/Kunichika_079_Σ┐│σä¬σ¢úµëçτö╗.jpg	extracted
/Users/bear/Documents/CoWork/bear-textbooks/books/art/ARTZIP/R_181_Toyohara Kunichika.zip	R_181_Toyohara Kunichika/Kunichika_2948_02_τö░ΦêÄσ¿ÿσ«ƒπâÅΣ╣¥σ░╛_µ▓óµ¥æτö░Σ╣ïσè⌐πâ╗Σ╕ëµ╡ªΣ╣ïσè⌐_σ¥éµ¥▒σ╜ªΣ╕ëΘâÄ.jpg	/Users/bear/Documents/CoWork/bear-textbooks/books/art/extracted/ARTZIP/R_181_Toyohara Kunichika/R_181_Toyohara Kunichika/Kunichika_2948_02_τö░ΦêÄσ¿ÿσ«ƒπâÅΣ╣¥σ░╛_µ▓óµ¥æτö░Σ╣ïσè⌐πâ╗Σ╕ëµ╡ªΣ╣ïσè⌐_σ¥éµ¥▒σ╜ªΣ╕ëΘâÄ.jpg	extracted
/Users/bear/Documents/CoWork/bear-textbooks/books/art/ARTZIP/R_181_Toyohara Kunichika.zip	R_181_Toyohara Kunichika/Kunichika_9541-µ¥▒µ╡╖ΘüôσÉìµëÇΣ╣ïσåà_σ▒▒σ┤Ä-µûçΣ╣à3.jpg	/Users/bear/Documents/CoWork/bear-textbooks/books/art/extracted/ARTZIP/R_181_Toyohara Kunichika/R_181_Toyohara Kunichika/Kunichika_9541-µ¥▒µ╡╖ΘüôσÉìµëÇΣ╣ïσåà_σ▒▒σ┤Ä-µûçΣ╣à3.jpg	extracted
/Users/bear/Documents/CoWork/bear-textbooks/books/art/ARTZIP/R_181_Toyohara Kunichika.zip	R_181_Toyohara Kunichika/Kunichika_32-01.jpg	/Users/bear/Documents/CoWork/bear-textbooks/books/art/extracted/ARTZIP/R_181_Toyohara Kunichika/R_181_Toyohara Kunichika/Kunichika_32-01.jpg	extracted
/Users/bear/Documents/CoWork/bear-textbooks/books/art/ARTZIP/R_181_Toyohara Kunichika.zip	R_181_Toyohara Kunichika/Kunichika_9575-II-µ¥▒µ╡╖Θüô_Θ₧áσ¡É.jpg	/Users/bear/Documents/CoWork/bear-textbooks/books/art/extracted/ARTZIP/R_181_Toyohara Kunichika/R_181_Toyohara Kunichika/Kunichika_9575-II-µ¥▒µ╡╖Θüô_Θ₧áσ¡É.jpg	extracted
/Users/bear/Documents/CoWork/bear-textbooks/books/art/ARTZIP/R_181_Toyohara Kunichika.zip	R_181_Toyohara Kunichika/Kunichika_151_Σ┐│σä¬σ¢úµëçτö╗.jpg	/Users/bear/Documents/CoWork/bear-textbooks/books/art/extracted/ARTZIP/R_181_Toyohara Kunichika/R_181_Toyohara Kunichika/Kunichika_151_Σ┐│σä¬σ¢úµëçτö╗.jpg	extracted
/Users/bear/Documents/CoWork/bear-textbooks/books/art/ARTZIP/R_181_Toyohara Kunichika.zip	R_181_Toyohara Kunichika/Kunichika_3302_σ╜ôσïóΣ╕ëσìüΣ║îµâ│_ΦêƒπüïπéÖπüéπüƒπéèτ¢╕-µÿÄµ▓╗1.jpg	/Users/bear/Documents/CoWork/bear-textbooks/books/art/extracted/ARTZIP/R_181_Toyohara Kunichika/R_181_Toyohara Kunichika/Kunichika_3302_σ╜ôσïóΣ╕ëσìüΣ║îµâ│_ΦêƒπüïπéÖπüéπüƒπéèτ¢╕-µÿÄµ▓╗1.jpg	extracted
/Users/bear/Documents/CoWork/bear-textbooks/books/art/ARTZIP/R_181_Toyohara Kunichika.zip	R_181_Toyohara Kunichika/Kunichika_1840-01.jpg	/Users/bear/Documents/CoWork/bear-textbooks/books/art/extracted/ARTZIP/R_181_Toyohara Kunichika/R_181_Toyohara Kunichika/Kunichika_1840-01.jpg	extracted
/Users/bear/Documents/CoWork/bear-textbooks/books/art/ARTZIP/R_181_Toyohara Kunichika.zip	R_181_Toyohara Kunichika/Kunichika_9567-II-µ¥▒µ╡╖ΘüôσÉìµëÇΣ╣ïσåà_Σ║¼σ╡Éσ▒▒-µûçΣ╣à3.jpg	/Users/bear/Documents/CoWork/bear-textbooks/books/art/extracted/ARTZIP/R_181_Toyohara Kunichika/R_181_Toyohara Kunichika/Kunichika_9567-II-µ¥▒µ╡╖ΘüôσÉìµëÇΣ╣ïσåà_Σ║¼σ╡Éσ▒▒-µûçΣ╣à3.jpg	extracted
/Users/bear/Documents/CoWork/bear-textbooks/books/art/ARTZIP/R_181_Toyohara Kunichika.zip	R_181_Toyohara Kunichika/De_reputatie_van_Sato_Masakiyo_Sato_Masakiyo_komei_no_zu.jpg	/Users/bear/Documents/CoWork/bear-textbooks/books/art/extracted/ARTZIP/R_181_Toyohara Kunichika/R_181_Toyohara Kunichika/De_reputatie_van_Sato_Masakiyo_Sato_Masakiyo_komei_no_zu.jpg	extracted
/Users/bear/Documents/CoWork/bear-textbooks/books/art/ARTZIP/R_181_Toyohara Kunichika.zip	R_181_Toyohara Kunichika/Kunichika_51562.jpg	/Users/bear/Documents/CoWork/bear-textbooks/books/art/extracted/ARTZIP/R_181_Toyohara Kunichika/R_181_Toyohara Kunichika/Kunichika_51562.jpg	extracted
/Users/bear/Documents/CoWork/bear-textbooks/books/art/ARTZIP/R_181_Toyohara Kunichika.zip	R_181_Toyohara Kunichika/Kunichika_9531-Utagawa_Yoshikata-µ¥▒µ╡╖Θüô_µíæσÉì.jpg	/Users/bear/Documents/CoWork/bear-textbooks/books/art/extracted/ARTZIP/R_181_Toyohara Kunichika/R_181_Toyohara Kunichika/Kunichika_9531-Utagawa_Yoshikata-µ¥▒µ╡╖Θüô_µíæσÉì.jpg	extracted
/Users/bear/Documents/CoWork/bear-textbooks/books/art/ARTZIP/R_181_Toyohara Kunichika.zip	R_181_Toyohara Kunichika/Kunichika_9527_µ¥▒µ╡╖Θüô_µ▒áΘ»ëΘ«Æ.jpg	/Users/bear/Documents/CoWork/bear-textbooks/books/art/extracted/ARTZIP/R_181_Toyohara Kunichika/R_181_Toyohara Kunichika/Kunichika_9527_µ¥▒µ╡╖Θüô_µ▒áΘ»ëΘ«Æ.jpg	extracted
/Users/bear/Documents/CoWork/bear-textbooks/books/art/ARTZIP/R_181_Toyohara Kunichika.zip	R_181_Toyohara Kunichika/Kunichika_058_Σ┐│σä¬σ¢úµëçτö╗.jpg	/Users/bear/Documents/CoWork/bear-textbooks/books/art/extracted/ARTZIP/R_181_Toyohara Kunichika/R_181_Toyohara Kunichika/Kunichika_058_Σ┐│σä¬σ¢úµëçτö╗.jpg	extracted
/Users/bear/Documents/CoWork/bear-textbooks/books/art/ARTZIP/R_181_Toyohara Kunichika.zip	R_181_Toyohara Kunichika/Kunichika_9540-µ¥▒µ╡╖Θüô_σ¥éπâÄΣ╕ï.jpg	/Users/bear/Documents/CoWork/bear-textbooks/books/art/extracted/ARTZIP/R_181_Toyohara Kunichika/R_181_Toyohara Kunichika/Kunichika_9540-µ¥▒µ╡╖Θüô_σ¥éπâÄΣ╕ï.jpg	extracted
/Users/bear/Documents/CoWork/bear-textbooks/books/art/ARTZIP/R_181_Toyohara Kunichika.zip	R_181_Toyohara Kunichika/Kunichika_148_Σ┐│σä¬σ¢úµëçτö╗.jpg	/Users/bear/Documents/CoWork/bear-textbooks/books/art/extracted/ARTZIP/R_181_Toyohara Kunichika/R_181_Toyohara Kunichika/Kunichika_148_Σ┐│σä¬σ¢úµëçτö╗.jpg	extracted
/Users/bear/Documents/CoWork/bear-textbooks/books/art/ARTZIP/R_181_Toyohara Kunichika.zip	R_181_Toyohara Kunichika/Kunichika_2632_01_σñòµ╢╝Φè▒τü½Φ│æ-µÿÄµ▓╗3.jpg	/Users/bear/Documents/CoWork/bear-textbooks/books/art/extracted/ARTZIP/R_181_Toyohara Kunichika/R_181_Toyohara Kunichika/Kunichika_2632_01_σñòµ╢╝Φè▒τü½Φ│æ-µÿÄµ▓╗3.jpg	extracted
/Users/bear/Documents/CoWork/bear-textbooks/books/art/ARTZIP/R_181_Toyohara Kunichika.zip	R_181_Toyohara Kunichika/Kunichika_51560.jpg	/Users/bear/Documents/CoWork/bear-textbooks/books/art/extracted/ARTZIP/R_181_Toyohara Kunichika/R_181_Toyohara Kunichika/Kunichika_51560.jpg	extracted
/Users/bear/Documents/CoWork/bear-textbooks/books/art/ARTZIP/R_181_Toyohara Kunichika.zip	R_181_Toyohara Kunichika/Kunichika_28_cmb.jpg	/Users/bear/Documents/CoWork/bear-textbooks/books/art/extracted/ARTZIP/R_181_Toyohara Kunichika/R_181_Toyohara Kunichika/Kunichika_28_cmb.jpg	extracted
/Users/bear/Documents/CoWork/bear-textbooks/books/art/ARTZIP/R_181_Toyohara Kunichika.zip	R_181_Toyohara Kunichika/Kunichika_9570-µ¥▒µ╡╖Θüô_τÇ¼τö░σöÉµ⌐ï-µûçΣ╣à3.jpg	/Users/bear/Documents/CoWork/bear-textbooks/books/art/extracted/ARTZIP/R_181_Toyohara Kunichika/R_181_Toyohara Kunichika/Kunichika_9570-µ¥▒µ╡╖Θüô_τÇ¼τö░σöÉµ⌐ï-µûçΣ╣à3.jpg	extracted
/Users/bear/Documents/CoWork/bear-textbooks/books/art/ARTZIP/R_181_Toyohara Kunichika.zip	R_181_Toyohara Kunichika/Kunichika_7680_µ¥▒µ╡╖ΘüôΣ║öσìüΣ╕ëµ¼íΣ╣ïσåàΦê╣µ⌐ïµÄ¢µ╕íΦíîσêùΣ╣ïσ¢│-µûçΣ╣à3-cmb.jpg	/Users/bear/Documents/CoWork/bear-textbooks/books/art/extracted/ARTZIP/R_181_Toyohara Kunichika/R_181_Toyohara Kunichika/Kunichika_7680_µ¥▒µ╡╖ΘüôΣ║öσìüΣ╕ëµ¼íΣ╣ïσåàΦê╣µ⌐ïµÄ¢µ╕íΦíîσêùΣ╣ïσ¢│-µûçΣ╣à3-cmb.jpg	extracted
/Users/bear/Documents/CoWork/bear-textbooks/books/art/ARTZIP/R_181_Toyohara Kunichika.zip	R_181_Toyohara Kunichika/Ichikawa_Danjuro_als_Kato_Kiyomasa_Kato_Kiyomasa_Ichikawa_Danjuro.jpg	/Users/bear/Documents/CoWork/bear-textbooks/books/art/extracted/ARTZIP/R_181_Toyohara Kunichika/R_181_Toyohara Kunichika/Ichikawa_Danjuro_als_Kato_Kiyomasa_Kato_Kiyomasa_Ichikawa_Danjuro.jpg	extracted
/Users/bear/Documents/CoWork/bear-textbooks/books/art/ARTZIP/R_181_Toyohara Kunichika.zip	R_181_Toyohara Kunichika/Kunichika_9585-µ¥▒µ╡╖ΘüôσÉìµëÇΣ╣ïσåà_Θ┤¿τ½ïµ▓ó-µûçΣ╣à3.jpg	/Users/bear/Documents/CoWork/bear-textbooks/books/art/extracted/ARTZIP/R_181_Toyohara Kunichika/R_181_Toyohara Kunichika/Kunichika_9585-µ¥▒µ╡╖ΘüôσÉìµëÇΣ╣ïσåà_Θ┤¿τ½ïµ▓ó-µûçΣ╣à3.jpg	extracted
/Users/bear/Documents/CoWork/bear-textbooks/books/art/ARTZIP/R_181_Toyohara Kunichika.zip	R_181_Toyohara Kunichika/Kunichika_9581-II-µ¥▒µ╡╖Θüô_ΦÆ▓σÄƒ.jpg	/Users/bear/Documents/CoWork/bear-textbooks/books/art/extracted/ARTZIP/R_181_Toyohara Kunichika/R_181_Toyohara Kunichika/Kunichika_9581-II-µ¥▒µ╡╖Θüô_ΦÆ▓σÄƒ.jpg	extracted
/Users/bear/Documents/CoWork/bear-textbooks/books/art/ARTZIP/R_181_Toyohara Kunichika.zip	R_181_Toyohara Kunichika/Kunichika_060_Σ┐│σä¬σ¢úµëçτö╗.jpg	/Users/bear/Documents/CoWork/bear-textbooks/books/art/extracted/ARTZIP/R_181_Toyohara Kunichika/R_181_Toyohara Kunichika/Kunichika_060_Σ┐│σä¬σ¢úµëçτö╗.jpg	extracted
/Users/bear/Documents/CoWork/bear-textbooks/books/art/ARTZIP/R_181_Toyohara Kunichika.zip	R_181_Toyohara Kunichika/Kunichika_1840-03.jpg	/Users/bear/Documents/CoWork/bear-textbooks/books/art/extracted/ARTZIP/R_181_Toyohara Kunichika/R_181_Toyohara Kunichika/Kunichika_1840-03.jpg	extracted
/Users/bear/Documents/CoWork/bear-textbooks/books/art/ARTZIP/R_181_Toyohara Kunichika.zip	R_181_Toyohara Kunichika/Kunichika_32-02.jpg	/Users/bear/Documents/CoWork/bear-textbooks/books/art/extracted/ARTZIP/R_181_Toyohara Kunichika/R_181_Toyohara Kunichika/Kunichika_32-02.jpg	extracted
/Users/bear/Documents/CoWork/bear-textbooks/books/art/ARTZIP/R_181_Toyohara Kunichika.zip	R_181_Toyohara Kunichika/Kunichika_9522-II-µ¥▒µ╡╖Θüô_σÉëτö░.jpg	/Users/bear/Documents/CoWork/bear-textbooks/books/art/extracted/ARTZIP/R_181_Toyohara Kunichika/R_181_Toyohara Kunichika/Kunichika_9522-II-µ¥▒µ╡╖Θüô_σÉëτö░.jpg	extracted
/Users/bear/Documents/CoWork/bear-textbooks/books/art/ARTZIP/R_181_Toyohara Kunichika.zip	R_181_Toyohara Kunichika/Kunichika_2676-unknown-πüäπüïπüæµ¥╛_σ░╛Σ╕èΦÅèΣ║öΘâÄ.jpg	/Users/bear/Documents/CoWork/bear-textbooks/books/art/extracted/ARTZIP/R_181_Toyohara Kunichika/R_181_Toyohara Kunichika/Kunichika_2676-unknown-πüäπüïπüæµ¥╛_σ░╛Σ╕èΦÅèΣ║öΘâÄ.jpg	extracted
/Users/bear/Documents/CoWork/bear-textbooks/books/art/ARTZIP/R_181_Toyohara Kunichika.zip	R_181_Toyohara Kunichika/Kunichika_7680_01_µ¥▒µ╡╖ΘüôΣ║öσìüΣ╕ëµ¼íΣ╣ïσåàΦê╣µ⌐ïµÄ¢µ╕íΦíîσêùΣ╣ïσ¢│-µûçΣ╣à3.jpg	/Users/bear/Documents/CoWork/bear-textbooks/books/art/extracted/ARTZIP/R_181_Toyohara Kunichika/R_181_Toyohara Kunichika/Kunichika_7680_01_µ¥▒µ╡╖ΘüôΣ║öσìüΣ╕ëµ¼íΣ╣ïσåàΦê╣µ⌐ïµÄ¢µ╕íΦíîσêùΣ╣ïσ¢│-µûçΣ╣à3.jpg	extracted
/Users/bear/Documents/CoWork/bear-textbooks/books/art/ARTZIP/R_181_Toyohara Kunichika.zip	R_181_Toyohara Kunichika/Kunichika_9514-µ¥▒µ╡╖Θüô_ΦªïΘÖä-µûçΣ╣à3.jpg	/Users/bear/Documents/CoWork/bear-textbooks/books/art/extracted/ARTZIP/R_181_Toyohara Kunichika/R_181_Toyohara Kunichika/Kunichika_9514-µ¥▒µ╡╖Θüô_ΦªïΘÖä-µûçΣ╣à3.jpg	extracted
/Users/bear/Documents/CoWork/bear-textbooks/books/art/ARTZIP/R_181_Toyohara Kunichika.zip	R_181_Toyohara Kunichika/Kunichika_85_01_µç╕τÜ┐σñóπü«µ╡äτæáτÆâ-σ«ëµö┐3.jpg	/Users/bear/Documents/CoWork/bear-textbooks/books/art/extracted/ARTZIP/R_181_Toyohara Kunichika/R_181_Toyohara Kunichika/Kunichika_85_01_µç╕τÜ┐σñóπü«µ╡äτæáτÆâ-σ«ëµö┐3.jpg	extracted
/Users/bear/Documents/CoWork/bear-textbooks/books/art/ARTZIP/R_181_Toyohara Kunichika.zip	R_181_Toyohara Kunichika/Kunichika_0626_πÇöσ╜╣ΦÇàΣ╝╝Θíöτ╡╡σÅîσà¡πÇò-µÿÄµ▓╗1.jpg	/Users/bear/Documents/CoWork/bear-textbooks/books/art/extracted/ARTZIP/R_181_Toyohara Kunichika/R_181_Toyohara Kunichika/Kunichika_0626_πÇöσ╜╣ΦÇàΣ╝╝Θíöτ╡╡σÅîσà¡πÇò-µÿÄµ▓╗1.jpg	extracted
/Users/bear/Documents/CoWork/bear-textbooks/books/art/ARTZIP/R_181_Toyohara Kunichika.zip	R_181_Toyohara Kunichika/Kunichika_2635_03_σ┐áΦçúΦö╡Σ║öµ«╡τ¢«πâ╗σ┐áΦçúΦö╡σ¢¢µ«╡τ¢«πâ╗σ┐áΦçúΦö╡πâÄΣ╕ëµ«╡τ¢«-µÿÄµ▓╗3.jpg	/Users/bear/Documents/CoWork/bear-textbooks/books/art/extracted/ARTZIP/R_181_Toyohara Kunichika/R_181_Toyohara Kunichika/Kunichika_2635_03_σ┐áΦçúΦö╡Σ║öµ«╡τ¢«πâ╗σ┐áΦçúΦö╡σ¢¢µ«╡τ¢«πâ╗σ┐áΦçúΦö╡πâÄΣ╕ëµ«╡τ¢«-µÿÄµ▓╗3.jpg	extracted
/Users/bear/Documents/CoWork/bear-textbooks/books/art/ARTZIP/R_181_Toyohara Kunichika.zip	R_181_Toyohara Kunichika/The_Tale_of_Genji.jpg	/Users/bear/Documents/CoWork/bear-textbooks/books/art/extracted/ARTZIP/R_181_Toyohara Kunichika/R_181_Toyohara Kunichika/The_Tale_of_Genji.jpg	extracted
/Users/bear/Documents/CoWork/bear-textbooks/books/art/ARTZIP/R_181_Toyohara Kunichika.zip	R_181_Toyohara Kunichika/Kunichika_32-03.jpg	/Users/bear/Documents/CoWork/bear-textbooks/books/art/extracted/ARTZIP/R_181_Toyohara Kunichika/R_181_Toyohara Kunichika/Kunichika_32-03.jpg	extracted
/Users/bear/Documents/CoWork/bear-textbooks/books/art/ARTZIP/R_181_Toyohara Kunichika.zip	R_181_Toyohara Kunichika/Kunichika_1840-02.jpg	/Users/bear/Documents/CoWork/bear-textbooks/books/art/extracted/ARTZIP/R_181_Toyohara Kunichika/R_181_Toyohara Kunichika/Kunichika_1840-02.jpg	extracted
/Users/bear/Documents/CoWork/bear-textbooks/books/art/ARTZIP/R_181_Toyohara Kunichika.zip	R_181_Toyohara Kunichika/Kunichika_Scene_in_a_villa.jpg	/Users/bear/Documents/CoWork/bear-textbooks/books/art/extracted/ARTZIP/R_181_Toyohara Kunichika/R_181_Toyohara Kunichika/Kunichika_Scene_in_a_villa.jpg	extracted
/Users/bear/Documents/CoWork/bear-textbooks/books/art/ARTZIP/R_181_Toyohara Kunichika.zip	R_181_Toyohara Kunichika/Hodogaya_Tokaido.jpg	/Users/bear/Documents/CoWork/bear-textbooks/books/art/extracted/ARTZIP/R_181_Toyohara Kunichika/R_181_Toyohara Kunichika/Hodogaya_Tokaido.jpg	extracted
/Users/bear/Documents/CoWork/bear-textbooks/books/art/ARTZIP/R_181_Toyohara Kunichika.zip	R_181_Toyohara Kunichika/Kunichika_9507-µ¥▒µ╡╖Θüô_µ╡£µ¥╛.jpg	/Users/bear/Documents/CoWork/bear-textbooks/books/art/extracted/ARTZIP/R_181_Toyohara Kunichika/R_181_Toyohara Kunichika/Kunichika_9507-µ¥▒µ╡╖Θüô_µ╡£µ¥╛.jpg	extracted
/Users/bear/Documents/CoWork/bear-textbooks/books/art/ARTZIP/R_181_Toyohara Kunichika.zip	R_181_Toyohara Kunichika/Kunichika_2632_σñòµ╢╝Φè▒τü½Φ│æ-µÿÄµ▓╗3-cmb.jpg	/Users/bear/Documents/CoWork/bear-textbooks/books/art/extracted/ARTZIP/R_181_Toyohara Kunichika/R_181_Toyohara Kunichika/Kunichika_2632_σñòµ╢╝Φè▒τü½Φ│æ-µÿÄµ▓╗3-cmb.jpg	extracted
/Users/bear/Documents/CoWork/bear-textbooks/books/art/ARTZIP/R_181_Toyohara Kunichika.zip	R_181_Toyohara Kunichika/Kunichika_51561.jpg	/Users/bear/Documents/CoWork/bear-textbooks/books/art/extracted/ARTZIP/R_181_Toyohara Kunichika/R_181_Toyohara Kunichika/Kunichika_51561.jpg	extracted
/Users/bear/Documents/CoWork/bear-textbooks/books/art/ARTZIP/R_181_Toyohara Kunichika.zip	R_181_Toyohara Kunichika/Kunichika_1851_cmb.jpg	/Users/bear/Documents/CoWork/bear-textbooks/books/art/extracted/ARTZIP/R_181_Toyohara Kunichika/R_181_Toyohara Kunichika/Kunichika_1851_cmb.jpg	extracted
/Users/bear/Documents/CoWork/bear-textbooks/books/art/ARTZIP/R_181_Toyohara Kunichika.zip	R_181_Toyohara Kunichika/Kunichika_9574-µ¥▒µ╡╖Θüô_σ¢¢µùÑσ╕é-µûçΣ╣à3.jpg	/Users/bear/Documents/CoWork/bear-textbooks/books/art/extracted/ARTZIP/R_181_Toyohara Kunichika/R_181_Toyohara Kunichika/Kunichika_9574-µ¥▒µ╡╖Θüô_σ¢¢µùÑσ╕é-µûçΣ╣à3.jpg	extracted
/Users/bear/Documents/CoWork/bear-textbooks/books/art/ARTZIP/R_181_Toyohara Kunichika.zip	R_181_Toyohara Kunichika/Kunichika_1841_cmb.jpg	/Users/bear/Documents/CoWork/bear-textbooks/books/art/extracted/ARTZIP/R_181_Toyohara Kunichika/R_181_Toyohara Kunichika/Kunichika_1841_cmb.jpg	extracted
/Users/bear/Documents/CoWork/bear-textbooks/books/art/ARTZIP/R_181_Toyohara Kunichika.zip	R_181_Toyohara Kunichika/Kunichika_2636_03_πéåπüåσÑ│τÖ╜σÑ│_σ¥éµ¥▒Σ╕ëµ┤ÑΣ║öΘâÄπâ╗σ╛íµ¢╣σ¡Éτë¢ΦïÑΣ╕╕_µ▓óµ¥æΦ¿Ñσìçπâ╗τåèσ¥éΘò╖πü»πéô_Σ╕¡µ¥æΦè¥τ┐½-µÿÄµ▓╗1.jpg	/Users/bear/Documents/CoWork/bear-textbooks/books/art/extracted/ARTZIP/R_181_Toyohara Kunichika/R_181_Toyohara Kunichika/Kunichika_2636_03_πéåπüåσÑ│τÖ╜σÑ│_σ¥éµ¥▒Σ╕ëµ┤ÑΣ║öΘâÄπâ╗σ╛íµ¢╣σ¡Éτë¢ΦïÑΣ╕╕_µ▓óµ¥æΦ¿Ñσìçπâ╗τåèσ¥éΘò╖πü»πéô_Σ╕¡µ¥æΦè¥τ┐½-µÿÄµ▓╗1.jpg	extracted
/Users/bear/Documents/CoWork/bear-textbooks/books/art/ARTZIP/R_181_Toyohara Kunichika.zip	R_181_Toyohara Kunichika/Kunichika_51559.jpg	/Users/bear/Documents/CoWork/bear-textbooks/books/art/extracted/ARTZIP/R_181_Toyohara Kunichika/R_181_Toyohara Kunichika/Kunichika_51559.jpg	extracted
/Users/bear/Documents/CoWork/bear-textbooks/books/art/ARTZIP/R_181_Toyohara Kunichika.zip	R_181_Toyohara Kunichika/Kunichika_9484-µ¥▒µ╡╖ΘüôΣ╣ïσåà_τöƒΘ║ª-µûçΣ╣à3.jpg	/Users/bear/Documents/CoWork/bear-textbooks/books/art/extracted/ARTZIP/R_181_Toyohara Kunichika/R_181_Toyohara Kunichika/Kunichika_9484-µ¥▒µ╡╖ΘüôΣ╣ïσåà_τöƒΘ║ª-µûçΣ╣à3.jpg	extracted
/Users/bear/Documents/CoWork/bear-textbooks/books/art/ARTZIP/R_181_Toyohara Kunichika.zip	R_181_Toyohara Kunichika/Kunichika_2632_02_σñòµ╢╝Φè▒τü½Φ│æ-µÿÄµ▓╗3.jpg	/Users/bear/Documents/CoWork/bear-textbooks/books/art/extracted/ARTZIP/R_181_Toyohara Kunichika/R_181_Toyohara Kunichika/Kunichika_2632_02_σñòµ╢╝Φè▒τü½Φ│æ-µÿÄµ▓╗3.jpg	extracted
/Users/bear/Documents/CoWork/bear-textbooks/books/art/ARTZIP/R_181_Toyohara Kunichika.zip	R_181_Toyohara Kunichika/Genji_Excursion_to_Enoshima _Island.jpg	/Users/bear/Documents/CoWork/bear-textbooks/books/art/extracted/ARTZIP/R_181_Toyohara Kunichika/R_181_Toyohara Kunichika/Genji_Excursion_to_Enoshima _Island.jpg	extracted
/Users/bear/Documents/CoWork/bear-textbooks/books/art/ARTZIP/R_181_Toyohara Kunichika.zip	R_181_Toyohara Kunichika/Kunichika_39_cmb.jpg	/Users/bear/Documents/CoWork/bear-textbooks/books/art/extracted/ARTZIP/R_181_Toyohara Kunichika/R_181_Toyohara Kunichika/Kunichika_39_cmb.jpg	extracted
/Users/bear/Documents/CoWork/bear-textbooks/books/art/ARTZIP/R_181_Toyohara Kunichika.zip	R_181_Toyohara Kunichika/Kunichika_9503-µ¥▒µ╡╖ΘüôσÉìµëÇΣ╣ïσåà_Θ½ÿσ╕½πâÄµ╡ª.jpg	/Users/bear/Documents/CoWork/bear-textbooks/books/art/extracted/ARTZIP/R_181_Toyohara Kunichika/R_181_Toyohara Kunichika/Kunichika_9503-µ¥▒µ╡╖ΘüôσÉìµëÇΣ╣ïσåà_Θ½ÿσ╕½πâÄµ╡ª.jpg	extracted
/Users/bear/Documents/CoWork/bear-textbooks/books/art/ARTZIP/R_181_Toyohara Kunichika.zip	R_181_Toyohara Kunichika/Kunichika_9587-µ¥▒µ╡╖ΘüôσÉìµëÇΣ╣ïσåà_Σ╝èσïóσñûσ««-µûçΣ╣à3.jpg	/Users/bear/Documents/CoWork/bear-textbooks/books/art/extracted/ARTZIP/R_181_Toyohara Kunichika/R_181_Toyohara Kunichika/Kunichika_9587-µ¥▒µ╡╖ΘüôσÉìµëÇΣ╣ïσåà_Σ╝èσïóσñûσ««-µûçΣ╣à3.jpg	extracted
/Users/bear/Documents/CoWork/bear-textbooks/books/art/ARTZIP/R_181_Toyohara Kunichika.zip	R_181_Toyohara Kunichika/Kunichika_1842-03.jpg	/Users/bear/Documents/CoWork/bear-textbooks/books/art/extracted/ARTZIP/R_181_Toyohara Kunichika/R_181_Toyohara Kunichika/Kunichika_1842-03.jpg	extracted
/Users/bear/Documents/CoWork/bear-textbooks/books/art/ARTZIP/R_181_Toyohara Kunichika.zip	R_181_Toyohara Kunichika/Kunichika-Kogiku-in-Saruwaka-Cho.jpg	/Users/bear/Documents/CoWork/bear-textbooks/books/art/extracted/ARTZIP/R_181_Toyohara Kunichika/R_181_Toyohara Kunichika/Kunichika-Kogiku-in-Saruwaka-Cho.jpg	extracted
/Users/bear/Documents/CoWork/bear-textbooks/books/art/ARTZIP/R_181_Toyohara Kunichika.zip	R_181_Toyohara Kunichika/Kunichika_2948_τö░ΦêÄσ¿ÿσ«ƒπâÅΣ╣¥σ░╛_µ▓óµ¥æτö░Σ╣ïσè⌐πâ╗Σ╕ëµ╡ªΣ╣ïσè⌐_σ¥éµ¥▒σ╜ªΣ╕ëΘâÄ-cmb.jpg	/Users/bear/Documents/CoWork/bear-textbooks/books/art/extracted/ARTZIP/R_181_Toyohara Kunichika/R_181_Toyohara Kunichika/Kunichika_2948_τö░ΦêÄσ¿ÿσ«ƒπâÅΣ╣¥σ░╛_µ▓óµ¥æτö░Σ╣ïσè⌐πâ╗Σ╕ëµ╡ªΣ╣ïσè⌐_σ¥éµ¥▒σ╜ªΣ╕ëΘâÄ-cmb.jpg	extracted
/Users/bear/Documents/CoWork/bear-textbooks/books/art/ARTZIP/R_181_Toyohara Kunichika.zip	R_181_Toyohara Kunichika/Kunichika_41-02.jpg	/Users/bear/Documents/CoWork/bear-textbooks/books/art/extracted/ARTZIP/R_181_Toyohara Kunichika/R_181_Toyohara Kunichika/Kunichika_41-02.jpg	extracted
/Users/bear/Documents/CoWork/bear-textbooks/books/art/ARTZIP/R_181_Toyohara Kunichika.zip	R_181_Toyohara Kunichika/Kunichika_3323_Θƒ│τ╛╜σ▒ïµ╗¥_σ¥éµ¥▒σ╜ªΣ╕ëΘâÄ-σàâµ▓╗1.jpg	/Users/bear/Documents/CoWork/bear-textbooks/books/art/extracted/ARTZIP/R_181_Toyohara Kunichika/R_181_Toyohara Kunichika/Kunichika_3323_Θƒ│τ╛╜σ▒ïµ╗¥_σ¥éµ¥▒σ╜ªΣ╕ëΘâÄ-σàâµ▓╗1.jpg	extracted
/Users/bear/Documents/CoWork/bear-textbooks/books/art/ARTZIP/R_181_Toyohara Kunichika.zip	R_181_Toyohara Kunichika/Kunichika_9491-µ¥▒µ╡╖ΘüôσÉìµëÇΣ╣ïσåà_τå▒τö░Σ╕Çπü«Θ│Ñσ▒à.jpg	/Users/bear/Documents/CoWork/bear-textbooks/books/art/extracted/ARTZIP/R_181_Toyohara Kunichika/R_181_Toyohara Kunichika/Kunichika_9491-µ¥▒µ╡╖ΘüôσÉìµëÇΣ╣ïσåà_τå▒τö░Σ╕Çπü«Θ│Ñσ▒à.jpg	extracted
/Users/bear/Documents/CoWork/bear-textbooks/books/art/ARTZIP/R_181_Toyohara Kunichika.zip	R_181_Toyohara Kunichika/Kunichika_1850-02.jpg	/Users/bear/Documents/CoWork/bear-textbooks/books/art/extracted/ARTZIP/R_181_Toyohara Kunichika/R_181_Toyohara Kunichika/Kunichika_1850-02.jpg	extracted
/Users/bear/Documents/CoWork/bear-textbooks/books/art/ARTZIP/R_181_Toyohara Kunichika.zip	R_181_Toyohara Kunichika/Kunichika_9475-µ¥▒µ╡╖ΘüôσÉìµëÇΣ╣ïσåà_σôüσ╖¥σà½πâäσ▒▒Σ╕ï-µûçΣ╣à3.jpg	/Users/bear/Documents/CoWork/bear-textbooks/books/art/extracted/ARTZIP/R_181_Toyohara Kunichika/R_181_Toyohara Kunichika/Kunichika_9475-µ¥▒µ╡╖ΘüôσÉìµëÇΣ╣ïσåà_σôüσ╖¥σà½πâäσ▒▒Σ╕ï-µûçΣ╣à3.jpg	extracted
/Users/bear/Documents/CoWork/bear-textbooks/books/art/ARTZIP/R_181_Toyohara Kunichika.zip	R_181_Toyohara Kunichika/Kunichika_9545-µ¥▒µ╡╖Θüô_τƒ│Θâ¿.jpg	/Users/bear/Documents/CoWork/bear-textbooks/books/art/extracted/ARTZIP/R_181_Toyohara Kunichika/R_181_Toyohara Kunichika/Kunichika_9545-µ¥▒µ╡╖Θüô_τƒ│Θâ¿.jpg	extracted
/Users/bear/Documents/CoWork/bear-textbooks/books/art/ARTZIP/R_181_Toyohara Kunichika.zip	R_181_Toyohara Kunichika/Louis_Vuitton_jigsaw_puzzle.jpg	/Users/bear/Documents/CoWork/bear-textbooks/books/art/extracted/ARTZIP/R_181_Toyohara Kunichika/R_181_Toyohara Kunichika/Louis_Vuitton_jigsaw_puzzle.jpg	extracted
/Users/bear/Documents/CoWork/bear-textbooks/books/art/ARTZIP/R_181_Toyohara Kunichika.zip	R_181_Toyohara Kunichika/Kunichika_41-03.jpg	/Users/bear/Documents/CoWork/bear-textbooks/books/art/extracted/ARTZIP/R_181_Toyohara Kunichika/R_181_Toyohara Kunichika/Kunichika_41-03.jpg	extracted
/Users/bear/Documents/CoWork/bear-textbooks/books/art/ARTZIP/R_181_Toyohara Kunichika.zip	R_181_Toyohara Kunichika/Kunichika_143_Σ┐│σä¬σ¢úµëçτö╗.jpg	/Users/bear/Documents/CoWork/bear-textbooks/books/art/extracted/ARTZIP/R_181_Toyohara Kunichika/R_181_Toyohara Kunichika/Kunichika_143_Σ┐│σä¬σ¢úµëçτö╗.jpg	extracted
/Users/bear/Documents/CoWork/bear-textbooks/books/art/ARTZIP/R_181_Toyohara Kunichika.zip	R_181_Toyohara Kunichika/Kunichika_7604_05_σ╜ôΣ╕ûτ╛ÄσÑ│Σ║öΣ║║µÅâ.jpg	/Users/bear/Documents/CoWork/bear-textbooks/books/art/extracted/ARTZIP/R_181_Toyohara Kunichika/R_181_Toyohara Kunichika/Kunichika_7604_05_σ╜ôΣ╕ûτ╛ÄσÑ│Σ║öΣ║║µÅâ.jpg	extracted
/Users/bear/Documents/CoWork/bear-textbooks/books/art/ARTZIP/R_181_Toyohara Kunichika.zip	R_181_Toyohara Kunichika/Kunichika_1842-02.jpg	/Users/bear/Documents/CoWork/bear-textbooks/books/art/extracted/ARTZIP/R_181_Toyohara Kunichika/R_181_Toyohara Kunichika/Kunichika_1842-02.jpg	extracted
/Users/bear/Documents/CoWork/bear-textbooks/books/art/ARTZIP/R_181_Toyohara Kunichika.zip	R_181_Toyohara Kunichika/Kunichika_9526-µ¥▒µ╡╖Θüô_Φùñσ╖¥-µûçΣ╣à3.jpg	/Users/bear/Documents/CoWork/bear-textbooks/books/art/extracted/ARTZIP/R_181_Toyohara Kunichika/R_181_Toyohara Kunichika/Kunichika_9526-µ¥▒µ╡╖Θüô_Φùñσ╖¥-µûçΣ╣à3.jpg	extracted
/Users/bear/Documents/CoWork/bear-textbooks/books/art/ARTZIP/R_181_Toyohara Kunichika.zip	R_181_Toyohara Kunichika/Kunichika_9524-II-µ¥▒µ╡╖ΘüôσÉìµëÇΣ╣ïσåà_Θ│┤µ╡╖µ£ëµ¥╛τ╡₧-µûçΣ╣à3.jpg	/Users/bear/Documents/CoWork/bear-textbooks/books/art/extracted/ARTZIP/R_181_Toyohara Kunichika/R_181_Toyohara Kunichika/Kunichika_9524-II-µ¥▒µ╡╖ΘüôσÉìµëÇΣ╣ïσåà_Θ│┤µ╡╖µ£ëµ¥╛τ╡₧-µûçΣ╣à3.jpg	extracted
/Users/bear/Documents/CoWork/bear-textbooks/books/art/ARTZIP/R_181_Toyohara Kunichika.zip	R_181_Toyohara Kunichika/Ichikawa_Danjuro_IX_als_Watonai_Watonai_(titel_op_object)_Honderd_rollen_van_Ichikawa_Danjuro_IX.jpg	/Users/bear/Documents/CoWork/bear-textbooks/books/art/extracted/ARTZIP/R_181_Toyohara Kunichika/R_181_Toyohara Kunichika/Ichikawa_Danjuro_IX_als_Watonai_Watonai_(titel_op_object)_Honderd_rollen_van_Ichikawa_Danjuro_IX.jpg	extracted
/Users/bear/Documents/CoWork/bear-textbooks/books/art/ARTZIP/R_181_Toyohara Kunichika.zip	R_181_Toyohara Kunichika/Kunichika_1840_cmb.jpg	/Users/bear/Documents/CoWork/bear-textbooks/books/art/extracted/ARTZIP/R_181_Toyohara Kunichika/R_181_Toyohara Kunichika/Kunichika_1840_cmb.jpg	extracted
/Users/bear/Documents/CoWork/bear-textbooks/books/art/ARTZIP/R_181_Toyohara Kunichika.zip	R_181_Toyohara Kunichika/Kunichika_1850_cmb.jpg	/Users/bear/Documents/CoWork/bear-textbooks/books/art/extracted/ARTZIP/R_181_Toyohara Kunichika/R_181_Toyohara Kunichika/Kunichika_1850_cmb.jpg	extracted
/Users/bear/Documents/CoWork/bear-textbooks/books/art/ARTZIP/R_181_Toyohara Kunichika.zip	R_181_Toyohara Kunichika/Kunichika_9594-µ¥▒µ╡╖Θüô_Θçæµ¥ëµ⌐ïΦè¥µ╡ª.jpg	/Users/bear/Documents/CoWork/bear-textbooks/books/art/extracted/ARTZIP/R_181_Toyohara Kunichika/R_181_Toyohara Kunichika/Kunichika_9594-µ¥▒µ╡╖Θüô_Θçæµ¥ëµ⌐ïΦè¥µ╡ª.jpg	extracted
/Users/bear/Documents/CoWork/bear-textbooks/books/art/ARTZIP/R_181_Toyohara Kunichika.zip	R_181_Toyohara Kunichika/Kunichika_9593-II-µ¥▒µ╡╖Θüô_σ╖¥σ┤Ä.jpg	/Users/bear/Documents/CoWork/bear-textbooks/books/art/extracted/ARTZIP/R_181_Toyohara Kunichika/R_181_Toyohara Kunichika/Kunichika_9593-II-µ¥▒µ╡╖Θüô_σ╖¥σ┤Ä.jpg	extracted
/Users/bear/Documents/CoWork/bear-textbooks/books/art/ARTZIP/R_181_Toyohara Kunichika.zip	R_181_Toyohara Kunichika/Kunichika_9494-µ¥▒µ╡╖ΘüôσÉìµëÇΣ╣ïσåà_τ«▒µá╣σ▒▒Σ╕¡ΘÖ░τƒ│-µûçΣ╣à3.jpg	/Users/bear/Documents/CoWork/bear-textbooks/books/art/extracted/ARTZIP/R_181_Toyohara Kunichika/R_181_Toyohara Kunichika/Kunichika_9494-µ¥▒µ╡╖ΘüôσÉìµëÇΣ╣ïσåà_τ«▒µá╣σ▒▒Σ╕¡ΘÖ░τƒ│-µûçΣ╣à3.jpg	extracted
/Users/bear/Documents/CoWork/bear-textbooks/books/art/ARTZIP/R_181_Toyohara Kunichika.zip	R_181_Toyohara Kunichika/Kunichika_2948_01_τö░ΦêÄσ¿ÿσ«ƒπâÅΣ╣¥σ░╛_µ▓óµ¥æτö░Σ╣ïσè⌐πâ╗Σ╕ëµ╡ªΣ╣ïσè⌐_σ¥éµ¥▒σ╜ªΣ╕ëΘâÄ.jpg	/Users/bear/Documents/CoWork/bear-textbooks/books/art/extracted/ARTZIP/R_181_Toyohara Kunichika/R_181_Toyohara Kunichika/Kunichika_2948_01_τö░ΦêÄσ¿ÿσ«ƒπâÅΣ╣¥σ░╛_µ▓óµ¥æτö░Σ╣ïσè⌐πâ╗Σ╕ëµ╡ªΣ╣ïσè⌐_σ¥éµ¥▒σ╜ªΣ╕ëΘâÄ.jpg	extracted
/Users/bear/Documents/CoWork/bear-textbooks/books/art/ARTZIP/R_181_Toyohara Kunichika.zip	R_181_Toyohara Kunichika/Kunichika_1964_02_µÑ╜σ▒ïσñºΦ⌐òσêñ-µÿÄµ▓╗1.jpg	/Users/bear/Documents/CoWork/bear-textbooks/books/art/extracted/ARTZIP/R_181_Toyohara Kunichika/R_181_Toyohara Kunichika/Kunichika_1964_02_µÑ╜σ▒ïσñºΦ⌐òσêñ-µÿÄµ▓╗1.jpg	extracted
/Users/bear/Documents/CoWork/bear-textbooks/books/art/ARTZIP/R_181_Toyohara Kunichika.zip	R_181_Toyohara Kunichika/Kunichika_9580-µ¥▒µ╡╖ΘüôΣ╣ïσåà_Θ││µ¥Ñσ»║-µûçΣ╣à3.jpg	/Users/bear/Documents/CoWork/bear-textbooks/books/art/extracted/ARTZIP/R_181_Toyohara Kunichika/R_181_Toyohara Kunichika/Kunichika_9580-µ¥▒µ╡╖ΘüôΣ╣ïσåà_Θ││µ¥Ñσ»║-µûçΣ╣à3.jpg	extracted
/Users/bear/Documents/CoWork/bear-textbooks/books/art/ARTZIP/R_181_Toyohara Kunichika.zip	R_181_Toyohara Kunichika/Kunichika_9525_µ¥▒µ╡╖ΘüôσÉìµëÇΣ╣ïσåà_Φ▒èσ╖¥-µûçΣ╣à3.jpg	/Users/bear/Documents/CoWork/bear-textbooks/books/art/extracted/ARTZIP/R_181_Toyohara Kunichika/R_181_Toyohara Kunichika/Kunichika_9525_µ¥▒µ╡╖ΘüôσÉìµëÇΣ╣ïσåà_Φ▒èσ╖¥-µûçΣ╣à3.jpg	extracted
/Users/bear/Documents/CoWork/bear-textbooks/books/art/ARTZIP/R_181_Toyohara Kunichika.zip	R_181_Toyohara Kunichika/Kunichika_41-01.jpg	/Users/bear/Documents/CoWork/bear-textbooks/books/art/extracted/ARTZIP/R_181_Toyohara Kunichika/R_181_Toyohara Kunichika/Kunichika_41-01.jpg	extracted
/Users/bear/Documents/CoWork/bear-textbooks/books/art/ARTZIP/R_181_Toyohara Kunichika.zip	R_181_Toyohara Kunichika/Kunichika_3318_σ╜ôσïóΣ╕ëσìüΣ║îµâ│_µÇ¥πü▓σêçπüïπéÖπéêπüòτ¢╕-µÿÄµ▓╗1.jpg	/Users/bear/Documents/CoWork/bear-textbooks/books/art/extracted/ARTZIP/R_181_Toyohara Kunichika/R_181_Toyohara Kunichika/Kunichika_3318_σ╜ôσïóΣ╕ëσìüΣ║îµâ│_µÇ¥πü▓σêçπüïπéÖπéêπüòτ¢╕-µÿÄµ▓╗1.jpg	extracted
/Users/bear/Documents/CoWork/bear-textbooks/books/art/ARTZIP/R_181_Toyohara Kunichika.zip	R_181_Toyohara Kunichika/Kunichika_1930-unknown_artist-µ░æΦ░╖Σ╝èσÅ│Φí¢ΘûÇ_Σ╕¡µ¥æΦè¥τ┐½πâ╗Σ╕ÄΦîéΣ╕âσª╗πüèΦóû_σ¥éµ¥▒Σ╕ëπâäΣ║öΘâÄ.jpg	/Users/bear/Documents/CoWork/bear-textbooks/books/art/extracted/ARTZIP/R_181_Toyohara Kunichika/R_181_Toyohara Kunichika/Kunichika_1930-unknown_artist-µ░æΦ░╖Σ╝èσÅ│Φí¢ΘûÇ_Σ╕¡µ¥æΦè¥τ┐½πâ╗Σ╕ÄΦîéΣ╕âσª╗πüèΦóû_σ¥éµ¥▒Σ╕ëπâäΣ║öΘâÄ.jpg	extracted
/Users/bear/Documents/CoWork/bear-textbooks/books/art/ARTZIP/R_181_Toyohara Kunichika.zip	R_181_Toyohara Kunichika/Kunichika_9492-µ¥▒µ╡╖Θüô_τ«▒µá╣.jpg	/Users/bear/Documents/CoWork/bear-textbooks/books/art/extracted/ARTZIP/R_181_Toyohara Kunichika/R_181_Toyohara Kunichika/Kunichika_9492-µ¥▒µ╡╖Θüô_τ«▒µá╣.jpg	extracted
/Users/bear/Documents/CoWork/bear-textbooks/books/art/ARTZIP/R_181_Toyohara Kunichika.zip	R_181_Toyohara Kunichika/Ichikawa_Danjuro_IX_als_Taira_no_Tomomori_Taira_no_Tomomori_(titel_op_object)_Honderd_rollen_van_Ichikawa_Danjuro_IX.jpg	/Users/bear/Documents/CoWork/bear-textbooks/books/art/extracted/ARTZIP/R_181_Toyohara Kunichika/R_181_Toyohara Kunichika/Ichikawa_Danjuro_IX_als_Taira_no_Tomomori_Taira_no_Tomomori_(titel_op_object)_Honderd_rollen_van_Ichikawa_Danjuro_IX.jpg	extracted
/Users/bear/Documents/CoWork/bear-textbooks/books/art/ARTZIP/R_181_Toyohara Kunichika.zip	R_181_Toyohara Kunichika/Kunichika_1850-01.jpg	/Users/bear/Documents/CoWork/bear-textbooks/books/art/extracted/ARTZIP/R_181_Toyohara Kunichika/R_181_Toyohara Kunichika/Kunichika_1850-01.jpg	extracted
/Users/bear/Documents/CoWork/bear-textbooks/books/art/ARTZIP/R_181_Toyohara Kunichika.zip	R_181_Toyohara Kunichika/Kunichika_072_Σ┐│σä¬σ¢úµëçτö╗.jpg	/Users/bear/Documents/CoWork/bear-textbooks/books/art/extracted/ARTZIP/R_181_Toyohara Kunichika/R_181_Toyohara Kunichika/Kunichika_072_Σ┐│σä¬σ¢úµëçτö╗.jpg	extracted
/Users/bear/Documents/CoWork/bear-textbooks/books/art/ARTZIP/R_181_Toyohara Kunichika.zip	R_181_Toyohara Kunichika/Kunichika_9561-µ¥▒µ╡╖ΘüôσÉìµëÇΣ╣ïσåà_πüéπü╕πéÖσ╖¥-µûçΣ╣à3.jpg	/Users/bear/Documents/CoWork/bear-textbooks/books/art/extracted/ARTZIP/R_181_Toyohara Kunichika/R_181_Toyohara Kunichika/Kunichika_9561-µ¥▒µ╡╖ΘüôσÉìµëÇΣ╣ïσåà_πüéπü╕πéÖσ╖¥-µûçΣ╣à3.jpg	extracted
/Users/bear/Documents/CoWork/bear-textbooks/books/art/ARTZIP/R_181_Toyohara Kunichika.zip	R_181_Toyohara Kunichika/Kunichika_3306_σ╜ôσïóΣ╕ëσìüΣ║îµâ│_µö╛πüùπüªπéäπéèπüƒτ¢╕.jpg	/Users/bear/Documents/CoWork/bear-textbooks/books/art/extracted/ARTZIP/R_181_Toyohara Kunichika/R_181_Toyohara Kunichika/Kunichika_3306_σ╜ôσïóΣ╕ëσìüΣ║îµâ│_µö╛πüùπüªπéäπéèπüƒτ¢╕.jpg	extracted
/Users/bear/Documents/CoWork/bear-textbooks/books/art/ARTZIP/R_181_Toyohara Kunichika.zip	R_181_Toyohara Kunichika/Kunichika_1842-01.jpg	/Users/bear/Documents/CoWork/bear-textbooks/books/art/extracted/ARTZIP/R_181_Toyohara Kunichika/R_181_Toyohara Kunichika/Kunichika_1842-01.jpg	extracted
/Users/bear/Documents/CoWork/bear-textbooks/books/art/ARTZIP/R_181_Toyohara Kunichika.zip	R_181_Toyohara Kunichika/Ichikawa_Danjuro_IX_als_Kezori_Kyuemon_Kezori_Kyuemon_(titel_op_object)_Honderd_rollen_van_Ichikawa_Danjuro_IX.jpg	/Users/bear/Documents/CoWork/bear-textbooks/books/art/extracted/ARTZIP/R_181_Toyohara Kunichika/R_181_Toyohara Kunichika/Ichikawa_Danjuro_IX_als_Kezori_Kyuemon_Kezori_Kyuemon_(titel_op_object)_Honderd_rollen_van_Ichikawa_Danjuro_IX.jpg	extracted
/Users/bear/Documents/CoWork/bear-textbooks/books/art/ARTZIP/R_181_Toyohara Kunichika.zip	R_181_Toyohara Kunichika/Kunichika_ 18.jpg	/Users/bear/Documents/CoWork/bear-textbooks/books/art/extracted/ARTZIP/R_181_Toyohara Kunichika/R_181_Toyohara Kunichika/Kunichika_ 18.jpg	extracted
/Users/bear/Documents/CoWork/bear-textbooks/books/art/ARTZIP/R_181_Toyohara Kunichika.zip	R_181_Toyohara Kunichika/Kunichika_066_Σ┐│σä¬σ¢úµëçτö╗.jpg	/Users/bear/Documents/CoWork/bear-textbooks/books/art/extracted/ARTZIP/R_181_Toyohara Kunichika/R_181_Toyohara Kunichika/Kunichika_066_Σ┐│σä¬σ¢úµëçτö╗.jpg	extracted
/Users/bear/Documents/CoWork/bear-textbooks/books/art/ARTZIP/R_181_Toyohara Kunichika.zip	R_181_Toyohara Kunichika/Kunichika_7228_Φ▒¬σéæσÑçΦíôτ½╢_σàÉΘ¢╖Σ╣ƒ_µ▓│σÄƒσ┤Äµ¿⌐Σ╣ïΣ╗ï-µûçΣ╣à1.jpg	/Users/bear/Documents/CoWork/bear-textbooks/books/art/extracted/ARTZIP/R_181_Toyohara Kunichika/R_181_Toyohara Kunichika/Kunichika_7228_Φ▒¬σéæσÑçΦíôτ½╢_σàÉΘ¢╖Σ╣ƒ_µ▓│σÄƒσ┤Äµ¿⌐Σ╣ïΣ╗ï-µûçΣ╣à1.jpg	extracted
/Users/bear/Documents/CoWork/bear-textbooks/books/art/ARTZIP/R_181_Toyohara Kunichika.zip	R_181_Toyohara Kunichika/Kunichika_ 15.jpg	/Users/bear/Documents/CoWork/bear-textbooks/books/art/extracted/ARTZIP/R_181_Toyohara Kunichika/R_181_Toyohara Kunichika/Kunichika_ 15.jpg	extracted
/Users/bear/Documents/CoWork/bear-textbooks/books/art/ARTZIP/R_181_Toyohara Kunichika.zip	R_181_Toyohara Kunichika/Kunichika_0568-Kunichika_Hiroshige-µ¥▒Σ║¼ΘèÿΘúƒΘüèΦêêσ»┐σÉ╛σà¡-µÿÄµ▓╗1.jpg	/Users/bear/Documents/CoWork/bear-textbooks/books/art/extracted/ARTZIP/R_181_Toyohara Kunichika/R_181_Toyohara Kunichika/Kunichika_0568-Kunichika_Hiroshige-µ¥▒Σ║¼ΘèÿΘúƒΘüèΦêêσ»┐σÉ╛σà¡-µÿÄµ▓╗1.jpg	extracted
/Users/bear/Documents/CoWork/bear-textbooks/books/art/ARTZIP/R_181_Toyohara Kunichika.zip	R_181_Toyohara Kunichika/Kunichika_3307_σ╜ôσïóΣ╕ëσìüΣ║îµâ│_Θñ¥πüñπüªΦªïπüƒτ¢╕-µÿÄµ▓╗1.jpg	/Users/bear/Documents/CoWork/bear-textbooks/books/art/extracted/ARTZIP/R_181_Toyohara Kunichika/R_181_Toyohara Kunichika/Kunichika_3307_σ╜ôσïóΣ╕ëσìüΣ║îµâ│_Θñ¥πüñπüªΦªïπüƒτ¢╕-µÿÄµ▓╗1.jpg	extracted
/Users/bear/Documents/CoWork/bear-textbooks/books/art/ARTZIP/R_181_Toyohara Kunichika.zip	R_181_Toyohara Kunichika/Kunichika_39-01.jpg	/Users/bear/Documents/CoWork/bear-textbooks/books/art/extracted/ARTZIP/R_181_Toyohara Kunichika/R_181_Toyohara Kunichika/Kunichika_39-01.jpg	extracted
/Users/bear/Documents/CoWork/bear-textbooks/books/art/ARTZIP/R_181_Toyohara Kunichika.zip	R_181_Toyohara Kunichika/Kunichika_9582-µ¥▒µ╡╖ΘüôσÉìµëÇΣ╣ïσåà_σèáΦîéπü«τ½╢Θª¼-µûçΣ╣à3.jpg	/Users/bear/Documents/CoWork/bear-textbooks/books/art/extracted/ARTZIP/R_181_Toyohara Kunichika/R_181_Toyohara Kunichika/Kunichika_9582-µ¥▒µ╡╖ΘüôσÉìµëÇΣ╣ïσåà_σèáΦîéπü«τ½╢Θª¼-µûçΣ╣à3.jpg	extracted
/Users/bear/Documents/CoWork/bear-textbooks/books/art/ARTZIP/R_181_Toyohara Kunichika.zip	R_181_Toyohara Kunichika/Kunichika_2634_02_µ£¥πüìπéèσ│╢Φö╡_σ╕éσ╖¥Σ╣¥Φö╡πâ╗Σ╕Çπü╡πüùπéÖΣ╗üσñ¬ΘâÄ-µà╢σ┐£2.jpg	/Users/bear/Documents/CoWork/bear-textbooks/books/art/extracted/ARTZIP/R_181_Toyohara Kunichika/R_181_Toyohara Kunichika/Kunichika_2634_02_µ£¥πüìπéèσ│╢Φö╡_σ╕éσ╖¥Σ╣¥Φö╡πâ╗Σ╕Çπü╡πüùπéÖΣ╗üσñ¬ΘâÄ-µà╢σ┐£2.jpg	extracted
/Users/bear/Documents/CoWork/bear-textbooks/books/art/ARTZIP/R_181_Toyohara Kunichika.zip	R_181_Toyohara Kunichika/Kunichika_35-01.jpg	/Users/bear/Documents/CoWork/bear-textbooks/books/art/extracted/ARTZIP/R_181_Toyohara Kunichika/R_181_Toyohara Kunichika/Kunichika_35-01.jpg	extracted
/Users/bear/Documents/CoWork/bear-textbooks/books/art/ARTZIP/R_181_Toyohara Kunichika.zip	R_181_Toyohara Kunichika/Kunichika_1812-01.jpg	/Users/bear/Documents/CoWork/bear-textbooks/books/art/extracted/ARTZIP/R_181_Toyohara Kunichika/R_181_Toyohara Kunichika/Kunichika_1812-01.jpg	extracted
/Users/bear/Documents/CoWork/bear-textbooks/books/art/ARTZIP/R_181_Toyohara Kunichika.zip	R_181_Toyohara Kunichika/Kunichika_9529-µ¥▒µ╡╖ΘüôσÉìµëÇΣ╣ïσåà_µíæσÉìΦ£âµ░ùµÑ╝-µûçΣ╣à3.jpg	/Users/bear/Documents/CoWork/bear-textbooks/books/art/extracted/ARTZIP/R_181_Toyohara Kunichika/R_181_Toyohara Kunichika/Kunichika_9529-µ¥▒µ╡╖ΘüôσÉìµëÇΣ╣ïσåà_µíæσÉìΦ£âµ░ùµÑ╝-µûçΣ╣à3.jpg	extracted
/Users/bear/Documents/CoWork/bear-textbooks/books/art/ARTZIP/R_181_Toyohara Kunichika.zip	R_181_Toyohara Kunichika/Kunichika_9556-µ¥▒µ╡╖ΘüôσÉìµëÇΣ╣ïσåà_Σ╕ïσèáΦîé-µûçΣ╣à3.jpg	/Users/bear/Documents/CoWork/bear-textbooks/books/art/extracted/ARTZIP/R_181_Toyohara Kunichika/R_181_Toyohara Kunichika/Kunichika_9556-µ¥▒µ╡╖ΘüôσÉìµëÇΣ╣ïσåà_Σ╕ïσèáΦîé-µûçΣ╣à3.jpg	extracted
/Users/bear/Documents/CoWork/bear-textbooks/books/art/ARTZIP/R_181_Toyohara Kunichika.zip	R_181_Toyohara Kunichika/Kunichika_1412_σÉìσÅñσ▒ïσ▒▒Σ╕ë_µ▓óµ¥æΦ¿Ñσìçπâ╗Σ╕ìτá┤Σ╝┤σ╖ªΦí¢ΘûÇ_σ¥éµ¥▒σ╜ªΣ╕ëΘâÄπâ╗Σ╕ïΘâ¿Θ╣┐Φö╡_σ¥éµ¥▒σñ¬ΘâÄ-µà╢σ┐£3-cmb.jpg	/Users/bear/Documents/CoWork/bear-textbooks/books/art/extracted/ARTZIP/R_181_Toyohara Kunichika/R_181_Toyohara Kunichika/Kunichika_1412_σÉìσÅñσ▒ïσ▒▒Σ╕ë_µ▓óµ¥æΦ¿Ñσìçπâ╗Σ╕ìτá┤Σ╝┤σ╖ªΦí¢ΘûÇ_σ¥éµ¥▒σ╜ªΣ╕ëΘâÄπâ╗Σ╕ïΘâ¿Θ╣┐Φö╡_σ¥éµ¥▒σñ¬ΘâÄ-µà╢σ┐£3-cmb.jpg	extracted
/Users/bear/Documents/CoWork/bear-textbooks/books/art/ARTZIP/R_181_Toyohara Kunichika.zip	R_181_Toyohara Kunichika/Kunichika_2631_02_πüƒπéÖπüäπüïπüÅπéÖπéë_µ▓óµ¥æΦ¿Ñσìçπâ╗Φè╕ΦÇàπüèπüìπü«_µ▓óµ¥æτö░Σ╣ïσè⌐πâ╗πü╛πéèπü▓πéìπüä_Σ╕¡µ¥æΦè¥τ┐½-σàâµ▓╗1.jpg	/Users/bear/Documents/CoWork/bear-textbooks/books/art/extracted/ARTZIP/R_181_Toyohara Kunichika/R_181_Toyohara Kunichika/Kunichika_2631_02_πüƒπéÖπüäπüïπüÅπéÖπéë_µ▓óµ¥æΦ¿Ñσìçπâ╗Φè╕ΦÇàπüèπüìπü«_µ▓óµ¥æτö░Σ╣ïσè⌐πâ╗πü╛πéèπü▓πéìπüä_Σ╕¡µ¥æΦè¥τ┐½-σàâµ▓╗1.jpg	extracted
/Users/bear/Documents/CoWork/bear-textbooks/books/art/ARTZIP/R_181_Toyohara Kunichika.zip	R_181_Toyohara Kunichika/Kunichika_9479-II-µ¥▒µ╡╖ΘüôσÉìµëÇ_σñºµú«.jpg	/Users/bear/Documents/CoWork/bear-textbooks/books/art/extracted/ARTZIP/R_181_Toyohara Kunichika/R_181_Toyohara Kunichika/Kunichika_9479-II-µ¥▒µ╡╖ΘüôσÉìµëÇ_σñºµú«.jpg	extracted
/Users/bear/Documents/CoWork/bear-textbooks/books/art/ARTZIP/R_181_Toyohara Kunichika.zip	R_181_Toyohara Kunichika/Kunichika_7225_Φ▒¬σéæσÑçΦíôτ½╢_σñºµ╕àµ░┤τ╛⌐Θ½ÿ_σ╕éσ╖¥σ╖ªσ¢úµ¼í-µûçΣ╣à1.jpg	/Users/bear/Documents/CoWork/bear-textbooks/books/art/extracted/ARTZIP/R_181_Toyohara Kunichika/R_181_Toyohara Kunichika/Kunichika_7225_Φ▒¬σéæσÑçΦíôτ½╢_σñºµ╕àµ░┤τ╛⌐Θ½ÿ_σ╕éσ╖¥σ╖ªσ¢úµ¼í-µûçΣ╣à1.jpg	extracted
/Users/bear/Documents/CoWork/bear-textbooks/books/art/ARTZIP/R_181_Toyohara Kunichika.zip	R_181_Toyohara Kunichika/Kunichika_9464-µ¥▒µ╡╖Θüô_µê╕σíÜ.jpg	/Users/bear/Documents/CoWork/bear-textbooks/books/art/extracted/ARTZIP/R_181_Toyohara Kunichika/R_181_Toyohara Kunichika/Kunichika_9464-µ¥▒µ╡╖Θüô_µê╕σíÜ.jpg	extracted
/Users/bear/Documents/CoWork/bear-textbooks/books/art/ARTZIP/R_181_Toyohara Kunichika.zip	R_181_Toyohara Kunichika/Kunichika_9579_µ¥▒µ╡╖ΘüôΣ╣ïσåà_Σ║îσ╖¥.jpg	/Users/bear/Documents/CoWork/bear-textbooks/books/art/extracted/ARTZIP/R_181_Toyohara Kunichika/R_181_Toyohara Kunichika/Kunichika_9579_µ¥▒µ╡╖ΘüôΣ╣ïσåà_Σ║îσ╖¥.jpg	extracted
/Users/bear/Documents/CoWork/bear-textbooks/books/art/ARTZIP/R_181_Toyohara Kunichika.zip	R_181_Toyohara Kunichika/Kunichika_9557-µ¥▒µ╡╖ΘüôΣ║¼Θâ╜Σ╣ïσåà_σñºσåàΦâ╜Σ╕èΦªºσ¢│.jpg	/Users/bear/Documents/CoWork/bear-textbooks/books/art/extracted/ARTZIP/R_181_Toyohara Kunichika/R_181_Toyohara Kunichika/Kunichika_9557-µ¥▒µ╡╖ΘüôΣ║¼Θâ╜Σ╣ïσåà_σñºσåàΦâ╜Σ╕èΦªºσ¢│.jpg	extracted
/Users/bear/Documents/CoWork/bear-textbooks/books/art/ARTZIP/R_181_Toyohara Kunichika.zip	R_181_Toyohara Kunichika/Kunichika_1847-01.jpg	/Users/bear/Documents/CoWork/bear-textbooks/books/art/extracted/ARTZIP/R_181_Toyohara Kunichika/R_181_Toyohara Kunichika/Kunichika_1847-01.jpg	extracted
/Users/bear/Documents/CoWork/bear-textbooks/books/art/ARTZIP/R_181_Toyohara Kunichika.zip	R_181_Toyohara Kunichika/Kunichika_3324_πéäµò╖µóàτö░πü«_µ▓óµ¥æτö░Σ╣ïσè⌐-σàâµ▓╗1.jpg	/Users/bear/Documents/CoWork/bear-textbooks/books/art/extracted/ARTZIP/R_181_Toyohara Kunichika/R_181_Toyohara Kunichika/Kunichika_3324_πéäµò╖µóàτö░πü«_µ▓óµ¥æτö░Σ╣ïσè⌐-σàâµ▓╗1.jpg	extracted
/Users/bear/Documents/CoWork/bear-textbooks/books/art/ARTZIP/R_181_Toyohara Kunichika.zip	R_181_Toyohara Kunichika/Kunichika_3311_σ╜ôσïóΣ╕ëσìüΣ║îµâ│_σ╛îσÅúπüïπéÖπüïπé¥πéèτ¢╕-µÿÄµ▓╗1.jpg	/Users/bear/Documents/CoWork/bear-textbooks/books/art/extracted/ARTZIP/R_181_Toyohara Kunichika/R_181_Toyohara Kunichika/Kunichika_3311_σ╜ôσïóΣ╕ëσìüΣ║îµâ│_σ╛îσÅúπüïπéÖπüïπé¥πéèτ¢╕-µÿÄµ▓╗1.jpg	extracted
/Users/bear/Documents/CoWork/bear-textbooks/books/art/ARTZIP/R_181_Toyohara Kunichika.zip	R_181_Toyohara Kunichika/Kunichika_2632_03_σñòµ╢╝Φè▒τü½Φ│æ-µÿÄµ▓╗3.jpg	/Users/bear/Documents/CoWork/bear-textbooks/books/art/extracted/ARTZIP/R_181_Toyohara Kunichika/R_181_Toyohara Kunichika/Kunichika_2632_03_σñòµ╢╝Φè▒τü½Φ│æ-µÿÄµ▓╗3.jpg	extracted
/Users/bear/Documents/CoWork/bear-textbooks/books/art/ARTZIP/R_181_Toyohara Kunichika.zip	R_181_Toyohara Kunichika/Kunichika_ 14.jpg	/Users/bear/Documents/CoWork/bear-textbooks/books/art/extracted/ARTZIP/R_181_Toyohara Kunichika/R_181_Toyohara Kunichika/Kunichika_ 14.jpg	extracted
/Users/bear/Documents/CoWork/bear-textbooks/books/art/ARTZIP/R_181_Toyohara Kunichika.zip	R_181_Toyohara Kunichika/Kunichika_2638_02_µ¡ªτö░σï¥Θá╝_µ▓óπéÇπéëΦ¿Ñσìçπâ╗σà½Θçìσ₧úσº½_µ▓óµ¥æτö░Σ╣ïσè⌐.jpg	/Users/bear/Documents/CoWork/bear-textbooks/books/art/extracted/ARTZIP/R_181_Toyohara Kunichika/R_181_Toyohara Kunichika/Kunichika_2638_02_µ¡ªτö░σï¥Θá╝_µ▓óπéÇπéëΦ¿Ñσìçπâ╗σà½Θçìσ₧úσº½_µ▓óµ¥æτö░Σ╣ïσè⌐.jpg	extracted
/Users/bear/Documents/CoWork/bear-textbooks/books/art/ARTZIP/R_181_Toyohara Kunichika.zip	R_181_Toyohara Kunichika/Kunichika_35_cmb.jpg	/Users/bear/Documents/CoWork/bear-textbooks/books/art/extracted/ARTZIP/R_181_Toyohara Kunichika/R_181_Toyohara Kunichika/Kunichika_35_cmb.jpg	extracted
/Users/bear/Documents/CoWork/bear-textbooks/books/art/ARTZIP/R_181_Toyohara Kunichika.zip	R_181_Toyohara Kunichika/Kunichika_51557.jpg	/Users/bear/Documents/CoWork/bear-textbooks/books/art/extracted/ARTZIP/R_181_Toyohara Kunichika/R_181_Toyohara Kunichika/Kunichika_51557.jpg	extracted
/Users/bear/Documents/CoWork/bear-textbooks/books/art/ARTZIP/R_181_Toyohara Kunichika.zip	R_181_Toyohara Kunichika/Kunichika_9466-µ¥▒µ╡╖ΘüôσÉìµëÇΣ╣ïσåà_τö▒µ»öπé▒µ╡£-µûçΣ╣à3.jpg	/Users/bear/Documents/CoWork/bear-textbooks/books/art/extracted/ARTZIP/R_181_Toyohara Kunichika/R_181_Toyohara Kunichika/Kunichika_9466-µ¥▒µ╡╖ΘüôσÉìµëÇΣ╣ïσåà_τö▒µ»öπé▒µ╡£-µûçΣ╣à3.jpg	extracted
/Users/bear/Documents/CoWork/bear-textbooks/books/art/ARTZIP/R_181_Toyohara Kunichika.zip	R_181_Toyohara Kunichika/Kunichika_85_03_µç╕τÜ┐σñóπü«µ╡äτæáτÆâ-σ«ëµö┐3.jpg	/Users/bear/Documents/CoWork/bear-textbooks/books/art/extracted/ARTZIP/R_181_Toyohara Kunichika/R_181_Toyohara Kunichika/Kunichika_85_03_µç╕τÜ┐σñóπü«µ╡äτæáτÆâ-σ«ëµö┐3.jpg	extracted
/Users/bear/Documents/CoWork/bear-textbooks/books/art/ARTZIP/R_181_Toyohara Kunichika.zip	R_181_Toyohara Kunichika/Kunichika_7604_σ╜ôΣ╕ûτ╛ÄσÑ│Σ║öΣ║║µÅâ-cmb.jpg	/Users/bear/Documents/CoWork/bear-textbooks/books/art/extracted/ARTZIP/R_181_Toyohara Kunichika/R_181_Toyohara Kunichika/Kunichika_7604_σ╜ôΣ╕ûτ╛ÄσÑ│Σ║öΣ║║µÅâ-cmb.jpg	extracted
/Users/bear/Documents/CoWork/bear-textbooks/books/art/ARTZIP/R_181_Toyohara Kunichika.zip	R_181_Toyohara Kunichika/Kunichika_3205-µ¥▒Θâ╜Σ╕ëσìüσà¡µÖ»σåà_σñºσ╖¥τ½»µñÄπü«µ£¿-σàâµ▓╗1.jpg	/Users/bear/Documents/CoWork/bear-textbooks/books/art/extracted/ARTZIP/R_181_Toyohara Kunichika/R_181_Toyohara Kunichika/Kunichika_3205-µ¥▒Θâ╜Σ╕ëσìüσà¡µÖ»σåà_σñºσ╖¥τ½»µñÄπü«µ£¿-σàâµ▓╗1.jpg	extracted
/Users/bear/Documents/CoWork/bear-textbooks/books/art/ARTZIP/R_181_Toyohara Kunichika.zip	R_181_Toyohara Kunichika/Kunichika_51555.jpg	/Users/bear/Documents/CoWork/bear-textbooks/books/art/extracted/ARTZIP/R_181_Toyohara Kunichika/R_181_Toyohara Kunichika/Kunichika_51555.jpg	extracted
/Users/bear/Documents/CoWork/bear-textbooks/books/art/ARTZIP/R_181_Toyohara Kunichika.zip	R_181_Toyohara Kunichika/Kunichika_ 16.jpg	/Users/bear/Documents/CoWork/bear-textbooks/books/art/extracted/ARTZIP/R_181_Toyohara Kunichika/R_181_Toyohara Kunichika/Kunichika_ 16.jpg	extracted
/Users/bear/Documents/CoWork/bear-textbooks/books/art/ARTZIP/R_181_Toyohara Kunichika.zip	R_181_Toyohara Kunichika/Kunichika_39-02.jpg	/Users/bear/Documents/CoWork/bear-textbooks/books/art/extracted/ARTZIP/R_181_Toyohara Kunichika/R_181_Toyohara Kunichika/Kunichika_39-02.jpg	extracted
/Users/bear/Documents/CoWork/bear-textbooks/books/art/ARTZIP/R_181_Toyohara Kunichika.zip	R_181_Toyohara Kunichika/Kunichika_1845_cmb.jpg	/Users/bear/Documents/CoWork/bear-textbooks/books/art/extracted/ARTZIP/R_181_Toyohara Kunichika/R_181_Toyohara Kunichika/Kunichika_1845_cmb.jpg	extracted
/Users/bear/Documents/CoWork/bear-textbooks/books/art/ARTZIP/R_181_Toyohara Kunichika.zip	R_181_Toyohara Kunichika/Kunichika_35-02.jpg	/Users/bear/Documents/CoWork/bear-textbooks/books/art/extracted/ARTZIP/R_181_Toyohara Kunichika/R_181_Toyohara Kunichika/Kunichika_35-02.jpg	extracted
/Users/bear/Documents/CoWork/bear-textbooks/books/art/ARTZIP/R_181_Toyohara Kunichika.zip	R_181_Toyohara Kunichika/Kunichika_1812-02.jpg	/Users/bear/Documents/CoWork/bear-textbooks/books/art/extracted/ARTZIP/R_181_Toyohara Kunichika/R_181_Toyohara Kunichika/Kunichika_1812-02.jpg	extracted
/Users/bear/Documents/CoWork/bear-textbooks/books/art/ARTZIP/R_181_Toyohara Kunichika.zip	R_181_Toyohara Kunichika/Kunichika_1847-03.jpg	/Users/bear/Documents/CoWork/bear-textbooks/books/art/extracted/ARTZIP/R_181_Toyohara Kunichika/R_181_Toyohara Kunichika/Kunichika_1847-03.jpg	extracted
/Users/bear/Documents/CoWork/bear-textbooks/books/art/ARTZIP/R_181_Toyohara Kunichika.zip	R_181_Toyohara Kunichika/Kunichika_49246.jpg	/Users/bear/Documents/CoWork/bear-textbooks/books/art/extracted/ARTZIP/R_181_Toyohara Kunichika/R_181_Toyohara Kunichika/Kunichika_49246.jpg	extracted
/Users/bear/Documents/CoWork/bear-textbooks/books/art/ARTZIP/R_181_Toyohara Kunichika.zip	R_181_Toyohara Kunichika/Kunichika_9550-I-µ¥▒µ╡╖Θüô_µ┤¢Σ╕¡Σ╕ëµó¥πâÄσñºµ⌐ï-µûçΣ╣à3.jpg	/Users/bear/Documents/CoWork/bear-textbooks/books/art/extracted/ARTZIP/R_181_Toyohara Kunichika/R_181_Toyohara Kunichika/Kunichika_9550-I-µ¥▒µ╡╖Θüô_µ┤¢Σ╕¡Σ╕ëµó¥πâÄσñºµ⌐ï-µûçΣ╣à3.jpg	extracted
/Users/bear/Documents/CoWork/bear-textbooks/books/art/ARTZIP/R_181_Toyohara Kunichika.zip	R_181_Toyohara Kunichika/Kunichika_9461-µ¥▒µ╡╖ΘüôΣ╣ïσåà_Σ║¼Θâ╜σÅéσåà-µûçΣ╣à3.jpg	/Users/bear/Documents/CoWork/bear-textbooks/books/art/extracted/ARTZIP/R_181_Toyohara Kunichika/R_181_Toyohara Kunichika/Kunichika_9461-µ¥▒µ╡╖ΘüôΣ╣ïσåà_Σ║¼Θâ╜σÅéσåà-µûçΣ╣à3.jpg	extracted
/Users/bear/Documents/CoWork/bear-textbooks/books/art/ARTZIP/R_181_Toyohara Kunichika.zip	R_181_Toyohara Kunichika/Kunichika_3325_Σ║îΣ╕üτö║σ╕é_σ╕éµ¥æτ╛╜σ╖ªΦí¢ΘûÇ-σàâµ▓╗1.jpg	/Users/bear/Documents/CoWork/bear-textbooks/books/art/extracted/ARTZIP/R_181_Toyohara Kunichika/R_181_Toyohara Kunichika/Kunichika_3325_Σ║îΣ╕üτö║σ╕é_σ╕éµ¥æτ╛╜σ╖ªΦí¢ΘûÇ-σàâµ▓╗1.jpg	extracted
/Users/bear/Documents/CoWork/bear-textbooks/books/art/ARTZIP/R_181_Toyohara Kunichika.zip	R_181_Toyohara Kunichika/Kunichika_9576-µ¥▒µ╡╖Θüô_σ▓íσ┤Ä-µûçΣ╣à3.jpg	/Users/bear/Documents/CoWork/bear-textbooks/books/art/extracted/ARTZIP/R_181_Toyohara Kunichika/R_181_Toyohara Kunichika/Kunichika_9576-µ¥▒µ╡╖Θüô_σ▓íσ┤Ä-µûçΣ╣à3.jpg	extracted
/Users/bear/Documents/CoWork/bear-textbooks/books/art/ARTZIP/R_181_Toyohara Kunichika.zip	R_181_Toyohara Kunichika/Kunichika_1928_τåèΦ░╖τ¢┤σ«ƒ_Σ╕¡µ¥æΦè¥τ┐½.jpg	/Users/bear/Documents/CoWork/bear-textbooks/books/art/extracted/ARTZIP/R_181_Toyohara Kunichika/R_181_Toyohara Kunichika/Kunichika_1928_τåèΦ░╖τ¢┤σ«ƒ_Σ╕¡µ¥æΦè¥τ┐½.jpg	extracted
/Users/bear/Documents/CoWork/bear-textbooks/books/art/ARTZIP/R_181_Toyohara Kunichika.zip	R_181_Toyohara Kunichika/Kunichika_1847-02.jpg	/Users/bear/Documents/CoWork/bear-textbooks/books/art/extracted/ARTZIP/R_181_Toyohara Kunichika/R_181_Toyohara Kunichika/Kunichika_1847-02.jpg	extracted
/Users/bear/Documents/CoWork/bear-textbooks/books/art/ARTZIP/R_181_Toyohara Kunichika.zip	R_181_Toyohara Kunichika/Kunichika_1812-03.jpg	/Users/bear/Documents/CoWork/bear-textbooks/books/art/extracted/ARTZIP/R_181_Toyohara Kunichika/R_181_Toyohara Kunichika/Kunichika_1812-03.jpg	extracted
/Users/bear/Documents/CoWork/bear-textbooks/books/art/ARTZIP/R_181_Toyohara Kunichika.zip	R_181_Toyohara Kunichika/Kunichika_35-03.jpg	/Users/bear/Documents/CoWork/bear-textbooks/books/art/extracted/ARTZIP/R_181_Toyohara Kunichika/R_181_Toyohara Kunichika/Kunichika_35-03.jpg	extracted
/Users/bear/Documents/CoWork/bear-textbooks/books/art/ARTZIP/R_181_Toyohara Kunichika.zip	R_181_Toyohara Kunichika/Kunichika_7604_02_σ╜ôΣ╕ûτ╛ÄσÑ│Σ║öΣ║║µÅâ.jpg	/Users/bear/Documents/CoWork/bear-textbooks/books/art/extracted/ARTZIP/R_181_Toyohara Kunichika/R_181_Toyohara Kunichika/Kunichika_7604_02_σ╜ôΣ╕ûτ╛ÄσÑ│Σ║öΣ║║µÅâ.jpg	extracted
/Users/bear/Documents/CoWork/bear-textbooks/books/art/ARTZIP/R_181_Toyohara Kunichika.zip	R_181_Toyohara Kunichika/Kunichika_2633_σìâσ┤Äσ╝ÑΣ║öΘâÄ_µ▓│σÄƒσ┤Äµ¿⌐Σ╣ïσè⌐πâ╗µù⌐ΘçÄσïÿσ╣│_σ░╛Σ╕èΦÅèΣ║öΘâÄπâ╗Σ╕ìµ│óµò░σÅ│Φí¢ΘûÇ_σñºΦ░╖τ┤½Θüô-µÿÄµ▓╗3-cmb.jpg	/Users/bear/Documents/CoWork/bear-textbooks/books/art/extracted/ARTZIP/R_181_Toyohara Kunichika/R_181_Toyohara Kunichika/Kunichika_2633_σìâσ┤Äσ╝ÑΣ║öΘâÄ_µ▓│σÄƒσ┤Äµ¿⌐Σ╣ïσè⌐πâ╗µù⌐ΘçÄσïÿσ╣│_σ░╛Σ╕èΦÅèΣ║öΘâÄπâ╗Σ╕ìµ│óµò░σÅ│Φí¢ΘûÇ_σñºΦ░╖τ┤½Θüô-µÿÄµ▓╗3-cmb.jpg	extracted
/Users/bear/Documents/CoWork/bear-textbooks/books/art/ARTZIP/R_181_Toyohara Kunichika.zip	R_181_Toyohara Kunichika/Kunichika_39-03.jpg	/Users/bear/Documents/CoWork/bear-textbooks/books/art/extracted/ARTZIP/R_181_Toyohara Kunichika/R_181_Toyohara Kunichika/Kunichika_39-03.jpg	extracted
/Users/bear/Documents/CoWork/bear-textbooks/books/art/ARTZIP/R_181_Toyohara Kunichika.zip	R_181_Toyohara Kunichika/Nakama_Gonbee_en_Kanbara_Mikinosuke_bij_de_geest_van_Sajiro.jpg	/Users/bear/Documents/CoWork/bear-textbooks/books/art/extracted/ARTZIP/R_181_Toyohara Kunichika/R_181_Toyohara Kunichika/Nakama_Gonbee_en_Kanbara_Mikinosuke_bij_de_geest_van_Sajiro.jpg	extracted
/Users/bear/Documents/CoWork/bear-textbooks/books/art/ARTZIP/R_181_Toyohara Kunichika.zip	R_181_Toyohara Kunichika/Kunichika_9519_µ¥▒µ╡╖ΘüôΣ╣ïσåà_σñ⌐τ½£σ╖¥.jpg	/Users/bear/Documents/CoWork/bear-textbooks/books/art/extracted/ARTZIP/R_181_Toyohara Kunichika/R_181_Toyohara Kunichika/Kunichika_9519_µ¥▒µ╡╖ΘüôΣ╣ïσåà_σñ⌐τ½£σ╖¥.jpg	extracted
/Users/bear/Documents/CoWork/bear-textbooks/books/art/ARTZIP/R_181_Toyohara Kunichika.zip	R_181_Toyohara Kunichika/Kunichika_3310_σ╜ôσïóΣ╕ëσìüΣ║îµâ│_τ¢╕Φ½çπüïπéÖµò┤πü▓τ¢╕-µÿÄµ▓╗1.jpg	/Users/bear/Documents/CoWork/bear-textbooks/books/art/extracted/ARTZIP/R_181_Toyohara Kunichika/R_181_Toyohara Kunichika/Kunichika_3310_σ╜ôσïóΣ╕ëσìüΣ║îµâ│_τ¢╕Φ½çπüïπéÖµò┤πü▓τ¢╕-µÿÄµ▓╗1.jpg	extracted
/Users/bear/Documents/CoWork/bear-textbooks/books/art/ARTZIP/R_181_Toyohara Kunichika.zip	R_181_Toyohara Kunichika/Kunichika_1964_03_µÑ╜σ▒ïσñºΦ⌐òσêñ-µÿÄµ▓╗1.jpg	/Users/bear/Documents/CoWork/bear-textbooks/books/art/extracted/ARTZIP/R_181_Toyohara Kunichika/R_181_Toyohara Kunichika/Kunichika_1964_03_µÑ╜σ▒ïσñºΦ⌐òσêñ-µÿÄµ▓╗1.jpg	extracted
/Users/bear/Documents/CoWork/bear-textbooks/books/art/ARTZIP/R_181_Toyohara Kunichika.zip	R_181_Toyohara Kunichika/Kunichika_9490-µ¥▒µ╡╖Θüô_Φùñµ▓ó-µûçΣ╣à3.jpg	/Users/bear/Documents/CoWork/bear-textbooks/books/art/extracted/ARTZIP/R_181_Toyohara Kunichika/R_181_Toyohara Kunichika/Kunichika_9490-µ¥▒µ╡╖Θüô_Φùñµ▓ó-µûçΣ╣à3.jpg	extracted
/Users/bear/Documents/CoWork/bear-textbooks/books/art/ARTZIP/R_181_Toyohara Kunichika.zip	R_181_Toyohara Kunichika/Kunichika_1964_µÑ╜σ▒ïσñºΦ⌐òσêñ-µÿÄµ▓╗1-cmb.jpg	/Users/bear/Documents/CoWork/bear-textbooks/books/art/extracted/ARTZIP/R_181_Toyohara Kunichika/R_181_Toyohara Kunichika/Kunichika_1964_µÑ╜σ▒ïσñºΦ⌐òσêñ-µÿÄµ▓╗1-cmb.jpg	extracted
/Users/bear/Documents/CoWork/bear-textbooks/books/art/ARTZIP/R_181_Toyohara Kunichika.zip	R_181_Toyohara Kunichika/Kunichika_9659.jpg	/Users/bear/Documents/CoWork/bear-textbooks/books/art/extracted/ARTZIP/R_181_Toyohara Kunichika/R_181_Toyohara Kunichika/Kunichika_9659.jpg	extracted
/Users/bear/Documents/CoWork/bear-textbooks/books/art/ARTZIP/R_181_Toyohara Kunichika.zip	R_181_Toyohara Kunichika/Kunichika_4958-µ¥▒µ╡╖Θüô_σ║äΘçÄ-µûçΣ╣à3.jpg	/Users/bear/Documents/CoWork/bear-textbooks/books/art/extracted/ARTZIP/R_181_Toyohara Kunichika/R_181_Toyohara Kunichika/Kunichika_4958-µ¥▒µ╡╖Θüô_σ║äΘçÄ-µûçΣ╣à3.jpg	extracted
/Users/bear/Documents/CoWork/bear-textbooks/books/art/ARTZIP/R_181_Toyohara Kunichika.zip	R_181_Toyohara Kunichika/Kunichika_3300_τÅ╛µÖéΣ║öσìüσ¢¢µâà_τ¼¼Σ╕ëσìüσà¡σÅ╖-µÿÄµ▓╗17.jpg	/Users/bear/Documents/CoWork/bear-textbooks/books/art/extracted/ARTZIP/R_181_Toyohara Kunichika/R_181_Toyohara Kunichika/Kunichika_3300_τÅ╛µÖéΣ║öσìüσ¢¢µâà_τ¼¼Σ╕ëσìüσà¡σÅ╖-µÿÄµ▓╗17.jpg	extracted
/Users/bear/Documents/CoWork/bear-textbooks/books/art/ARTZIP/R_181_Toyohara Kunichika.zip	R_181_Toyohara Kunichika/paulownia_bomen_bij_de_Torenpoort_Sanmon_gosan_no_kiri.jpg	/Users/bear/Documents/CoWork/bear-textbooks/books/art/extracted/ARTZIP/R_181_Toyohara Kunichika/R_181_Toyohara Kunichika/paulownia_bomen_bij_de_Torenpoort_Sanmon_gosan_no_kiri.jpg	extracted
/Users/bear/Documents/CoWork/bear-textbooks/books/art/ARTZIP/R_181_Toyohara Kunichika.zip	R_181_Toyohara Kunichika/Kunichika_9661.jpg	/Users/bear/Documents/CoWork/bear-textbooks/books/art/extracted/ARTZIP/R_181_Toyohara Kunichika/R_181_Toyohara Kunichika/Kunichika_9661.jpg	extracted
/Users/bear/Documents/CoWork/bear-textbooks/books/art/ARTZIP/R_181_Toyohara Kunichika.zip	R_181_Toyohara Kunichika/Kunichika_2635_σ┐áΦçúΦö╡Σ║öµ«╡τ¢«πâ╗σ┐áΦçúΦö╡σ¢¢µ«╡τ¢«πâ╗σ┐áΦçúΦö╡πâÄΣ╕ëµ«╡τ¢«-µÿÄµ▓╗3-cmb.jpg	/Users/bear/Documents/CoWork/bear-textbooks/books/art/extracted/ARTZIP/R_181_Toyohara Kunichika/R_181_Toyohara Kunichika/Kunichika_2635_σ┐áΦçúΦö╡Σ║öµ«╡τ¢«πâ╗σ┐áΦçúΦö╡σ¢¢µ«╡τ¢«πâ╗σ┐áΦçúΦö╡πâÄΣ╕ëµ«╡τ¢«-µÿÄµ▓╗3-cmb.jpg	extracted
/Users/bear/Documents/CoWork/bear-textbooks/books/art/ARTZIP/R_181_Toyohara Kunichika.zip	R_181_Toyohara Kunichika/Kunichika_ 13.jpg	/Users/bear/Documents/CoWork/bear-textbooks/books/art/extracted/ARTZIP/R_181_Toyohara Kunichika/R_181_Toyohara Kunichika/Kunichika_ 13.jpg	extracted
/Users/bear/Documents/CoWork/bear-textbooks/books/art/ARTZIP/R_181_Toyohara Kunichika.zip	R_181_Toyohara Kunichika/Kunichika_1845-03.jpg	/Users/bear/Documents/CoWork/bear-textbooks/books/art/extracted/ARTZIP/R_181_Toyohara Kunichika/R_181_Toyohara Kunichika/Kunichika_1845-03.jpg	extracted
/Users/bear/Documents/CoWork/bear-textbooks/books/art/ARTZIP/R_181_Toyohara Kunichika.zip	R_181_Toyohara Kunichika/Kunichika_9546-µ¥▒µ╡╖Θüô_Φìëµ┤Ñ.jpg	/Users/bear/Documents/CoWork/bear-textbooks/books/art/extracted/ARTZIP/R_181_Toyohara Kunichika/R_181_Toyohara Kunichika/Kunichika_9546-µ¥▒µ╡╖Θüô_Φìëµ┤Ñ.jpg	extracted
/Users/bear/Documents/CoWork/bear-textbooks/books/art/ARTZIP/R_181_Toyohara Kunichika.zip	R_181_Toyohara Kunichika/Kunichika_37-02.jpg	/Users/bear/Documents/CoWork/bear-textbooks/books/art/extracted/ARTZIP/R_181_Toyohara Kunichika/R_181_Toyohara Kunichika/Kunichika_37-02.jpg	extracted
/Users/bear/Documents/CoWork/bear-textbooks/books/art/ARTZIP/R_181_Toyohara Kunichika.zip	R_181_Toyohara Kunichika/Kunichika_068_Σ┐│σä¬σ¢úµëçτö╗.jpg	/Users/bear/Documents/CoWork/bear-textbooks/books/art/extracted/ARTZIP/R_181_Toyohara Kunichika/R_181_Toyohara Kunichika/Kunichika_068_Σ┐│σä¬σ¢úµëçτö╗.jpg	extracted
/Users/bear/Documents/CoWork/bear-textbooks/books/art/ARTZIP/R_181_Toyohara Kunichika.zip	R_181_Toyohara Kunichika/Kunichika_9482-II-µ¥▒µ╡╖ΘüôσÉìµëÇΣ╣ïσåà_Θ╢┤Φªï.jpg	/Users/bear/Documents/CoWork/bear-textbooks/books/art/extracted/ARTZIP/R_181_Toyohara Kunichika/R_181_Toyohara Kunichika/Kunichika_9482-II-µ¥▒µ╡╖ΘüôσÉìµëÇΣ╣ïσåà_Θ╢┤Φªï.jpg	extracted
/Users/bear/Documents/CoWork/bear-textbooks/books/art/ARTZIP/R_181_Toyohara Kunichika.zip	R_181_Toyohara Kunichika/Kunichika_1844_cmb.jpg	/Users/bear/Documents/CoWork/bear-textbooks/books/art/extracted/ARTZIP/R_181_Toyohara Kunichika/R_181_Toyohara Kunichika/Kunichika_1844_cmb.jpg	extracted
/Users/bear/Documents/CoWork/bear-textbooks/books/art/ARTZIP/R_181_Toyohara Kunichika.zip	R_181_Toyohara Kunichika/Kunichika_3312_σ╜ôσïóΣ╕ëσìüΣ║îµâ│_πü»πüÖπéÖπü┐τ¢╕-µÿÄµ▓╗1.jpg	/Users/bear/Documents/CoWork/bear-textbooks/books/art/extracted/ARTZIP/R_181_Toyohara Kunichika/R_181_Toyohara Kunichika/Kunichika_3312_σ╜ôσïóΣ╕ëσìüΣ║îµâ│_πü»πüÖπéÖπü┐τ¢╕-µÿÄµ▓╗1.jpg	extracted
/Users/bear/Documents/CoWork/bear-textbooks/books/art/ARTZIP/R_181_Toyohara Kunichika.zip	R_181_Toyohara Kunichika/Kunichika_3396_ΦÖ╣πé▒σ╢╜µ¥úσÅ│Φí¢ΘûÇ.jpg	/Users/bear/Documents/CoWork/bear-textbooks/books/art/extracted/ARTZIP/R_181_Toyohara Kunichika/R_181_Toyohara Kunichika/Kunichika_3396_ΦÖ╣πé▒σ╢╜µ¥úσÅ│Φí¢ΘûÇ.jpg	extracted
/Users/bear/Documents/CoWork/bear-textbooks/books/art/ARTZIP/R_181_Toyohara Kunichika.zip	R_181_Toyohara Kunichika/Kunichika_3305_σ╜ôσïóΣ╕ëσìüΣ║îµâ│_σ╕░πüùπü¿πééτäíπüòτ¢╕-µÿÄµ▓╗1.jpg	/Users/bear/Documents/CoWork/bear-textbooks/books/art/extracted/ARTZIP/R_181_Toyohara Kunichika/R_181_Toyohara Kunichika/Kunichika_3305_σ╜ôσïóΣ╕ëσìüΣ║îµâ│_σ╕░πüùπü¿πééτäíπüòτ¢╕-µÿÄµ▓╗1.jpg	extracted
/Users/bear/Documents/CoWork/bear-textbooks/books/art/ARTZIP/R_181_Toyohara Kunichika.zip	R_181_Toyohara Kunichika/Kunichika_2638_µ¡ªτö░σï¥Θá╝_µ▓óπéÇπéëΦ¿Ñσìçπâ╗σà½Θçìσ₧úσº½_µ▓óµ¥æτö░Σ╣ïσè⌐-cmb.jpg	/Users/bear/Documents/CoWork/bear-textbooks/books/art/extracted/ARTZIP/R_181_Toyohara Kunichika/R_181_Toyohara Kunichika/Kunichika_2638_µ¡ªτö░σï¥Θá╝_µ▓óπéÇπéëΦ¿Ñσìçπâ╗σà½Θçìσ₧úσº½_µ▓óµ¥æτö░Σ╣ïσè⌐-cmb.jpg	extracted
/Users/bear/Documents/CoWork/bear-textbooks/books/art/ARTZIP/R_181_Toyohara Kunichika.zip	R_181_Toyohara Kunichika/Kunichika_3204-µ¥▒Θâ╜Σ╕ëσìüσà¡µÖ»σåà_σ▒▒τÄï-σàâµ▓╗1.jpg	/Users/bear/Documents/CoWork/bear-textbooks/books/art/extracted/ARTZIP/R_181_Toyohara Kunichika/R_181_Toyohara Kunichika/Kunichika_3204-µ¥▒Θâ╜Σ╕ëσìüσà¡µÖ»σåà_σ▒▒τÄï-σàâµ▓╗1.jpg	extracted
/Users/bear/Documents/CoWork/bear-textbooks/books/art/ARTZIP/R_181_Toyohara Kunichika.zip	R_181_Toyohara Kunichika/Kunichika_1412_01_σÉìσÅñσ▒ïσ▒▒Σ╕ë_µ▓óµ¥æΦ¿Ñσìçπâ╗Σ╕ìτá┤Σ╝┤σ╖ªΦí¢ΘûÇ_σ¥éµ¥▒σ╜ªΣ╕ëΘâÄπâ╗Σ╕ïΘâ¿Θ╣┐Φö╡_σ¥éµ¥▒σñ¬ΘâÄ-µà╢σ┐£3.jpg	/Users/bear/Documents/CoWork/bear-textbooks/books/art/extracted/ARTZIP/R_181_Toyohara Kunichika/R_181_Toyohara Kunichika/Kunichika_1412_01_σÉìσÅñσ▒ïσ▒▒Σ╕ë_µ▓óµ¥æΦ¿Ñσìçπâ╗Σ╕ìτá┤Σ╝┤σ╖ªΦí¢ΘûÇ_σ¥éµ¥▒σ╜ªΣ╕ëΘâÄπâ╗Σ╕ïΘâ¿Θ╣┐Φö╡_σ¥éµ¥▒σñ¬ΘâÄ-µà╢σ┐£3.jpg	extracted
/Users/bear/Documents/CoWork/bear-textbooks/books/art/ARTZIP/R_181_Toyohara Kunichika.zip	R_181_Toyohara Kunichika/Kawanabe_Kyosai_Historic_spots_at_Urashima,_Kanagawa.jpg	/Users/bear/Documents/CoWork/bear-textbooks/books/art/extracted/ARTZIP/R_181_Toyohara Kunichika/R_181_Toyohara Kunichika/Kawanabe_Kyosai_Historic_spots_at_Urashima,_Kanagawa.jpg	extracted
/Users/bear/Documents/CoWork/bear-textbooks/books/art/ARTZIP/R_181_Toyohara Kunichika.zip	R_181_Toyohara Kunichika/Samoerai_Aoyama_en_het_spookOkiku.jpg	/Users/bear/Documents/CoWork/bear-textbooks/books/art/extracted/ARTZIP/R_181_Toyohara Kunichika/R_181_Toyohara Kunichika/Samoerai_Aoyama_en_het_spookOkiku.jpg	extracted
/Users/bear/Documents/CoWork/bear-textbooks/books/art/ARTZIP/R_181_Toyohara Kunichika.zip	R_181_Toyohara Kunichika/Kunichika_1931_Σ╜ÉΦùñΣ╕ÄΦîéΣ╕â_σ░╛Σ╕èΦÅèΣ║öΘâÄ.jpg	/Users/bear/Documents/CoWork/bear-textbooks/books/art/extracted/ARTZIP/R_181_Toyohara Kunichika/R_181_Toyohara Kunichika/Kunichika_1931_Σ╜ÉΦùñΣ╕ÄΦîéΣ╕â_σ░╛Σ╕èΦÅèΣ║öΘâÄ.jpg	extracted
/Users/bear/Documents/CoWork/bear-textbooks/books/art/ARTZIP/R_181_Toyohara Kunichika.zip	R_181_Toyohara Kunichika/Kunichika_9501-II-µ¥▒µ╡╖Θüô_τö▒Σ║ò-µûçΣ╣à3.jpg	/Users/bear/Documents/CoWork/bear-textbooks/books/art/extracted/ARTZIP/R_181_Toyohara Kunichika/R_181_Toyohara Kunichika/Kunichika_9501-II-µ¥▒µ╡╖Θüô_τö▒Σ║ò-µûçΣ╣à3.jpg	extracted
/Users/bear/Documents/CoWork/bear-textbooks/books/art/ARTZIP/R_181_Toyohara Kunichika.zip	R_181_Toyohara Kunichika/Kunichika_37-03.jpg	/Users/bear/Documents/CoWork/bear-textbooks/books/art/extracted/ARTZIP/R_181_Toyohara Kunichika/R_181_Toyohara Kunichika/Kunichika_37-03.jpg	extracted
/Users/bear/Documents/CoWork/bear-textbooks/books/art/ARTZIP/R_181_Toyohara Kunichika.zip	R_181_Toyohara Kunichika/Kunichika_9536-µ¥▒µ╡╖ΘüôσÉìµëÇΣ╣ïσåà_Σ║¼σèáΦîé-µûçΣ╣à3.jpg	/Users/bear/Documents/CoWork/bear-textbooks/books/art/extracted/ARTZIP/R_181_Toyohara Kunichika/R_181_Toyohara Kunichika/Kunichika_9536-µ¥▒µ╡╖ΘüôσÉìµëÇΣ╣ïσåà_Σ║¼σèáΦîé-µûçΣ╣à3.jpg	extracted
/Users/bear/Documents/CoWork/bear-textbooks/books/art/ARTZIP/R_181_Toyohara Kunichika.zip	R_181_Toyohara Kunichika/Kunichika_1845-02.jpg	/Users/bear/Documents/CoWork/bear-textbooks/books/art/extracted/ARTZIP/R_181_Toyohara Kunichika/R_181_Toyohara Kunichika/Kunichika_1845-02.jpg	extracted
/Users/bear/Documents/CoWork/bear-textbooks/books/art/ARTZIP/R_181_Toyohara Kunichika.zip	R_181_Toyohara Kunichika/Kunichika_9462-II-µ¥▒µ╡╖Θüô_σñºσ╕½µ▓│σÄƒ-µûçΣ╣à3.jpg	/Users/bear/Documents/CoWork/bear-textbooks/books/art/extracted/ARTZIP/R_181_Toyohara Kunichika/R_181_Toyohara Kunichika/Kunichika_9462-II-µ¥▒µ╡╖Θüô_σñºσ╕½µ▓│σÄƒ-µûçΣ╣à3.jpg	extracted
/Users/bear/Documents/CoWork/bear-textbooks/books/art/ARTZIP/R_181_Toyohara Kunichika.zip	R_181_Toyohara Kunichika/Kunichika_3394_µ¥╛πé▒µ₧¥σû£Σ╕ëΘâÄ.jpg	/Users/bear/Documents/CoWork/bear-textbooks/books/art/extracted/ARTZIP/R_181_Toyohara Kunichika/R_181_Toyohara Kunichika/Kunichika_3394_µ¥╛πé▒µ₧¥σû£Σ╕ëΘâÄ.jpg	extracted
/Users/bear/Documents/CoWork/bear-textbooks/books/art/ARTZIP/R_181_Toyohara Kunichika.zip	R_181_Toyohara Kunichika/Kunichika_9660.jpg	/Users/bear/Documents/CoWork/bear-textbooks/books/art/extracted/ARTZIP/R_181_Toyohara Kunichika/R_181_Toyohara Kunichika/Kunichika_9660.jpg	extracted
/Users/bear/Documents/CoWork/bear-textbooks/books/art/ARTZIP/R_181_Toyohara Kunichika.zip	R_181_Toyohara Kunichika/Kunichika_7227_Φ▒¬σéæσÑçΦíôτ½╢_σñ⌐τ½║σ╛│σà╡Φí¢_σ░╛Σ╕èΦÅèΣ║öΘâÄ-µûçΣ╣à1.jpg	/Users/bear/Documents/CoWork/bear-textbooks/books/art/extracted/ARTZIP/R_181_Toyohara Kunichika/R_181_Toyohara Kunichika/Kunichika_7227_Φ▒¬σéæσÑçΦíôτ½╢_σñ⌐τ½║σ╛│σà╡Φí¢_σ░╛Σ╕èΦÅèΣ║öΘâÄ-µûçΣ╣à1.jpg	extracted
/Users/bear/Documents/CoWork/bear-textbooks/books/art/ARTZIP/R_181_Toyohara Kunichika.zip	R_181_Toyohara Kunichika/Kunichika_9573-Ikkyo╠äsai_Tsuyanaga-µ¥▒µ╡╖ΘüôσÉìµëÇΣ╣ïσåà_τÖ╜Θ│ÑµÿÄτÑ₧-µûçΣ╣à3.jpg	/Users/bear/Documents/CoWork/bear-textbooks/books/art/extracted/ARTZIP/R_181_Toyohara Kunichika/R_181_Toyohara Kunichika/Kunichika_9573-Ikkyo╠äsai_Tsuyanaga-µ¥▒µ╡╖ΘüôσÉìµëÇΣ╣ïσåà_τÖ╜Θ│ÑµÿÄτÑ₧-µûçΣ╣à3.jpg	extracted
/Users/bear/Documents/CoWork/bear-textbooks/books/art/ARTZIP/R_181_Toyohara Kunichika.zip	R_181_Toyohara Kunichika/Kunichika_ 10.jpg	/Users/bear/Documents/CoWork/bear-textbooks/books/art/extracted/ARTZIP/R_181_Toyohara Kunichika/R_181_Toyohara Kunichika/Kunichika_ 10.jpg	extracted
/Users/bear/Documents/CoWork/bear-textbooks/books/art/ARTZIP/R_181_Toyohara Kunichika.zip	R_181_Toyohara Kunichika/Kunichika_37-01.jpg	/Users/bear/Documents/CoWork/bear-textbooks/books/art/extracted/ARTZIP/R_181_Toyohara Kunichika/R_181_Toyohara Kunichika/Kunichika_37-01.jpg	extracted
/Users/bear/Documents/CoWork/bear-textbooks/books/art/ARTZIP/R_181_Toyohara Kunichika.zip	R_181_Toyohara Kunichika/Kunichika_9504-µ¥▒µ╡╖ΘüôσÉìµëÇΣ╣ïσåà_τºïΦæëσ▒▒-µûçΣ╣à3.jpg	/Users/bear/Documents/CoWork/bear-textbooks/books/art/extracted/ARTZIP/R_181_Toyohara Kunichika/R_181_Toyohara Kunichika/Kunichika_9504-µ¥▒µ╡╖ΘüôσÉìµëÇΣ╣ïσåà_τºïΦæëσ▒▒-µûçΣ╣à3.jpg	extracted
/Users/bear/Documents/CoWork/bear-textbooks/books/art/ARTZIP/R_181_Toyohara Kunichika.zip	R_181_Toyohara Kunichika/Kunichika_071_Σ┐│σä¬σ¢úµëçτö╗.jpg	/Users/bear/Documents/CoWork/bear-textbooks/books/art/extracted/ARTZIP/R_181_Toyohara Kunichika/R_181_Toyohara Kunichika/Kunichika_071_Σ┐│σä¬σ¢úµëçτö╗.jpg	extracted
/Users/bear/Documents/CoWork/bear-textbooks/books/art/ARTZIP/R_181_Toyohara Kunichika.zip	R_181_Toyohara Kunichika/Kunichika_9516-II-µ¥▒µ╡╖Θüô_ΘçæΦ░╖µùÑσ¥éΣ╣ïΘûôΦÅèσ╖¥.jpg	/Users/bear/Documents/CoWork/bear-textbooks/books/art/extracted/ARTZIP/R_181_Toyohara Kunichika/R_181_Toyohara Kunichika/Kunichika_9516-II-µ¥▒µ╡╖Θüô_ΘçæΦ░╖µùÑσ¥éΣ╣ïΘûôΦÅèσ╖¥.jpg	extracted
/Users/bear/Documents/CoWork/bear-textbooks/books/art/ARTZIP/R_181_Toyohara Kunichika.zip	R_181_Toyohara Kunichika/Kunichika_2636_01_πéåπüåσÑ│τÖ╜σÑ│_σ¥éµ¥▒Σ╕ëµ┤ÑΣ║öΘâÄπâ╗σ╛íµ¢╣σ¡Éτë¢ΦïÑΣ╕╕_µ▓óµ¥æΦ¿Ñσìçπâ╗τåèσ¥éΘò╖πü»πéô_Σ╕¡µ¥æΦè¥τ┐½-µÿÄµ▓╗1.jpg	/Users/bear/Documents/CoWork/bear-textbooks/books/art/extracted/ARTZIP/R_181_Toyohara Kunichika/R_181_Toyohara Kunichika/Kunichika_2636_01_πéåπüåσÑ│τÖ╜σÑ│_σ¥éµ¥▒Σ╕ëµ┤ÑΣ║öΘâÄπâ╗σ╛íµ¢╣σ¡Éτë¢ΦïÑΣ╕╕_µ▓óµ¥æΦ¿Ñσìçπâ╗τåèσ¥éΘò╖πü»πéô_Σ╕¡µ¥æΦè¥τ┐½-µÿÄµ▓╗1.jpg	extracted
/Users/bear/Documents/CoWork/bear-textbooks/books/art/ARTZIP/R_181_Toyohara Kunichika.zip	R_181_Toyohara Kunichika/Kunichika_9488-µ¥▒µ╡╖Θüô_µ▒ƒσ░╗.jpg	/Users/bear/Documents/CoWork/bear-textbooks/books/art/extracted/ARTZIP/R_181_Toyohara Kunichika/R_181_Toyohara Kunichika/Kunichika_9488-µ¥▒µ╡╖Θüô_µ▒ƒσ░╗.jpg	extracted
/Users/bear/Documents/CoWork/bear-textbooks/books/art/ARTZIP/R_181_Toyohara Kunichika.zip	R_181_Toyohara Kunichika/Kunichika_9565-µ¥▒µ╡╖Θüô_ΦóïΣ║ò.jpg	/Users/bear/Documents/CoWork/bear-textbooks/books/art/extracted/ARTZIP/R_181_Toyohara Kunichika/R_181_Toyohara Kunichika/Kunichika_9565-µ¥▒µ╡╖Θüô_ΦóïΣ║ò.jpg	extracted
/Users/bear/Documents/CoWork/bear-textbooks/books/art/ARTZIP/R_181_Toyohara Kunichika.zip	R_181_Toyohara Kunichika/Kunichika_3321_Φªïτ½ïσ╝üµà╢µÅâ_Σ║öµ¥íµ⌐ï_σ╕éσ╖¥σ╖ªσ¢úµ¼í-µÿÄµ▓╗5.jpg	/Users/bear/Documents/CoWork/bear-textbooks/books/art/extracted/ARTZIP/R_181_Toyohara Kunichika/R_181_Toyohara Kunichika/Kunichika_3321_Φªïτ½ïσ╝üµà╢µÅâ_Σ║öµ¥íµ⌐ï_σ╕éσ╖¥σ╖ªσ¢úµ¼í-µÿÄµ▓╗5.jpg	extracted
/Users/bear/Documents/CoWork/bear-textbooks/books/art/ARTZIP/R_181_Toyohara Kunichika.zip	R_181_Toyohara Kunichika/Kunichika_2633_02_σìâσ┤Äσ╝ÑΣ║öΘâÄ_µ▓│σÄƒσ┤Äµ¿⌐Σ╣ïσè⌐πâ╗µù⌐ΘçÄσïÿσ╣│_σ░╛Σ╕èΦÅèΣ║öΘâÄπâ╗Σ╕ìµ│óµò░σÅ│Φí¢ΘûÇ_σñºΦ░╖τ┤½Θüô-µÿÄµ▓╗3.jpg	/Users/bear/Documents/CoWork/bear-textbooks/books/art/extracted/ARTZIP/R_181_Toyohara Kunichika/R_181_Toyohara Kunichika/Kunichika_2633_02_σìâσ┤Äσ╝ÑΣ║öΘâÄ_µ▓│σÄƒσ┤Äµ¿⌐Σ╣ïσè⌐πâ╗µù⌐ΘçÄσïÿσ╣│_σ░╛Σ╕èΦÅèΣ║öΘâÄπâ╗Σ╕ìµ│óµò░σÅ│Φí¢ΘûÇ_σñºΦ░╖τ┤½Θüô-µÿÄµ▓╗3.jpg	extracted
/Users/bear/Documents/CoWork/bear-textbooks/books/art/ARTZIP/R_181_Toyohara Kunichika.zip	R_181_Toyohara Kunichika/Kunichika_9588-II-µ¥▒µ╡╖Θüô_σ╣│σíÜ.jpg	/Users/bear/Documents/CoWork/bear-textbooks/books/art/extracted/ARTZIP/R_181_Toyohara Kunichika/R_181_Toyohara Kunichika/Kunichika_9588-II-µ¥▒µ╡╖Θüô_σ╣│σíÜ.jpg	extracted
/Users/bear/Documents/CoWork/bear-textbooks/books/art/ARTZIP/R_181_Toyohara Kunichika.zip	R_181_Toyohara Kunichika/Kunichika_9562-µ¥▒µ╡╖Θüô_σÉëτö░σà╢Σ║î-µûçΣ╣à3.jpg	/Users/bear/Documents/CoWork/bear-textbooks/books/art/extracted/ARTZIP/R_181_Toyohara Kunichika/R_181_Toyohara Kunichika/Kunichika_9562-µ¥▒µ╡╖Θüô_σÉëτö░σà╢Σ║î-µûçΣ╣à3.jpg	extracted
/Users/bear/Documents/CoWork/bear-textbooks/books/art/ARTZIP/R_181_Toyohara Kunichika.zip	R_181_Toyohara Kunichika/Kunichika_9542_µ¥▒µ╡╖Θüô_µ░┤σÅú-µûçΣ╣à3.jpg	/Users/bear/Documents/CoWork/bear-textbooks/books/art/extracted/ARTZIP/R_181_Toyohara Kunichika/R_181_Toyohara Kunichika/Kunichika_9542_µ¥▒µ╡╖Θüô_µ░┤σÅú-µûçΣ╣à3.jpg	extracted
/Users/bear/Documents/CoWork/bear-textbooks/books/art/ARTZIP/R_181_Toyohara Kunichika.zip	R_181_Toyohara Kunichika/Kunichika_9500-µ¥▒µ╡╖Θüô_σÄƒ-µûçΣ╣à3.jpg	/Users/bear/Documents/CoWork/bear-textbooks/books/art/extracted/ARTZIP/R_181_Toyohara Kunichika/R_181_Toyohara Kunichika/Kunichika_9500-µ¥▒µ╡╖Θüô_σÄƒ-µûçΣ╣à3.jpg	extracted
/Users/bear/Documents/CoWork/bear-textbooks/books/art/ARTZIP/R_181_Toyohara Kunichika.zip	R_181_Toyohara Kunichika/Kunichika_3322_Φªïτ½ïσ╝üµà╢µÅâ_σ«ëσ«à_Σ╕¡µ¥æΦè¥τ┐½-µÿÄµ▓╗5.jpg	/Users/bear/Documents/CoWork/bear-textbooks/books/art/extracted/ARTZIP/R_181_Toyohara Kunichika/R_181_Toyohara Kunichika/Kunichika_3322_Φªïτ½ïσ╝üµà╢µÅâ_σ«ëσ«à_Σ╕¡µ¥æΦè¥τ┐½-µÿÄµ▓╗5.jpg	extracted
/Users/bear/Documents/CoWork/bear-textbooks/books/art/ARTZIP/R_181_Toyohara Kunichika.zip	R_181_Toyohara Kunichika/Kunichika_1845-01.jpg	/Users/bear/Documents/CoWork/bear-textbooks/books/art/extracted/ARTZIP/R_181_Toyohara Kunichika/R_181_Toyohara Kunichika/Kunichika_1845-01.jpg	extracted
/Users/bear/Documents/CoWork/bear-textbooks/books/art/ARTZIP/R_181_Toyohara Kunichika.zip	R_181_Toyohara Kunichika/Kunichika_34_cmb.jpg	/Users/bear/Documents/CoWork/bear-textbooks/books/art/extracted/ARTZIP/R_181_Toyohara Kunichika/R_181_Toyohara Kunichika/Kunichika_34_cmb.jpg	extracted
/Users/bear/Documents/CoWork/bear-textbooks/books/art/ARTZIP/R_181_Toyohara Kunichika.zip	R_181_Toyohara Kunichika/Kunichika_ 11.jpg	/Users/bear/Documents/CoWork/bear-textbooks/books/art/extracted/ARTZIP/R_181_Toyohara Kunichika/R_181_Toyohara Kunichika/Kunichika_ 11.jpg	extracted
/Users/bear/Documents/CoWork/bear-textbooks/books/art/ARTZIP/R_181_Toyohara Kunichika.zip	R_181_Toyohara Kunichika/Samoerai_Aoyama_en_het_spook_Okiku.jpg	/Users/bear/Documents/CoWork/bear-textbooks/books/art/extracted/ARTZIP/R_181_Toyohara Kunichika/R_181_Toyohara Kunichika/Samoerai_Aoyama_en_het_spook_Okiku.jpg	extracted
/Users/bear/Documents/CoWork/bear-textbooks/books/art/ARTZIP/R_181_Toyohara Kunichika.zip	R_181_Toyohara Kunichika/Kunichika_7980_∩╝êσ╕éσ╖¥µû░Σ╣ïσè⌐µ▓│σÄƒσ┤Äτ┤½µëçσÅúΣ╕èπü«σ¢│∩╝ë-µûçΣ╣à3.jpg	/Users/bear/Documents/CoWork/bear-textbooks/books/art/extracted/ARTZIP/R_181_Toyohara Kunichika/R_181_Toyohara Kunichika/Kunichika_7980_∩╝êσ╕éσ╖¥µû░Σ╣ïσè⌐µ▓│σÄƒσ┤Äτ┤½µëçσÅúΣ╕èπü«σ¢│∩╝ë-µûçΣ╣à3.jpg	extracted
/Users/bear/Documents/CoWork/bear-textbooks/books/art/ARTZIP/R_181_Toyohara Kunichika.zip	R_181_Toyohara Kunichika/Kunichika_33-03.jpg	/Users/bear/Documents/CoWork/bear-textbooks/books/art/extracted/ARTZIP/R_181_Toyohara Kunichika/R_181_Toyohara Kunichika/Kunichika_33-03.jpg	extracted
/Users/bear/Documents/CoWork/bear-textbooks/books/art/ARTZIP/R_181_Toyohara Kunichika.zip	R_181_Toyohara Kunichika/Genji_Viewing_Snow_From_a_Balcony.jpg	/Users/bear/Documents/CoWork/bear-textbooks/books/art/extracted/ARTZIP/R_181_Toyohara Kunichika/R_181_Toyohara Kunichika/Genji_Viewing_Snow_From_a_Balcony.jpg	extracted
/Users/bear/Documents/CoWork/bear-textbooks/books/art/ARTZIP/R_181_Toyohara Kunichika.zip	R_181_Toyohara Kunichika/Kunichika_43131.jpg	/Users/bear/Documents/CoWork/bear-textbooks/books/art/extracted/ARTZIP/R_181_Toyohara Kunichika/R_181_Toyohara Kunichika/Kunichika_43131.jpg	extracted
/Users/bear/Documents/CoWork/bear-textbooks/books/art/ARTZIP/R_181_Toyohara Kunichika.zip	R_181_Toyohara Kunichika/Kunichika_1841-02.jpg	/Users/bear/Documents/CoWork/bear-textbooks/books/art/extracted/ARTZIP/R_181_Toyohara Kunichika/R_181_Toyohara Kunichika/Kunichika_1841-02.jpg	extracted
/Users/bear/Documents/CoWork/bear-textbooks/books/art/ARTZIP/R_181_Toyohara Kunichika.zip	R_181_Toyohara Kunichika/Kunichika_1846_cmb.jpg	/Users/bear/Documents/CoWork/bear-textbooks/books/art/extracted/ARTZIP/R_181_Toyohara Kunichika/R_181_Toyohara Kunichika/Kunichika_1846_cmb.jpg	extracted
/Users/bear/Documents/CoWork/bear-textbooks/books/art/ARTZIP/R_181_Toyohara Kunichika.zip	R_181_Toyohara Kunichika/Kunichika_2631_πüƒπéÖπüäπüïπüÅπéÖπéë_µ▓óµ¥æΦ¿Ñσìçπâ╗Φè╕ΦÇàπüèπüìπü«_µ▓óµ¥æτö░Σ╣ïσè⌐πâ╗πü╛πéèπü▓πéìπüä_Σ╕¡µ¥æΦè¥τ┐½-σàâµ▓╗1-cmb.jpg	/Users/bear/Documents/CoWork/bear-textbooks/books/art/extracted/ARTZIP/R_181_Toyohara Kunichika/R_181_Toyohara Kunichika/Kunichika_2631_πüƒπéÖπüäπüïπüÅπéÖπéë_µ▓óµ¥æΦ¿Ñσìçπâ╗Φè╕ΦÇàπüèπüìπü«_µ▓óµ¥æτö░Σ╣ïσè⌐πâ╗πü╛πéèπü▓πéìπüä_Σ╕¡µ¥æΦè¥τ┐½-σàâµ▓╗1-cmb.jpg	extracted
/Users/bear/Documents/CoWork/bear-textbooks/books/art/ARTZIP/R_181_Toyohara Kunichika.zip	R_181_Toyohara Kunichika/Kunichika_9586-µ¥▒µ╡╖ΘüôσÉìµëÇΣ╣ïσåà_µóàµ▓ó-µûçΣ╣à3.jpg	/Users/bear/Documents/CoWork/bear-textbooks/books/art/extracted/ARTZIP/R_181_Toyohara Kunichika/R_181_Toyohara Kunichika/Kunichika_9586-µ¥▒µ╡╖ΘüôσÉìµëÇΣ╣ïσåà_µóàµ▓ó-µûçΣ╣à3.jpg	extracted
/Users/bear/Documents/CoWork/bear-textbooks/books/art/ARTZIP/R_181_Toyohara Kunichika.zip	R_181_Toyohara Kunichika/Kunichika_4956-µ¥▒µ╡╖Θüô_Σ╕ëσ╢ï-µûçΣ╣à3.jpg	/Users/bear/Documents/CoWork/bear-textbooks/books/art/extracted/ARTZIP/R_181_Toyohara Kunichika/R_181_Toyohara Kunichika/Kunichika_4956-µ¥▒µ╡╖Θüô_Σ╕ëσ╢ï-µûçΣ╣à3.jpg	extracted
/Users/bear/Documents/CoWork/bear-textbooks/books/art/ARTZIP/R_181_Toyohara Kunichika.zip	R_181_Toyohara Kunichika/Kunichika_ 8.jpg	/Users/bear/Documents/CoWork/bear-textbooks/books/art/extracted/ARTZIP/R_181_Toyohara Kunichika/R_181_Toyohara Kunichika/Kunichika_ 8.jpg	extracted
/Users/bear/Documents/CoWork/bear-textbooks/books/art/ARTZIP/R_181_Toyohara Kunichika.zip	R_181_Toyohara Kunichika/Kunichika_147_Σ┐│σä¬σ¢úµëçτö╗.jpg	/Users/bear/Documents/CoWork/bear-textbooks/books/art/extracted/ARTZIP/R_181_Toyohara Kunichika/R_181_Toyohara Kunichika/Kunichika_147_Σ┐│σä¬σ¢úµëçτö╗.jpg	extracted
/Users/bear/Documents/CoWork/bear-textbooks/books/art/ARTZIP/R_181_Toyohara Kunichika.zip	R_181_Toyohara Kunichika/Kunichika_9468-µ¥▒µ╡╖ΘüôσÉìµëÇΣ╣ïσåà_ΘÄîσÇëΣ╕âΘçîπüïπéÖµ╡£πü«Θó¿µÖ»-µûçΣ╣à3.jpg	/Users/bear/Documents/CoWork/bear-textbooks/books/art/extracted/ARTZIP/R_181_Toyohara Kunichika/R_181_Toyohara Kunichika/Kunichika_9468-µ¥▒µ╡╖ΘüôσÉìµëÇΣ╣ïσåà_ΘÄîσÇëΣ╕âΘçîπüïπéÖµ╡£πü«Θó¿µÖ»-µûçΣ╣à3.jpg	extracted
/Users/bear/Documents/CoWork/bear-textbooks/books/art/ARTZIP/R_181_Toyohara Kunichika.zip	R_181_Toyohara Kunichika/Kunichika_9477-I-µ¥▒µ╡╖Θüô_µ£¼Φè¥µ£¡πâÄΦ╛╗.jpg	/Users/bear/Documents/CoWork/bear-textbooks/books/art/extracted/ARTZIP/R_181_Toyohara Kunichika/R_181_Toyohara Kunichika/Kunichika_9477-I-µ¥▒µ╡╖Θüô_µ£¼Φè¥µ£¡πâÄΦ╛╗.jpg	extracted
/Users/bear/Documents/CoWork/bear-textbooks/books/art/ARTZIP/R_181_Toyohara Kunichika.zip	R_181_Toyohara Kunichika/Kunichika_9502-µ¥▒µ╡╖ΘüôσÉìµëÇΣ╣ïσåà_µ╕àΦªïσ»║-µûçΣ╣à3.jpg	/Users/bear/Documents/CoWork/bear-textbooks/books/art/extracted/ARTZIP/R_181_Toyohara Kunichika/R_181_Toyohara Kunichika/Kunichika_9502-µ¥▒µ╡╖ΘüôσÉìµëÇΣ╣ïσåà_µ╕àΦªïσ»║-µûçΣ╣à3.jpg	extracted
/Users/bear/Documents/CoWork/bear-textbooks/books/art/ARTZIP/R_181_Toyohara Kunichika.zip	R_181_Toyohara Kunichika/Kunichika_9559-µ¥▒µ╡╖ΘüôσÉìµëÇΣ╣ïσåà_σ╛íΦâ╜µï¥Φªïµ£¥τò¬-µûçΣ╣à3.jpg	/Users/bear/Documents/CoWork/bear-textbooks/books/art/extracted/ARTZIP/R_181_Toyohara Kunichika/R_181_Toyohara Kunichika/Kunichika_9559-µ¥▒µ╡╖ΘüôσÉìµëÇΣ╣ïσåà_σ╛íΦâ╜µï¥Φªïµ£¥τò¬-µûçΣ╣à3.jpg	extracted
/Users/bear/Documents/CoWork/bear-textbooks/books/art/ARTZIP/R_181_Toyohara Kunichika.zip	R_181_Toyohara Kunichika/Kunichika_9474-I-µ¥▒µ╡╖ΘüôΣ╣ïσåà_µ▒ƒµê╕σ░╛σ╝╡Σ╕ü.jpg	/Users/bear/Documents/CoWork/bear-textbooks/books/art/extracted/ARTZIP/R_181_Toyohara Kunichika/R_181_Toyohara Kunichika/Kunichika_9474-I-µ¥▒µ╡╖ΘüôΣ╣ïσåà_µ▒ƒµê╕σ░╛σ╝╡Σ╕ü.jpg	extracted
/Users/bear/Documents/CoWork/bear-textbooks/books/art/ARTZIP/R_181_Toyohara Kunichika.zip	R_181_Toyohara Kunichika/Kunichika_1841-03.jpg	/Users/bear/Documents/CoWork/bear-textbooks/books/art/extracted/ARTZIP/R_181_Toyohara Kunichika/R_181_Toyohara Kunichika/Kunichika_1841-03.jpg	extracted
/Users/bear/Documents/CoWork/bear-textbooks/books/art/ARTZIP/R_181_Toyohara Kunichika.zip	R_181_Toyohara Kunichika/Kunichika_43130.jpg	/Users/bear/Documents/CoWork/bear-textbooks/books/art/extracted/ARTZIP/R_181_Toyohara Kunichika/R_181_Toyohara Kunichika/Kunichika_43130.jpg	extracted
/Users/bear/Documents/CoWork/bear-textbooks/books/art/ARTZIP/R_181_Toyohara Kunichika.zip	R_181_Toyohara Kunichika/Kunichika_9496-II-µ¥▒µ╡╖ΘüôσÉìµëÇΣ╣ïσåà_ΘàÆσîéσ╖¥-µûçΣ╣à3.jpg	/Users/bear/Documents/CoWork/bear-textbooks/books/art/extracted/ARTZIP/R_181_Toyohara Kunichika/R_181_Toyohara Kunichika/Kunichika_9496-II-µ¥▒µ╡╖ΘüôσÉìµëÇΣ╣ïσåà_ΘàÆσîéσ╖¥-µûçΣ╣à3.jpg	extracted
/Users/bear/Documents/CoWork/bear-textbooks/books/art/ARTZIP/R_181_Toyohara Kunichika.zip	R_181_Toyohara Kunichika/Kunichika_33-02.jpg	/Users/bear/Documents/CoWork/bear-textbooks/books/art/extracted/ARTZIP/R_181_Toyohara Kunichika/R_181_Toyohara Kunichika/Kunichika_33-02.jpg	extracted
/Users/bear/Documents/CoWork/bear-textbooks/books/art/ARTZIP/R_181_Toyohara Kunichika.zip	R_181_Toyohara Kunichika/Kunichika_9509-µ¥▒µ╡╖Θüô_σ║£Σ╕¡-µûçΣ╣à3.jpg	/Users/bear/Documents/CoWork/bear-textbooks/books/art/extracted/ARTZIP/R_181_Toyohara Kunichika/R_181_Toyohara Kunichika/Kunichika_9509-µ¥▒µ╡╖Θüô_σ║£Σ╕¡-µûçΣ╣à3.jpg	extracted
/Users/bear/Documents/CoWork/bear-textbooks/books/art/ARTZIP/R_181_Toyohara Kunichika.zip	R_181_Toyohara Kunichika/Kunichika_9510-µ¥▒µ╡╖ΘüôσÉìµëÇΣ╣ïσåà_Σ╣àΦâ╜σ▒▒-µûçΣ╣à3.jpg	/Users/bear/Documents/CoWork/bear-textbooks/books/art/extracted/ARTZIP/R_181_Toyohara Kunichika/R_181_Toyohara Kunichika/Kunichika_9510-µ¥▒µ╡╖ΘüôσÉìµëÇΣ╣ïσåà_Σ╣àΦâ╜σ▒▒-µûçΣ╣à3.jpg	extracted
/Users/bear/Documents/CoWork/bear-textbooks/books/art/ARTZIP/R_181_Toyohara Kunichika.zip	R_181_Toyohara Kunichika/Kunichika_7604_04_σ╜ôΣ╕ûτ╛ÄσÑ│Σ║öΣ║║µÅâ.jpg	/Users/bear/Documents/CoWork/bear-textbooks/books/art/extracted/ARTZIP/R_181_Toyohara Kunichika/R_181_Toyohara Kunichika/Kunichika_7604_04_σ╜ôΣ╕ûτ╛ÄσÑ│Σ║öΣ║║µÅâ.jpg	extracted
/Users/bear/Documents/CoWork/bear-textbooks/books/art/ARTZIP/R_181_Toyohara Kunichika.zip	R_181_Toyohara Kunichika/Kunichika_1841-01.jpg	/Users/bear/Documents/CoWork/bear-textbooks/books/art/extracted/ARTZIP/R_181_Toyohara Kunichika/R_181_Toyohara Kunichika/Kunichika_1841-01.jpg	extracted
/Users/bear/Documents/CoWork/bear-textbooks/books/art/ARTZIP/R_181_Toyohara Kunichika.zip	R_181_Toyohara Kunichika/Kunichika_43132.jpg	/Users/bear/Documents/CoWork/bear-textbooks/books/art/extracted/ARTZIP/R_181_Toyohara Kunichika/R_181_Toyohara Kunichika/Kunichika_43132.jpg	extracted
/Users/bear/Documents/CoWork/bear-textbooks/books/art/ARTZIP/R_181_Toyohara Kunichika.zip	R_181_Toyohara Kunichika/Kunichika_2636_02_πéåπüåσÑ│τÖ╜σÑ│_σ¥éµ¥▒Σ╕ëµ┤ÑΣ║öΘâÄπâ╗σ╛íµ¢╣σ¡Éτë¢ΦïÑΣ╕╕_µ▓óµ¥æΦ¿Ñσìçπâ╗τåèσ¥éΘò╖πü»πéô_Σ╕¡µ¥æΦè¥τ┐½-µÿÄµ▓╗1.jpg	/Users/bear/Documents/CoWork/bear-textbooks/books/art/extracted/ARTZIP/R_181_Toyohara Kunichika/R_181_Toyohara Kunichika/Kunichika_2636_02_πéåπüåσÑ│τÖ╜σÑ│_σ¥éµ¥▒Σ╕ëµ┤ÑΣ║öΘâÄπâ╗σ╛íµ¢╣σ¡Éτë¢ΦïÑΣ╕╕_µ▓óµ¥æΦ¿Ñσìçπâ╗τåèσ¥éΘò╖πü»πéô_Σ╕¡µ¥æΦè¥τ┐½-µÿÄµ▓╗1.jpg	extracted
/Users/bear/Documents/CoWork/bear-textbooks/books/art/ARTZIP/R_181_Toyohara Kunichika.zip	R_181_Toyohara Kunichika/Kunichika_3319_Φªïτ½ïσ╝üµà╢µÅâ_µ¢╕σåÖσ»║_µ▓│σÄƒσ┤ÄΣ╕ëσìç.jpg	/Users/bear/Documents/CoWork/bear-textbooks/books/art/extracted/ARTZIP/R_181_Toyohara Kunichika/R_181_Toyohara Kunichika/Kunichika_3319_Φªïτ½ïσ╝üµà╢µÅâ_µ¢╕σåÖσ»║_µ▓│σÄƒσ┤ÄΣ╕ëσìç.jpg	extracted
/Users/bear/Documents/CoWork/bear-textbooks/books/art/ARTZIP/R_181_Toyohara Kunichika.zip	R_181_Toyohara Kunichika/Kunichika_9537-II-µ¥▒µ╡╖ΘüôσÉìµëÇΣ╣ïσåà_σ¢¢µùÑσ╕éΦ┐╜σêå-µûçΣ╣à3.jpg	/Users/bear/Documents/CoWork/bear-textbooks/books/art/extracted/ARTZIP/R_181_Toyohara Kunichika/R_181_Toyohara Kunichika/Kunichika_9537-II-µ¥▒µ╡╖ΘüôσÉìµëÇΣ╣ïσåà_σ¢¢µùÑσ╕éΦ┐╜σêå-µûçΣ╣à3.jpg	extracted
/Users/bear/Documents/CoWork/bear-textbooks/books/art/ARTZIP/R_181_Toyohara Kunichika.zip	R_181_Toyohara Kunichika/Kunichika_1763_01_Σ╗èµºÿµ║Éµ░ÅΣ╕ëµ¢▓ΘüèΦêêΣ╣ïσ¢│-Σ╕çσ╗╢1.jpg	/Users/bear/Documents/CoWork/bear-textbooks/books/art/extracted/ARTZIP/R_181_Toyohara Kunichika/R_181_Toyohara Kunichika/Kunichika_1763_01_Σ╗èµºÿµ║Éµ░ÅΣ╕ëµ¢▓ΘüèΦêêΣ╣ïσ¢│-Σ╕çσ╗╢1.jpg	extracted
/Users/bear/Documents/CoWork/bear-textbooks/books/art/ARTZIP/R_181_Toyohara Kunichika.zip	R_181_Toyohara Kunichika/Kunichika_9497-µ¥▒µ╡╖ΘüôσÉìµëÇΣ╣ïσåà_Σ╕ëΣ┐¥µ¥╛σÄƒ-µûçΣ╣à3.jpg	/Users/bear/Documents/CoWork/bear-textbooks/books/art/extracted/ARTZIP/R_181_Toyohara Kunichika/R_181_Toyohara Kunichika/Kunichika_9497-µ¥▒µ╡╖ΘüôσÉìµëÇΣ╣ïσåà_Σ╕ëΣ┐¥µ¥╛σÄƒ-µûçΣ╣à3.jpg	extracted
/Users/bear/Documents/CoWork/bear-textbooks/books/art/ARTZIP/R_181_Toyohara Kunichika.zip	R_181_Toyohara Kunichika/Kunichika_36_cmb.jpg	/Users/bear/Documents/CoWork/bear-textbooks/books/art/extracted/ARTZIP/R_181_Toyohara Kunichika/R_181_Toyohara Kunichika/Kunichika_36_cmb.jpg	extracted
/Users/bear/Documents/CoWork/bear-textbooks/books/art/ARTZIP/R_181_Toyohara Kunichika.zip	R_181_Toyohara Kunichika/Kunichika_9465-µ¥▒µ╡╖ΘüôσÉìµëÇΣ╣ïσåà_µ▒ƒΣ╣ïσ│╢-µûçΣ╣à3.jpg	/Users/bear/Documents/CoWork/bear-textbooks/books/art/extracted/ARTZIP/R_181_Toyohara Kunichika/R_181_Toyohara Kunichika/Kunichika_9465-µ¥▒µ╡╖ΘüôσÉìµëÇΣ╣ïσåà_µ▒ƒΣ╣ïσ│╢-µûçΣ╣à3.jpg	extracted
/Users/bear/Documents/CoWork/bear-textbooks/books/art/ARTZIP/R_181_Toyohara Kunichika.zip	R_181_Toyohara Kunichika/Kunichika_3203-µ¥▒Θâ╜Σ╕ëσìüσà¡µÖ»σåà_µ╖▒σ╖¥σà½σ╣í-σàâµ▓╗1.jpg	/Users/bear/Documents/CoWork/bear-textbooks/books/art/extracted/ARTZIP/R_181_Toyohara Kunichika/R_181_Toyohara Kunichika/Kunichika_3203-µ¥▒Θâ╜Σ╕ëσìüσà¡µÖ»σåà_µ╖▒σ╖¥σà½σ╣í-σàâµ▓╗1.jpg	extracted
/Users/bear/Documents/CoWork/bear-textbooks/books/art/ARTZIP/R_181_Toyohara Kunichika.zip	R_181_Toyohara Kunichika/Kunichika_1812_cmb.jpg	/Users/bear/Documents/CoWork/bear-textbooks/books/art/extracted/ARTZIP/R_181_Toyohara Kunichika/R_181_Toyohara Kunichika/Kunichika_1812_cmb.jpg	extracted
/Users/bear/Documents/CoWork/bear-textbooks/books/art/ARTZIP/R_181_Toyohara Kunichika.zip	R_181_Toyohara Kunichika/Kunichika_062_Σ┐│σä¬σ¢úµëçτö╗.jpg	/Users/bear/Documents/CoWork/bear-textbooks/books/art/extracted/ARTZIP/R_181_Toyohara Kunichika/R_181_Toyohara Kunichika/Kunichika_062_Σ┐│σä¬σ¢úµëçτö╗.jpg	extracted
/Users/bear/Documents/CoWork/bear-textbooks/books/art/ARTZIP/R_181_Toyohara Kunichika.zip	R_181_Toyohara Kunichika/Kunichika_2633_01_σìâσ┤Äσ╝ÑΣ║öΘâÄ_µ▓│σÄƒσ┤Äµ¿⌐Σ╣ïσè⌐πâ╗µù⌐ΘçÄσïÿσ╣│_σ░╛Σ╕èΦÅèΣ║öΘâÄπâ╗Σ╕ìµ│óµò░σÅ│Φí¢ΘûÇ_σñºΦ░╖τ┤½Θüô-µÿÄµ▓╗3.jpg	/Users/bear/Documents/CoWork/bear-textbooks/books/art/extracted/ARTZIP/R_181_Toyohara Kunichika/R_181_Toyohara Kunichika/Kunichika_2633_01_σìâσ┤Äσ╝ÑΣ║öΘâÄ_µ▓│σÄƒσ┤Äµ¿⌐Σ╣ïσè⌐πâ╗µù⌐ΘçÄσïÿσ╣│_σ░╛Σ╕èΦÅèΣ║öΘâÄπâ╗Σ╕ìµ│óµò░σÅ│Φí¢ΘûÇ_σñºΦ░╖τ┤½Θüô-µÿÄµ▓╗3.jpg	extracted
/Users/bear/Documents/CoWork/bear-textbooks/books/art/ARTZIP/R_181_Toyohara Kunichika.zip	R_181_Toyohara Kunichika/Kunichika_9555-µ¥▒µ╡╖ΘüôσÉìµëÇΣ╣ïσåà_Σ╕èσèáΦîé-µûçΣ╣à3.jpg	/Users/bear/Documents/CoWork/bear-textbooks/books/art/extracted/ARTZIP/R_181_Toyohara Kunichika/R_181_Toyohara Kunichika/Kunichika_9555-µ¥▒µ╡╖ΘüôσÉìµëÇΣ╣ïσåà_Σ╕èσèáΦîé-µûçΣ╣à3.jpg	extracted
/Users/bear/Documents/CoWork/bear-textbooks/books/art/ARTZIP/R_181_Toyohara Kunichika.zip	R_181_Toyohara Kunichika/Kunichika_3316_σ╜ôσïóΣ╕ëσìüΣ║îµâ│_σåÖπüùπüƒτ¢╕-µÿÄµ▓╗1.jpg	/Users/bear/Documents/CoWork/bear-textbooks/books/art/extracted/ARTZIP/R_181_Toyohara Kunichika/R_181_Toyohara Kunichika/Kunichika_3316_σ╜ôσïóΣ╕ëσìüΣ║îµâ│_σåÖπüùπüƒτ¢╕-µÿÄµ▓╗1.jpg	extracted
/Users/bear/Documents/CoWork/bear-textbooks/books/art/ARTZIP/R_181_Toyohara Kunichika.zip	R_181_Toyohara Kunichika/Kunichika_4957-µ¥▒µ╡╖Θüô_τÖ╜ΘáêΦ│Ç-µûçΣ╣à3.jpg	/Users/bear/Documents/CoWork/bear-textbooks/books/art/extracted/ARTZIP/R_181_Toyohara Kunichika/R_181_Toyohara Kunichika/Kunichika_4957-µ¥▒µ╡╖Θüô_τÖ╜ΘáêΦ│Ç-µûçΣ╣à3.jpg	extracted
/Users/bear/Documents/CoWork/bear-textbooks/books/art/ARTZIP/R_181_Toyohara Kunichika.zip	R_181_Toyohara Kunichika/Kunichika_9554-µ¥▒µ╡╖ΘüôσÉìµëÇΣ╣ïσåà_τ│║µ▓│σÄƒ-µûçΣ╣à3.jpg	/Users/bear/Documents/CoWork/bear-textbooks/books/art/extracted/ARTZIP/R_181_Toyohara Kunichika/R_181_Toyohara Kunichika/Kunichika_9554-µ¥▒µ╡╖ΘüôσÉìµëÇΣ╣ïσåà_τ│║µ▓│σÄƒ-µûçΣ╣à3.jpg	extracted
/Users/bear/Documents/CoWork/bear-textbooks/books/art/ARTZIP/R_181_Toyohara Kunichika.zip	R_181_Toyohara Kunichika/Kunichika_33-01.jpg	/Users/bear/Documents/CoWork/bear-textbooks/books/art/extracted/ARTZIP/R_181_Toyohara Kunichika/R_181_Toyohara Kunichika/Kunichika_33-01.jpg	extracted
/Users/bear/Documents/CoWork/bear-textbooks/books/art/ARTZIP/R_181_Toyohara Kunichika.zip	R_181_Toyohara Kunichika/Kunichika_9508-µ¥▒µ╡╖ΘüôΣ╣ïσåà_σ▓íΘâ¿.jpg	/Users/bear/Documents/CoWork/bear-textbooks/books/art/extracted/ARTZIP/R_181_Toyohara Kunichika/R_181_Toyohara Kunichika/Kunichika_9508-µ¥▒µ╡╖ΘüôΣ╣ïσåà_σ▓íΘâ¿.jpg	extracted
/Users/bear/Documents/CoWork/bear-textbooks/books/art/ARTZIP/R_181_Toyohara Kunichika.zip	R_181_Toyohara Kunichika/Japanese_Woodblock.jpg	/Users/bear/Documents/CoWork/bear-textbooks/books/art/extracted/ARTZIP/R_181_Toyohara Kunichika/R_181_Toyohara Kunichika/Japanese_Woodblock.jpg	extracted
/Users/bear/Documents/CoWork/bear-textbooks/books/art/ARTZIP/R_181_Toyohara Kunichika.zip	R_181_Toyohara Kunichika/Kunichika_2634_03_µ£¥πüìπéèσ│╢Φö╡_σ╕éσ╖¥Σ╣¥Φö╡πâ╗Σ╕Çπü╡πüùπéÖΣ╗üσñ¬ΘâÄ-µà╢σ┐£2.jpg	/Users/bear/Documents/CoWork/bear-textbooks/books/art/extracted/ARTZIP/R_181_Toyohara Kunichika/R_181_Toyohara Kunichika/Kunichika_2634_03_µ£¥πüìπéèσ│╢Φö╡_σ╕éσ╖¥Σ╣¥Φö╡πâ╗Σ╕Çπü╡πüùπéÖΣ╗üσñ¬ΘâÄ-µà╢σ┐£2.jpg	extracted
/Users/bear/Documents/CoWork/bear-textbooks/books/art/ARTZIP/R_181_Toyohara Kunichika.zip	R_181_Toyohara Kunichika/Kunichika_3298_τÅ╛µÖéΣ║öσìüσ¢¢µâà_τ¼¼Σ║îσìüσÅ╖-µÿÄµ▓╗17.jpg	/Users/bear/Documents/CoWork/bear-textbooks/books/art/extracted/ARTZIP/R_181_Toyohara Kunichika/R_181_Toyohara Kunichika/Kunichika_3298_τÅ╛µÖéΣ║öσìüσ¢¢µâà_τ¼¼Σ║îσìüσÅ╖-µÿÄµ▓╗17.jpg	extracted
/Users/bear/Documents/CoWork/bear-textbooks/books/art/ARTZIP/R_181_Toyohara Kunichika.zip	R_181_Toyohara Kunichika/Kunichika_2635_01_σ┐áΦçúΦö╡Σ║öµ«╡τ¢«πâ╗σ┐áΦçúΦö╡σ¢¢µ«╡τ¢«πâ╗σ┐áΦçúΦö╡πâÄΣ╕ëµ«╡τ¢«-µÿÄµ▓╗3.jpg	/Users/bear/Documents/CoWork/bear-textbooks/books/art/extracted/ARTZIP/R_181_Toyohara Kunichika/R_181_Toyohara Kunichika/Kunichika_2635_01_σ┐áΦçúΦö╡Σ║öµ«╡τ¢«πâ╗σ┐áΦçúΦö╡σ¢¢µ«╡τ¢«πâ╗σ┐áΦçúΦö╡πâÄΣ╕ëµ«╡τ¢«-µÿÄµ▓╗3.jpg	extracted
/Users/bear/Documents/CoWork/bear-textbooks/books/art/ARTZIP/R_181_Toyohara Kunichika.zip	R_181_Toyohara Kunichika/Kunichika_9548-II-µ¥▒µ╡╖ΘüôσÉìµëÇΣ╣ïσåà_σèáΦîéσ╖¥ΘüèΦªº.jpg	/Users/bear/Documents/CoWork/bear-textbooks/books/art/extracted/ARTZIP/R_181_Toyohara Kunichika/R_181_Toyohara Kunichika/Kunichika_9548-II-µ¥▒µ╡╖ΘüôσÉìµëÇΣ╣ïσåà_σèáΦîéσ╖¥ΘüèΦªº.jpg	extracted
/Users/bear/Documents/CoWork/bear-textbooks/books/art/ARTZIP/R_181_Toyohara Kunichika.zip	R_181_Toyohara Kunichika/Kunichika_9463-µ¥▒µ╡╖ΘüôΣ╣ïσåàΣ║¼_σñºσåàΦ╣┤Θ₧áΣ╣ïΘüèΦªº-µûçΣ╣à3.jpg	/Users/bear/Documents/CoWork/bear-textbooks/books/art/extracted/ARTZIP/R_181_Toyohara Kunichika/R_181_Toyohara Kunichika/Kunichika_9463-µ¥▒µ╡╖ΘüôΣ╣ïσåàΣ║¼_σñºσåàΦ╣┤Θ₧áΣ╣ïΘüèΦªº-µûçΣ╣à3.jpg	extracted
/Users/bear/Documents/CoWork/bear-textbooks/books/art/ARTZIP/R_181_Toyohara Kunichika.zip	R_181_Toyohara Kunichika/Kunichika_1851-01.jpg	/Users/bear/Documents/CoWork/bear-textbooks/books/art/extracted/ARTZIP/R_181_Toyohara Kunichika/R_181_Toyohara Kunichika/Kunichika_1851-01.jpg	extracted
/Users/bear/Documents/CoWork/bear-textbooks/books/art/ARTZIP/R_181_Toyohara Kunichika.zip	R_181_Toyohara Kunichika/Hanami.jpg	/Users/bear/Documents/CoWork/bear-textbooks/books/art/extracted/ARTZIP/R_181_Toyohara Kunichika/R_181_Toyohara Kunichika/Hanami.jpg	extracted
/Users/bear/Documents/CoWork/bear-textbooks/books/art/ARTZIP/R_181_Toyohara Kunichika.zip	R_181_Toyohara Kunichika/Kunichika_3314_σ╜ôσïóΣ╕ëσìüΣ║îµâ│_σñóπüïπéÖΦªïπüƒτ¢╕-µÿÄµ▓╗1.jpg	/Users/bear/Documents/CoWork/bear-textbooks/books/art/extracted/ARTZIP/R_181_Toyohara Kunichika/R_181_Toyohara Kunichika/Kunichika_3314_σ╜ôσïóΣ╕ëσìüΣ║îµâ│_σñóπüïπéÖΦªïπüƒτ¢╕-µÿÄµ▓╗1.jpg	extracted
/Users/bear/Documents/CoWork/bear-textbooks/books/art/ARTZIP/R_181_Toyohara Kunichika.zip	R_181_Toyohara Kunichika/Kunichika_9476-II-µ¥▒µ╡╖ΘüôσÉìµëÇΣ╣ïσåà_Θ½ÿΦ╝¬σñºµ£¿µê╕.jpg	/Users/bear/Documents/CoWork/bear-textbooks/books/art/extracted/ARTZIP/R_181_Toyohara Kunichika/R_181_Toyohara Kunichika/Kunichika_9476-II-µ¥▒µ╡╖ΘüôσÉìµëÇΣ╣ïσåà_Θ½ÿΦ╝¬σñºµ£¿µê╕.jpg	extracted
/Users/bear/Documents/CoWork/bear-textbooks/books/art/ARTZIP/R_181_Toyohara Kunichika.zip	R_181_Toyohara Kunichika/Kunichika_3315_σ╜ôσïóΣ╕ëσìüΣ║îµâ│_Θ¢▓πüïπéÖπüïπé¥πéèτ¢╕-µÿÄµ▓╗1.jpg	/Users/bear/Documents/CoWork/bear-textbooks/books/art/extracted/ARTZIP/R_181_Toyohara Kunichika/R_181_Toyohara Kunichika/Kunichika_3315_σ╜ôσïóΣ╕ëσìüΣ║îµâ│_Θ¢▓πüïπéÖπüïπé¥πéèτ¢╕-µÿÄµ▓╗1.jpg	extracted
/Users/bear/Documents/CoWork/bear-textbooks/books/art/ARTZIP/R_181_Toyohara Kunichika.zip	R_181_Toyohara Kunichika/Kunichika_2631_01_πüƒπéÖπüäπüïπüÅπéÖπéë_µ▓óµ¥æΦ¿Ñσìçπâ╗Φè╕ΦÇàπüèπüìπü«_µ▓óµ¥æτö░Σ╣ïσè⌐πâ╗πü╛πéèπü▓πéìπüä_Σ╕¡µ¥æΦè¥τ┐½-σàâµ▓╗1.jpg	/Users/bear/Documents/CoWork/bear-textbooks/books/art/extracted/ARTZIP/R_181_Toyohara Kunichika/R_181_Toyohara Kunichika/Kunichika_2631_01_πüƒπéÖπüäπüïπüÅπéÖπéë_µ▓óµ¥æΦ¿Ñσìçπâ╗Φè╕ΦÇàπüèπüìπü«_µ▓óµ¥æτö░Σ╣ïσè⌐πâ╗πü╛πéèπü▓πéìπüä_Σ╕¡µ¥æΦè¥τ┐½-σàâµ▓╗1.jpg	extracted
/Users/bear/Documents/CoWork/bear-textbooks/books/art/ARTZIP/R_181_Toyohara Kunichika.zip	R_181_Toyohara Kunichika/Kunichika_3309_σ╜ôσïóΣ╕ëσìüΣ║îµâ│_µëïπüïπéÖπüéπéèτ¢╕-µÿÄµ▓╗1.jpg	/Users/bear/Documents/CoWork/bear-textbooks/books/art/extracted/ARTZIP/R_181_Toyohara Kunichika/R_181_Toyohara Kunichika/Kunichika_3309_σ╜ôσïóΣ╕ëσìüΣ║îµâ│_µëïπüïπéÖπüéπéèτ¢╕-µÿÄµ▓╗1.jpg	extracted
/Users/bear/Documents/CoWork/bear-textbooks/books/art/ARTZIP/R_181_Toyohara Kunichika.zip	R_181_Toyohara Kunichika/Kunichika_9469-µ¥▒µ╡╖ΘüôσÉìµëÇΣ║¼µ┤¢Σ╕¡πâÄσåà_Σ║öµ¥íµ⌐ï-µûçΣ╣à3.jpg	/Users/bear/Documents/CoWork/bear-textbooks/books/art/extracted/ARTZIP/R_181_Toyohara Kunichika/R_181_Toyohara Kunichika/Kunichika_9469-µ¥▒µ╡╖ΘüôσÉìµëÇΣ║¼µ┤¢Σ╕¡πâÄσåà_Σ║öµ¥íµ⌐ï-µûçΣ╣à3.jpg	extracted
/Users/bear/Documents/CoWork/bear-textbooks/books/art/ARTZIP/R_181_Toyohara Kunichika.zip	R_181_Toyohara Kunichika/Kunichika_2675-unknown-Φ╡ñµ¥╛σàÑΘüôµ║ÇτÑÉ_σ╕éσ╖¥σ¢úσìüΘâÄ.jpg	/Users/bear/Documents/CoWork/bear-textbooks/books/art/extracted/ARTZIP/R_181_Toyohara Kunichika/R_181_Toyohara Kunichika/Kunichika_2675-unknown-Φ╡ñµ¥╛σàÑΘüôµ║ÇτÑÉ_σ╕éσ╖¥σ¢úσìüΘâÄ.jpg	extracted
/Users/bear/Documents/CoWork/bear-textbooks/books/art/ARTZIP/R_181_Toyohara Kunichika.zip	R_181_Toyohara Kunichika/Kunichika_9518-µ¥▒µ╡╖Θüô_µùÑσ¥é.jpg	/Users/bear/Documents/CoWork/bear-textbooks/books/art/extracted/ARTZIP/R_181_Toyohara Kunichika/R_181_Toyohara Kunichika/Kunichika_9518-µ¥▒µ╡╖Θüô_µùÑσ¥é.jpg	extracted
/Users/bear/Documents/CoWork/bear-textbooks/books/art/ARTZIP/R_181_Toyohara Kunichika.zip	R_181_Toyohara Kunichika/Kunichika_1843-01.jpg	/Users/bear/Documents/CoWork/bear-textbooks/books/art/extracted/ARTZIP/R_181_Toyohara Kunichika/R_181_Toyohara Kunichika/Kunichika_1843-01.jpg	extracted
/Users/bear/Documents/CoWork/bear-textbooks/books/art/ARTZIP/R_181_Toyohara Kunichika.zip	R_181_Toyohara Kunichika/Kunichika_7604_01_σ╜ôΣ╕ûτ╛ÄσÑ│Σ║öΣ║║µÅâ.jpg	/Users/bear/Documents/CoWork/bear-textbooks/books/art/extracted/ARTZIP/R_181_Toyohara Kunichika/R_181_Toyohara Kunichika/Kunichika_7604_01_σ╜ôΣ╕ûτ╛ÄσÑ│Σ║öΣ║║µÅâ.jpg	extracted
/Users/bear/Documents/CoWork/bear-textbooks/books/art/ARTZIP/R_181_Toyohara Kunichika.zip	R_181_Toyohara Kunichika/Kunichika_069_Σ┐│σä¬σ¢úµëçτö╗.jpg	/Users/bear/Documents/CoWork/bear-textbooks/books/art/extracted/ARTZIP/R_181_Toyohara Kunichika/R_181_Toyohara Kunichika/Kunichika_069_Σ┐│σä¬σ¢úµëçτö╗.jpg	extracted
/Users/bear/Documents/CoWork/bear-textbooks/books/art/ARTZIP/R_181_Toyohara Kunichika.zip	R_181_Toyohara Kunichika/Kunichika_3297_τÅ╛µÖéΣ║öσìüσ¢¢µâà_τ¼¼Σ╕âσÅ╖.jpg	/Users/bear/Documents/CoWork/bear-textbooks/books/art/extracted/ARTZIP/R_181_Toyohara Kunichika/R_181_Toyohara Kunichika/Kunichika_3297_τÅ╛µÖéΣ║öσìüσ¢¢µâà_τ¼¼Σ╕âσÅ╖.jpg	extracted
/Users/bear/Documents/CoWork/bear-textbooks/books/art/ARTZIP/R_181_Toyohara Kunichika.zip	R_181_Toyohara Kunichika/Kunichika_9517-µ¥▒µ╡╖Θüô_µÄ¢σ╖¥-µûçΣ╣à3.jpg	/Users/bear/Documents/CoWork/bear-textbooks/books/art/extracted/ARTZIP/R_181_Toyohara Kunichika/R_181_Toyohara Kunichika/Kunichika_9517-µ¥▒µ╡╖Θüô_µÄ¢σ╖¥-µûçΣ╣à3.jpg	extracted
/Users/bear/Documents/CoWork/bear-textbooks/books/art/ARTZIP/R_181_Toyohara Kunichika.zip	R_181_Toyohara Kunichika/Kunichika_7224_Φ▒¬σéæσÑçΦíôτ½╢_σñºΦ¢çΣ╕╕_Σ╕¡µ¥æΦè¥τ┐½-µûçΣ╣à1.jpg	/Users/bear/Documents/CoWork/bear-textbooks/books/art/extracted/ARTZIP/R_181_Toyohara Kunichika/R_181_Toyohara Kunichika/Kunichika_7224_Φ▒¬σéæσÑçΦíôτ½╢_σñºΦ¢çΣ╕╕_Σ╕¡µ¥æΦè¥τ┐½-µûçΣ╣à1.jpg	extracted
/Users/bear/Documents/CoWork/bear-textbooks/books/art/ARTZIP/R_181_Toyohara Kunichika.zip	R_181_Toyohara Kunichika/Kunichika_081_Σ┐│σä¬σ¢úµëçτö╗.jpg	/Users/bear/Documents/CoWork/bear-textbooks/books/art/extracted/ARTZIP/R_181_Toyohara Kunichika/R_181_Toyohara Kunichika/Kunichika_081_Σ┐│σä¬σ¢úµëçτö╗.jpg	extracted
/Users/bear/Documents/CoWork/bear-textbooks/books/art/ARTZIP/R_181_Toyohara Kunichika.zip	R_181_Toyohara Kunichika/Kunichika_37_cmb.jpg	/Users/bear/Documents/CoWork/bear-textbooks/books/art/extracted/ARTZIP/R_181_Toyohara Kunichika/R_181_Toyohara Kunichika/Kunichika_37_cmb.jpg	extracted
/Users/bear/Documents/CoWork/bear-textbooks/books/art/ARTZIP/R_181_Toyohara Kunichika.zip	R_181_Toyohara Kunichika/Kunichika_2637_τÖ╜τ╕½σº½_µ▓óµ¥æτö░Σ╣ïσè⌐πâ╗Θ│Ñσ▒▒τºïΣ╜£_Σ╕¡µ¥æΦè¥τ┐½-σàâµ▓╗1-cmb.jpg	/Users/bear/Documents/CoWork/bear-textbooks/books/art/extracted/ARTZIP/R_181_Toyohara Kunichika/R_181_Toyohara Kunichika/Kunichika_2637_τÖ╜τ╕½σº½_µ▓óµ¥æτö░Σ╣ïσè⌐πâ╗Θ│Ñσ▒▒τºïΣ╜£_Σ╕¡µ¥æΦè¥τ┐½-σàâµ▓╗1-cmb.jpg	extracted
/Users/bear/Documents/CoWork/bear-textbooks/books/art/ARTZIP/R_181_Toyohara Kunichika.zip	R_181_Toyohara Kunichika/σ╕éσ╖¥σ╖ªσ░Åµ▓╗_σ£ƒσ╖ªΦí¢ΘûÇΣ╝¥σÉë1.jpg	/Users/bear/Documents/CoWork/bear-textbooks/books/art/extracted/ARTZIP/R_181_Toyohara Kunichika/R_181_Toyohara Kunichika/σ╕éσ╖¥σ╖ªσ░Åµ▓╗_σ£ƒσ╖ªΦí¢ΘûÇΣ╝¥σÉë1.jpg	extracted
/Users/bear/Documents/CoWork/bear-textbooks/books/art/ARTZIP/R_181_Toyohara Kunichika.zip	R_181_Toyohara Kunichika/Kunichika_7680_02_µ¥▒µ╡╖ΘüôΣ║öσìüΣ╕ëµ¼íΣ╣ïσåàΦê╣µ⌐ïµÄ¢µ╕íΦíîσêùΣ╣ïσ¢│-µûçΣ╣à3.jpg	/Users/bear/Documents/CoWork/bear-textbooks/books/art/extracted/ARTZIP/R_181_Toyohara Kunichika/R_181_Toyohara Kunichika/Kunichika_7680_02_µ¥▒µ╡╖ΘüôΣ║öσìüΣ╕ëµ¼íΣ╣ïσåàΦê╣µ⌐ïµÄ¢µ╕íΦíîσêùΣ╣ïσ¢│-µûçΣ╣à3.jpg	extracted
/Users/bear/Documents/CoWork/bear-textbooks/books/art/ARTZIP/R_181_Toyohara Kunichika.zip	R_181_Toyohara Kunichika/Kunichika_1763_02_Σ╗èµºÿµ║Éµ░ÅΣ╕ëµ¢▓ΘüèΦêêΣ╣ïσ¢│-Σ╕çσ╗╢1.jpg	/Users/bear/Documents/CoWork/bear-textbooks/books/art/extracted/ARTZIP/R_181_Toyohara Kunichika/R_181_Toyohara Kunichika/Kunichika_1763_02_Σ╗èµºÿµ║Éµ░ÅΣ╕ëµ¢▓ΘüèΦêêΣ╣ïσ¢│-Σ╕çσ╗╢1.jpg	extracted
/Users/bear/Documents/CoWork/bear-textbooks/books/art/ARTZIP/R_181_Toyohara Kunichika.zip	R_181_Toyohara Kunichika/Kunichika_9535-II-µ¥▒µ╡╖Θüô_τƒ│Φû¼σ╕½.jpg	/Users/bear/Documents/CoWork/bear-textbooks/books/art/extracted/ARTZIP/R_181_Toyohara Kunichika/R_181_Toyohara Kunichika/Kunichika_9535-II-µ¥▒µ╡╖Θüô_τƒ│Φû¼σ╕½.jpg	extracted
/Users/bear/Documents/CoWork/bear-textbooks/books/art/ARTZIP/R_181_Toyohara Kunichika.zip	R_181_Toyohara Kunichika/Kunichika_40-01.jpg	/Users/bear/Documents/CoWork/bear-textbooks/books/art/extracted/ARTZIP/R_181_Toyohara Kunichika/R_181_Toyohara Kunichika/Kunichika_40-01.jpg	extracted
/Users/bear/Documents/CoWork/bear-textbooks/books/art/ARTZIP/R_181_Toyohara Kunichika.zip	R_181_Toyohara Kunichika/Kunichika_9543-µ¥▒µ╡╖Θüô_σ£ƒσ▒▒-µûçΣ╣à3.jpg	/Users/bear/Documents/CoWork/bear-textbooks/books/art/extracted/ARTZIP/R_181_Toyohara Kunichika/R_181_Toyohara Kunichika/Kunichika_9543-µ¥▒µ╡╖Θüô_σ£ƒσ▒▒-µûçΣ╣à3.jpg	extracted
/Users/bear/Documents/CoWork/bear-textbooks/books/art/ARTZIP/R_181_Toyohara Kunichika.zip	R_181_Toyohara Kunichika/Kunichika_40-03.jpg	/Users/bear/Documents/CoWork/bear-textbooks/books/art/extracted/ARTZIP/R_181_Toyohara Kunichika/R_181_Toyohara Kunichika/Kunichika_40-03.jpg	extracted
/Users/bear/Documents/CoWork/bear-textbooks/books/art/ARTZIP/R_181_Toyohara Kunichika.zip	R_181_Toyohara Kunichika/Kunichika_070_Σ┐│σä¬σ¢úµëçτö╗.jpg	/Users/bear/Documents/CoWork/bear-textbooks/books/art/extracted/ARTZIP/R_181_Toyohara Kunichika/R_181_Toyohara Kunichika/Kunichika_070_Σ┐│σä¬σ¢úµëçτö╗.jpg	extracted
/Users/bear/Documents/CoWork/bear-textbooks/books/art/ARTZIP/R_181_Toyohara Kunichika.zip	R_181_Toyohara Kunichika/Kunichika_9553-II-µ¥▒µ╡╖ΘüôσÉìµëÇΣ╣ïσåà_τƒ│µ╕àµ░┤.jpg	/Users/bear/Documents/CoWork/bear-textbooks/books/art/extracted/ARTZIP/R_181_Toyohara Kunichika/R_181_Toyohara Kunichika/Kunichika_9553-II-µ¥▒µ╡╖ΘüôσÉìµëÇΣ╣ïσåà_τƒ│µ╕àµ░┤.jpg	extracted
/Users/bear/Documents/CoWork/bear-textbooks/books/art/ARTZIP/R_181_Toyohara Kunichika.zip	R_181_Toyohara Kunichika/Kunichika_1847_cmb.jpg	/Users/bear/Documents/CoWork/bear-textbooks/books/art/extracted/ARTZIP/R_181_Toyohara Kunichika/R_181_Toyohara Kunichika/Kunichika_1847_cmb.jpg	extracted
/Users/bear/Documents/CoWork/bear-textbooks/books/art/ARTZIP/R_181_Toyohara Kunichika.zip	R_181_Toyohara Kunichika/Kunichika_9498-µ¥▒µ╡╖Θüô_πâÅπé│πâìµ╣»µ▓╗.jpg	/Users/bear/Documents/CoWork/bear-textbooks/books/art/extracted/ARTZIP/R_181_Toyohara Kunichika/R_181_Toyohara Kunichika/Kunichika_9498-µ¥▒µ╡╖Θüô_πâÅπé│πâìµ╣»µ▓╗.jpg	extracted
/Users/bear/Documents/CoWork/bear-textbooks/books/art/ARTZIP/R_181_Toyohara Kunichika.zip	R_181_Toyohara Kunichika/Kunichika_85_µç╕τÜ┐σñóπü«µ╡äτæáτÆâ-σ«ëµö┐3-cmb.jpg	/Users/bear/Documents/CoWork/bear-textbooks/books/art/extracted/ARTZIP/R_181_Toyohara Kunichika/R_181_Toyohara Kunichika/Kunichika_85_µç╕τÜ┐σñóπü«µ╡äτæáτÆâ-σ«ëµö┐3-cmb.jpg	extracted
/Users/bear/Documents/CoWork/bear-textbooks/books/art/ARTZIP/R_181_Toyohara Kunichika.zip	R_181_Toyohara Kunichika/Kunichika_1851-02.jpg	/Users/bear/Documents/CoWork/bear-textbooks/books/art/extracted/ARTZIP/R_181_Toyohara Kunichika/R_181_Toyohara Kunichika/Kunichika_1851-02.jpg	extracted
/Users/bear/Documents/CoWork/bear-textbooks/books/art/ARTZIP/R_181_Toyohara Kunichika.zip	R_181_Toyohara Kunichika/Kunichika_9473-µ¥▒µ╡╖ΘüôΣ╣ïσåà_µ▒ƒµê╕Φè¥µû░πâ│µ⌐ï-µûçΣ╣à3.jpg	/Users/bear/Documents/CoWork/bear-textbooks/books/art/extracted/ARTZIP/R_181_Toyohara Kunichika/R_181_Toyohara Kunichika/Kunichika_9473-µ¥▒µ╡╖ΘüôΣ╣ïσåà_µ▒ƒµê╕Φè¥µû░πâ│µ⌐ï-µûçΣ╣à3.jpg	extracted
/Users/bear/Documents/CoWork/bear-textbooks/books/art/ARTZIP/R_181_Toyohara Kunichika.zip	R_181_Toyohara Kunichika/Kunichika_85_02_µç╕τÜ┐σñóπü«µ╡äτæáτÆâ-σ«ëµö┐3.jpg	/Users/bear/Documents/CoWork/bear-textbooks/books/art/extracted/ARTZIP/R_181_Toyohara Kunichika/R_181_Toyohara Kunichika/Kunichika_85_02_µç╕τÜ┐σñóπü«µ╡äτæáτÆâ-σ«ëµö┐3.jpg	extracted
/Users/bear/Documents/CoWork/bear-textbooks/books/art/ARTZIP/R_181_Toyohara Kunichika.zip	R_181_Toyohara Kunichika/Kunichika_9467-µ¥▒µ╡╖ΘüôσÉìµëÇΣ╣ïσåà_Σ║¼τ¡æσ£░µë┐µÿÄΘûÇ-µûçΣ╣à3.jpg	/Users/bear/Documents/CoWork/bear-textbooks/books/art/extracted/ARTZIP/R_181_Toyohara Kunichika/R_181_Toyohara Kunichika/Kunichika_9467-µ¥▒µ╡╖ΘüôσÉìµëÇΣ╣ïσåà_Σ║¼τ¡æσ£░µë┐µÿÄΘûÇ-µûçΣ╣à3.jpg	extracted
/Users/bear/Documents/CoWork/bear-textbooks/books/art/ARTZIP/R_181_Toyohara Kunichika.zip	R_181_Toyohara Kunichika/Kunichika_9549-µ¥▒µ╡╖ΘüôσÉìµëÇΣ╣ïσåà_µ»öσÅíσ▒▒-µûçΣ╣à3.jpg	/Users/bear/Documents/CoWork/bear-textbooks/books/art/extracted/ARTZIP/R_181_Toyohara Kunichika/R_181_Toyohara Kunichika/Kunichika_9549-µ¥▒µ╡╖ΘüôσÉìµëÇΣ╣ïσåà_µ»öσÅíσ▒▒-µûçΣ╣à3.jpg	extracted
/Users/bear/Documents/CoWork/bear-textbooks/books/art/ARTZIP/R_181_Toyohara Kunichika.zip	R_181_Toyohara Kunichika/Kunichika_1843-02.jpg	/Users/bear/Documents/CoWork/bear-textbooks/books/art/extracted/ARTZIP/R_181_Toyohara Kunichika/R_181_Toyohara Kunichika/Kunichika_1843-02.jpg	extracted
/Users/bear/Documents/CoWork/bear-textbooks/books/art/ARTZIP/R_181_Toyohara Kunichika.zip	R_181_Toyohara Kunichika/Kunichika_7226_Φ▒¬σéæσÑçΦíôτ½╢_τ╢▒µëï_Σ╕¡µ¥æσ«ùσìüΘâÄ-µûçΣ╣à1.jpg	/Users/bear/Documents/CoWork/bear-textbooks/books/art/extracted/ARTZIP/R_181_Toyohara Kunichika/R_181_Toyohara Kunichika/Kunichika_7226_Φ▒¬σéæσÑçΦíôτ½╢_τ╢▒µëï_Σ╕¡µ¥æσ«ùσìüΘâÄ-µûçΣ╣à1.jpg	extracted
/Users/bear/Documents/CoWork/bear-textbooks/books/art/ARTZIP/R_181_Toyohara Kunichika.zip	R_181_Toyohara Kunichika/Kunichika_3320_Φªïτ½ïσ╝üµà╢µÅâ_Σ╕ëΣ║òσ»║_µ▓óµ¥æΦ¿Ñσìç.jpg	/Users/bear/Documents/CoWork/bear-textbooks/books/art/extracted/ARTZIP/R_181_Toyohara Kunichika/R_181_Toyohara Kunichika/Kunichika_3320_Φªïτ½ïσ╝üµà╢µÅâ_Σ╕ëΣ║òσ»║_µ▓óµ¥æΦ¿Ñσìç.jpg	extracted
/Users/bear/Documents/CoWork/bear-textbooks/books/art/ARTZIP/R_181_Toyohara Kunichika.zip	R_181_Toyohara Kunichika/Kunichika_0633_µê»σá┤µÑ╜σ▒ïσç║Σ╕ûσÅîσà¡-µûçΣ╣à2.jpg	/Users/bear/Documents/CoWork/bear-textbooks/books/art/extracted/ARTZIP/R_181_Toyohara Kunichika/R_181_Toyohara Kunichika/Kunichika_0633_µê»σá┤µÑ╜σ▒ïσç║Σ╕ûσÅîσà¡-µûçΣ╣à2.jpg	extracted
/Users/bear/Documents/CoWork/bear-textbooks/books/art/ARTZIP/R_181_Toyohara Kunichika.zip	R_181_Toyohara Kunichika/Kunichika_3313_σ╜ôσïóΣ╕ëσìüΣ║îµâ│_πüèπüïπü┐πüòπéôπü¿Φ¿Çπéîπüƒτ¢╕-µÿÄµ▓╗1.jpg	/Users/bear/Documents/CoWork/bear-textbooks/books/art/extracted/ARTZIP/R_181_Toyohara Kunichika/R_181_Toyohara Kunichika/Kunichika_3313_σ╜ôσïóΣ╕ëσìüΣ║îµâ│_πüèπüïπü┐πüòπéôπü¿Φ¿Çπéîπüƒτ¢╕-µÿÄµ▓╗1.jpg	extracted
/Users/bear/Documents/CoWork/bear-textbooks/books/art/ARTZIP/R_181_Toyohara Kunichika.zip	R_181_Toyohara Kunichika/Kunichika_1843-03.jpg	/Users/bear/Documents/CoWork/bear-textbooks/books/art/extracted/ARTZIP/R_181_Toyohara Kunichika/R_181_Toyohara Kunichika/Kunichika_1843-03.jpg	extracted
/Users/bear/Documents/CoWork/bear-textbooks/books/art/ARTZIP/R_181_Toyohara Kunichika.zip	R_181_Toyohara Kunichika/Kunichika_2147.jpg	/Users/bear/Documents/CoWork/bear-textbooks/books/art/extracted/ARTZIP/R_181_Toyohara Kunichika/R_181_Toyohara Kunichika/Kunichika_2147.jpg	extracted
/Users/bear/Documents/CoWork/bear-textbooks/books/art/ARTZIP/R_181_Toyohara Kunichika.zip	R_181_Toyohara Kunichika/Okiku.jpg	/Users/bear/Documents/CoWork/bear-textbooks/books/art/extracted/ARTZIP/R_181_Toyohara Kunichika/R_181_Toyohara Kunichika/Okiku.jpg	extracted
/Users/bear/Documents/CoWork/bear-textbooks/books/art/ARTZIP/R_181_Toyohara Kunichika.zip	R_181_Toyohara Kunichika/Kunichika_2637_01_τÖ╜τ╕½σº½_µ▓óµ¥æτö░Σ╣ïσè⌐πâ╗Θ│Ñσ▒▒τºïΣ╜£_Σ╕¡µ¥æΦè¥τ┐½-σàâµ▓╗1.jpg	/Users/bear/Documents/CoWork/bear-textbooks/books/art/extracted/ARTZIP/R_181_Toyohara Kunichika/R_181_Toyohara Kunichika/Kunichika_2637_01_τÖ╜τ╕½σº½_µ▓óµ¥æτö░Σ╣ïσè⌐πâ╗Θ│Ñσ▒▒τºïΣ╜£_Σ╕¡µ¥æΦè¥τ┐½-σàâµ▓╗1.jpg	extracted
/Users/bear/Documents/CoWork/bear-textbooks/books/art/ARTZIP/R_181_Toyohara Kunichika.zip	R_181_Toyohara Kunichika/Kunichika_9533-µ¥▒µ╡╖Θüô_Σ╜Éσ▒ï-µûçΣ╣à3.jpg	/Users/bear/Documents/CoWork/bear-textbooks/books/art/extracted/ARTZIP/R_181_Toyohara Kunichika/R_181_Toyohara Kunichika/Kunichika_9533-µ¥▒µ╡╖Θüô_Σ╜Éσ▒ï-µûçΣ╣à3.jpg	extracted
/Users/bear/Documents/CoWork/bear-textbooks/books/art/ARTZIP/R_181_Toyohara Kunichika.zip	R_181_Toyohara Kunichika/Kunichika_9530-µ¥▒µ╡╖ΘüôσÉìµëÇΣ╣ïσåà_σ««Θºàτå▒τö░τñ╛-µûçΣ╣à3.jpg	/Users/bear/Documents/CoWork/bear-textbooks/books/art/extracted/ARTZIP/R_181_Toyohara Kunichika/R_181_Toyohara Kunichika/Kunichika_9530-µ¥▒µ╡╖ΘüôσÉìµëÇΣ╣ïσåà_σ««Θºàτå▒τö░τñ╛-µûçΣ╣à3.jpg	extracted
/Users/bear/Documents/CoWork/bear-textbooks/books/art/ARTZIP/R_181_Toyohara Kunichika.zip	R_181_Toyohara Kunichika/Kunichika_1851-03.jpg	/Users/bear/Documents/CoWork/bear-textbooks/books/art/extracted/ARTZIP/R_181_Toyohara Kunichika/R_181_Toyohara Kunichika/Kunichika_1851-03.jpg	extracted
/Users/bear/Documents/CoWork/bear-textbooks/books/art/ARTZIP/R_181_Toyohara Kunichika.zip	R_181_Toyohara Kunichika/Kunichika_117_Σ┐│σä¬σ¢úµëçτö╗.jpg	/Users/bear/Documents/CoWork/bear-textbooks/books/art/extracted/ARTZIP/R_181_Toyohara Kunichika/R_181_Toyohara Kunichika/Kunichika_117_Σ┐│σä¬σ¢úµëçτö╗.jpg	extracted
/Users/bear/Documents/CoWork/bear-textbooks/books/art/ARTZIP/R_181_Toyohara Kunichika.zip	R_181_Toyohara Kunichika/The_kabuki_actors_(right_to_left)_Ichimura_Kakitsu_IV_as_Asahina_Tobei.jpg	/Users/bear/Documents/CoWork/bear-textbooks/books/art/extracted/ARTZIP/R_181_Toyohara Kunichika/R_181_Toyohara Kunichika/The_kabuki_actors_(right_to_left)_Ichimura_Kakitsu_IV_as_Asahina_Tobei.jpg	extracted
/Users/bear/Documents/CoWork/bear-textbooks/books/art/ARTZIP/R_181_Toyohara Kunichika.zip	R_181_Toyohara Kunichika/Lezende_vrouw.jpg	/Users/bear/Documents/CoWork/bear-textbooks/books/art/extracted/ARTZIP/R_181_Toyohara Kunichika/R_181_Toyohara Kunichika/Lezende_vrouw.jpg	extracted
/Users/bear/Documents/CoWork/bear-textbooks/books/art/ARTZIP/R_181_Toyohara Kunichika.zip	R_181_Toyohara Kunichika/Kunichika_40-02.jpg	/Users/bear/Documents/CoWork/bear-textbooks/books/art/extracted/ARTZIP/R_181_Toyohara Kunichika/R_181_Toyohara Kunichika/Kunichika_40-02.jpg	extracted
/Users/bear/Documents/CoWork/bear-textbooks/books/art/ARTZIP/R_18_Johannes Vermeer_new.zip	R_18_Johannes Vermeer_new/The_Astronomer_1668.jpg	/Users/bear/Documents/CoWork/bear-textbooks/books/art/extracted/ARTZIP/R_18_Johannes Vermeer_new/R_18_Johannes Vermeer_new/The_Astronomer_1668.jpg	extracted
/Users/bear/Documents/CoWork/bear-textbooks/books/art/ARTZIP/R_18_Johannes Vermeer_new.zip	R_18_Johannes Vermeer_new/Gezicht_op_huizen_in_Delft.jpg	/Users/bear/Documents/CoWork/bear-textbooks/books/art/extracted/ARTZIP/R_18_Johannes Vermeer_new/R_18_Johannes Vermeer_new/Gezicht_op_huizen_in_Delft.jpg	extracted
/Users/bear/Documents/CoWork/bear-textbooks/books/art/ARTZIP/R_18_Johannes Vermeer_new.zip	R_18_Johannes Vermeer_new/Meisje_met_een_rode_hoed_1669.jpg	/Users/bear/Documents/CoWork/bear-textbooks/books/art/extracted/ARTZIP/R_18_Johannes Vermeer_new/R_18_Johannes Vermeer_new/Meisje_met_een_rode_hoed_1669.jpg	extracted
/Users/bear/Documents/CoWork/bear-textbooks/books/art/ARTZIP/R_18_Johannes Vermeer_new.zip	R_18_Johannes Vermeer_new/Christ_in_the_House_of_Martha_and_Mary.jpg	/Users/bear/Documents/CoWork/bear-textbooks/books/art/extracted/ARTZIP/R_18_Johannes Vermeer_new/R_18_Johannes Vermeer_new/Christ_in_the_House_of_Martha_and_Mary.jpg	extracted
/Users/bear/Documents/CoWork/bear-textbooks/books/art/ARTZIP/R_18_Johannes Vermeer_new.zip	R_18_Johannes Vermeer_new/Lady_at_the_Virginal_with_a_Gentleman.jpg	/Users/bear/Documents/CoWork/bear-textbooks/books/art/extracted/ARTZIP/R_18_Johannes Vermeer_new/R_18_Johannes Vermeer_new/Lady_at_the_Virginal_with_a_Gentleman.jpg	extracted
/Users/bear/Documents/CoWork/bear-textbooks/books/art/ARTZIP/R_18_Johannes Vermeer_new.zip	R_18_Johannes Vermeer_new/Sitzender_Mann_mit_Pelzmu╠êtze_und_Weinkrug,_dabei_ein_Hund.jpg	/Users/bear/Documents/CoWork/bear-textbooks/books/art/extracted/ARTZIP/R_18_Johannes Vermeer_new/R_18_Johannes Vermeer_new/Sitzender_Mann_mit_Pelzmu╠êtze_und_Weinkrug,_dabei_ein_Hund.jpg	extracted
/Users/bear/Documents/CoWork/bear-textbooks/books/art/ARTZIP/R_18_Johannes Vermeer_new.zip	R_18_Johannes Vermeer_new/Vermeer-Portrait_of_a_Young_Woman.jpg	/Users/bear/Documents/CoWork/bear-textbooks/books/art/extracted/ARTZIP/R_18_Johannes Vermeer_new/R_18_Johannes Vermeer_new/Vermeer-Portrait_of_a_Young_Woman.jpg	extracted
/Users/bear/Documents/CoWork/bear-textbooks/books/art/ARTZIP/R_18_Johannes Vermeer_new.zip	R_18_Johannes Vermeer_new/Woman_Holding_a_Balance.jpg	/Users/bear/Documents/CoWork/bear-textbooks/books/art/extracted/ARTZIP/R_18_Johannes Vermeer_new/R_18_Johannes Vermeer_new/Woman_Holding_a_Balance.jpg	extracted
/Users/bear/Documents/CoWork/bear-textbooks/books/art/ARTZIP/R_18_Johannes Vermeer_new.zip	R_18_Johannes Vermeer_new/Woman_with_a_Lute_near_a_Window.jpg	/Users/bear/Documents/CoWork/bear-textbooks/books/art/extracted/ARTZIP/R_18_Johannes Vermeer_new/R_18_Johannes Vermeer_new/Woman_with_a_Lute_near_a_Window.jpg	extracted
/Users/bear/Documents/CoWork/bear-textbooks/books/art/ARTZIP/R_18_Johannes Vermeer_new.zip	R_18_Johannes Vermeer_new/View_of_Delft,_by_Johannes_Vermeer.jpg	/Users/bear/Documents/CoWork/bear-textbooks/books/art/extracted/ARTZIP/R_18_Johannes Vermeer_new/R_18_Johannes Vermeer_new/View_of_Delft,_by_Johannes_Vermeer.jpg	extracted
/Users/bear/Documents/CoWork/bear-textbooks/books/art/ARTZIP/R_18_Johannes Vermeer_new.zip	R_18_Johannes Vermeer_new/A Young Woman Reading.jpg	/Users/bear/Documents/CoWork/bear-textbooks/books/art/extracted/ARTZIP/R_18_Johannes Vermeer_new/R_18_Johannes Vermeer_new/A Young Woman Reading.jpg	extracted
/Users/bear/Documents/CoWork/bear-textbooks/books/art/ARTZIP/R_18_Johannes Vermeer_new.zip	R_18_Johannes Vermeer_new/A_Lady_Writing.jpg	/Users/bear/Documents/CoWork/bear-textbooks/books/art/extracted/ARTZIP/R_18_Johannes Vermeer_new/R_18_Johannes Vermeer_new/A_Lady_Writing.jpg	extracted
/Users/bear/Documents/CoWork/bear-textbooks/books/art/ARTZIP/R_18_Johannes Vermeer_new.zip	R_18_Johannes Vermeer_new/The_Geographer.jpg	/Users/bear/Documents/CoWork/bear-textbooks/books/art/extracted/ARTZIP/R_18_Johannes Vermeer_new/R_18_Johannes Vermeer_new/The_Geographer.jpg	extracted
/Users/bear/Documents/CoWork/bear-textbooks/books/art/ARTZIP/R_18_Johannes Vermeer_new.zip	R_18_Johannes Vermeer_new/Girl_with_a_flute_c_1665-1670.jpg	/Users/bear/Documents/CoWork/bear-textbooks/books/art/extracted/ARTZIP/R_18_Johannes Vermeer_new/R_18_Johannes Vermeer_new/Girl_with_a_flute_c_1665-1670.jpg	extracted
/Users/bear/Documents/CoWork/bear-textbooks/books/art/ARTZIP/R_18_Johannes Vermeer_new.zip	R_18_Johannes Vermeer_new/Girl_Interrupted_at_Her_Music.jpg	/Users/bear/Documents/CoWork/bear-textbooks/books/art/extracted/ARTZIP/R_18_Johannes Vermeer_new/R_18_Johannes Vermeer_new/Girl_Interrupted_at_Her_Music.jpg	extracted
/Users/bear/Documents/CoWork/bear-textbooks/books/art/ARTZIP/R_18_Johannes Vermeer_new.zip	R_18_Johannes Vermeer_new/Jonge_vrouw_staande_bij_een_virginaal_1670-72.jpg	/Users/bear/Documents/CoWork/bear-textbooks/books/art/extracted/ARTZIP/R_18_Johannes Vermeer_new/R_18_Johannes Vermeer_new/Jonge_vrouw_staande_bij_een_virginaal_1670-72.jpg	extracted
/Users/bear/Documents/CoWork/bear-textbooks/books/art/ARTZIP/R_18_Johannes Vermeer_new.zip	R_18_Johannes Vermeer_new/De_liefdesbrief.jpg	/Users/bear/Documents/CoWork/bear-textbooks/books/art/extracted/ARTZIP/R_18_Johannes Vermeer_new/R_18_Johannes Vermeer_new/De_liefdesbrief.jpg	extracted
/Users/bear/Documents/CoWork/bear-textbooks/books/art/ARTZIP/R_18_Johannes Vermeer_new.zip	R_18_Johannes Vermeer_new/Lady_Maidservant_Holding_Letter.jpg	/Users/bear/Documents/CoWork/bear-textbooks/books/art/extracted/ARTZIP/R_18_Johannes Vermeer_new/R_18_Johannes Vermeer_new/Lady_Maidservant_Holding_Letter.jpg	extracted
/Users/bear/Documents/CoWork/bear-textbooks/books/art/ARTZIP/R_18_Johannes Vermeer_new.zip	R_18_Johannes Vermeer_new/Jan_Vermeer.jpg	/Users/bear/Documents/CoWork/bear-textbooks/books/art/extracted/ARTZIP/R_18_Johannes Vermeer_new/R_18_Johannes Vermeer_new/Jan_Vermeer.jpg	extracted
/Users/bear/Documents/CoWork/bear-textbooks/books/art/ARTZIP/R_18_Johannes Vermeer_new.zip	R_18_Johannes Vermeer_new/Diana_and_her_Nymphs.jpg	/Users/bear/Documents/CoWork/bear-textbooks/books/art/extracted/ARTZIP/R_18_Johannes Vermeer_new/R_18_Johannes Vermeer_new/Diana_and_her_Nymphs.jpg	extracted
/Users/bear/Documents/CoWork/bear-textbooks/books/art/ARTZIP/R_18_Johannes Vermeer_new.zip	R_18_Johannes Vermeer_new/The lacemaker.jpg	/Users/bear/Documents/CoWork/bear-textbooks/books/art/extracted/ARTZIP/R_18_Johannes Vermeer_new/R_18_Johannes Vermeer_new/The lacemaker.jpg	extracted
/Users/bear/Documents/CoWork/bear-textbooks/books/art/ARTZIP/R_18_Johannes Vermeer_new.zip	R_18_Johannes Vermeer_new/Young_Woman_Seated_at_a_Virginal_1670-1672.jpg	/Users/bear/Documents/CoWork/bear-textbooks/books/art/extracted/ARTZIP/R_18_Johannes Vermeer_new/R_18_Johannes Vermeer_new/Young_Woman_Seated_at_a_Virginal_1670-1672.jpg	extracted
/Users/bear/Documents/CoWork/bear-textbooks/books/art/ARTZIP/R_18_Johannes Vermeer_new.zip	R_18_Johannes Vermeer_new/Het_melkmeisje.jpg	/Users/bear/Documents/CoWork/bear-textbooks/books/art/extracted/ARTZIP/R_18_Johannes Vermeer_new/R_18_Johannes Vermeer_new/Het_melkmeisje.jpg	extracted
/Users/bear/Documents/CoWork/bear-textbooks/books/art/ARTZIP/R_18_Johannes Vermeer_new.zip	R_18_Johannes Vermeer_new/Girl_with_a_Pearl_Earring_1665.jpg	/Users/bear/Documents/CoWork/bear-textbooks/books/art/extracted/ARTZIP/R_18_Johannes Vermeer_new/R_18_Johannes Vermeer_new/Girl_with_a_Pearl_Earring_1665.jpg	extracted
/Users/bear/Documents/CoWork/bear-textbooks/books/art/ARTZIP/R_18_Johannes Vermeer_new.zip	R_18_Johannes Vermeer_new/Het_glas_wijn_1658-1660.jpg	/Users/bear/Documents/CoWork/bear-textbooks/books/art/extracted/ARTZIP/R_18_Johannes Vermeer_new/R_18_Johannes Vermeer_new/Het_glas_wijn_1658-1660.jpg	extracted
/Users/bear/Documents/CoWork/bear-textbooks/books/art/ARTZIP/R_18_Johannes Vermeer_new.zip	R_18_Johannes Vermeer_new/The_Concert.jpg	/Users/bear/Documents/CoWork/bear-textbooks/books/art/extracted/ARTZIP/R_18_Johannes Vermeer_new/R_18_Johannes Vermeer_new/The_Concert.jpg	extracted
/Users/bear/Documents/CoWork/bear-textbooks/books/art/ARTZIP/R_18_Johannes Vermeer_new.zip	R_18_Johannes Vermeer_new/The_Procuress.jpg	/Users/bear/Documents/CoWork/bear-textbooks/books/art/extracted/ARTZIP/R_18_Johannes Vermeer_new/R_18_Johannes Vermeer_new/The_Procuress.jpg	extracted
/Users/bear/Documents/CoWork/bear-textbooks/books/art/ARTZIP/R_18_Johannes Vermeer_new.zip	R_18_Johannes Vermeer_new/Woman_reading_a_letter_1662-1663.jpg	/Users/bear/Documents/CoWork/bear-textbooks/books/art/extracted/ARTZIP/R_18_Johannes Vermeer_new/R_18_Johannes Vermeer_new/Woman_reading_a_letter_1662-1663.jpg	extracted
/Users/bear/Documents/CoWork/bear-textbooks/books/art/ARTZIP/R_18_Johannes Vermeer_new.zip	R_18_Johannes Vermeer_new/The_Girl_with_the_Wine_Glass.jpg	/Users/bear/Documents/CoWork/bear-textbooks/books/art/extracted/ARTZIP/R_18_Johannes Vermeer_new/R_18_Johannes Vermeer_new/The_Girl_with_the_Wine_Glass.jpg	extracted
/Users/bear/Documents/CoWork/bear-textbooks/books/art/ARTZIP/R_18_Johannes Vermeer_new.zip	R_18_Johannes Vermeer_new/young_women_sleeping.jpg	/Users/bear/Documents/CoWork/bear-textbooks/books/art/extracted/ARTZIP/R_18_Johannes Vermeer_new/R_18_Johannes Vermeer_new/young_women_sleeping.jpg	extracted
/Users/bear/Documents/CoWork/bear-textbooks/books/art/ARTZIP/R_18_Johannes Vermeer_new.zip	R_18_Johannes Vermeer_new/Saint_Praxedis.jpg	/Users/bear/Documents/CoWork/bear-textbooks/books/art/extracted/ARTZIP/R_18_Johannes Vermeer_new/R_18_Johannes Vermeer_new/Saint_Praxedis.jpg	extracted
/Users/bear/Documents/CoWork/bear-textbooks/books/art/ARTZIP/R_18_Johannes Vermeer_new.zip	R_18_Johannes Vermeer_new/Young_Woman_with_a_Water_Pitcher.jpg	/Users/bear/Documents/CoWork/bear-textbooks/books/art/extracted/ARTZIP/R_18_Johannes Vermeer_new/R_18_Johannes Vermeer_new/Young_Woman_with_a_Water_Pitcher.jpg	extracted
/Users/bear/Documents/CoWork/bear-textbooks/books/art/ARTZIP/R_18_Johannes Vermeer_new.zip	R_18_Johannes Vermeer_new/Allegory_of_the_Catholic_Faith.jpg	/Users/bear/Documents/CoWork/bear-textbooks/books/art/extracted/ARTZIP/R_18_Johannes Vermeer_new/R_18_Johannes Vermeer_new/Allegory_of_the_Catholic_Faith.jpg	extracted
/Users/bear/Documents/CoWork/bear-textbooks/books/art/ARTZIP/R_18_Johannes Vermeer_new.zip	R_18_Johannes Vermeer_new/Woman_writing_a_letter,_with_her_maid.jpg	/Users/bear/Documents/CoWork/bear-textbooks/books/art/extracted/ARTZIP/R_18_Johannes Vermeer_new/R_18_Johannes Vermeer_new/Woman_writing_a_letter,_with_her_maid.jpg	extracted
/Users/bear/Documents/CoWork/bear-textbooks/books/art/ARTZIP/R_18_Johannes Vermeer_new.zip	R_18_Johannes Vermeer_new/The_Guitar_Player_1672.jpg	/Users/bear/Documents/CoWork/bear-textbooks/books/art/extracted/ARTZIP/R_18_Johannes Vermeer_new/R_18_Johannes Vermeer_new/The_Guitar_Player_1672.jpg	extracted
/Users/bear/Documents/CoWork/bear-textbooks/books/art/ARTZIP/R_18_Johannes Vermeer_new.zip	R_18_Johannes Vermeer_new/Girl_Reading_a_Letter_by_an_Open_Window.jpg	/Users/bear/Documents/CoWork/bear-textbooks/books/art/extracted/ARTZIP/R_18_Johannes Vermeer_new/R_18_Johannes Vermeer_new/Girl_Reading_a_Letter_by_an_Open_Window.jpg	extracted
/Users/bear/Documents/CoWork/bear-textbooks/books/art/ARTZIP/R_18_Johannes Vermeer_new.zip	R_18_Johannes Vermeer_new/Jonge_vrouw_aan_een_virginaal_1670-72.jpg	/Users/bear/Documents/CoWork/bear-textbooks/books/art/extracted/ARTZIP/R_18_Johannes Vermeer_new/R_18_Johannes Vermeer_new/Jonge_vrouw_aan_een_virginaal_1670-72.jpg	extracted
/Users/bear/Documents/CoWork/bear-textbooks/books/art/ARTZIP/R_18_Johannes Vermeer_new.zip	R_18_Johannes Vermeer_new/Young_Woman_with_a_Pearl_Necklace.jpg	/Users/bear/Documents/CoWork/bear-textbooks/books/art/extracted/ARTZIP/R_18_Johannes Vermeer_new/R_18_Johannes Vermeer_new/Young_Woman_with_a_Pearl_Necklace.jpg	extracted
/Users/bear/Documents/CoWork/bear-textbooks/books/art/ARTZIP/R_18_Johannes Vermeer_new.zip	R_18_Johannes Vermeer_new/De_Soldaat_en_het_Lachende_Meisje.jpg	/Users/bear/Documents/CoWork/bear-textbooks/books/art/extracted/ARTZIP/R_18_Johannes Vermeer_new/R_18_Johannes Vermeer_new/De_Soldaat_en_het_Lachende_Meisje.jpg	extracted
/Users/bear/Documents/CoWork/bear-textbooks/books/art/ARTZIP/R_220_Robert Storm Petersen.zip	R_220_Robert Storm Petersen/Interi├╕r_fra_et_cirkus_med_klovne.jpg	/Users/bear/Documents/CoWork/bear-textbooks/books/art/extracted/ARTZIP/R_220_Robert Storm Petersen/R_220_Robert Storm Petersen/Interi├╕r_fra_et_cirkus_med_klovne.jpg	extracted
/Users/bear/Documents/CoWork/bear-textbooks/books/art/ARTZIP/R_220_Robert Storm Petersen.zip	R_220_Robert Storm Petersen/Ensom_Ballet.jpg	/Users/bear/Documents/CoWork/bear-textbooks/books/art/extracted/ARTZIP/R_220_Robert Storm Petersen/R_220_Robert Storm Petersen/Ensom_Ballet.jpg	extracted
/Users/bear/Documents/CoWork/bear-textbooks/books/art/ARTZIP/R_220_Robert Storm Petersen.zip	R_220_Robert Storm Petersen/Storm_P._-_Pas_paa_Kornet_(2).jpg	/Users/bear/Documents/CoWork/bear-textbooks/books/art/extracted/ARTZIP/R_220_Robert Storm Petersen/R_220_Robert Storm Petersen/Storm_P._-_Pas_paa_Kornet_(2).jpg	extracted
/Users/bear/Documents/CoWork/bear-textbooks/books/art/ARTZIP/R_220_Robert Storm Petersen.zip	R_220_Robert Storm Petersen/Dansk_landskab.jpg	/Users/bear/Documents/CoWork/bear-textbooks/books/art/extracted/ARTZIP/R_220_Robert Storm Petersen/R_220_Robert Storm Petersen/Dansk_landskab.jpg	extracted
/Users/bear/Documents/CoWork/bear-textbooks/books/art/ARTZIP/R_220_Robert Storm Petersen.zip	R_220_Robert Storm Petersen/Storm_P._-_Musikanter_i_frostvejr.jpg	/Users/bear/Documents/CoWork/bear-textbooks/books/art/extracted/ARTZIP/R_220_Robert Storm Petersen/R_220_Robert Storm Petersen/Storm_P._-_Musikanter_i_frostvejr.jpg	extracted
/Users/bear/Documents/CoWork/bear-textbooks/books/art/ARTZIP/R_220_Robert Storm Petersen.zip	R_220_Robert Storm Petersen/Tegneseriestribe_med_De_tre_sma╠è_m├ªnd_og_nummermanden_(1).jpg	/Users/bear/Documents/CoWork/bear-textbooks/books/art/extracted/ARTZIP/R_220_Robert Storm Petersen/R_220_Robert Storm Petersen/Tegneseriestribe_med_De_tre_sma╠è_m├ªnd_og_nummermanden_(1).jpg	extracted
/Users/bear/Documents/CoWork/bear-textbooks/books/art/ARTZIP/R_220_Robert Storm Petersen.zip	R_220_Robert Storm Petersen/Selvmorderen_Skitse,_1908.jpg	/Users/bear/Documents/CoWork/bear-textbooks/books/art/extracted/ARTZIP/R_220_Robert Storm Petersen/R_220_Robert Storm Petersen/Selvmorderen_Skitse,_1908.jpg	extracted
/Users/bear/Documents/CoWork/bear-textbooks/books/art/ARTZIP/R_220_Robert Storm Petersen.zip	R_220_Robert Storm Petersen/Ligkistemagasin.jpg	/Users/bear/Documents/CoWork/bear-textbooks/books/art/extracted/ARTZIP/R_220_Robert Storm Petersen/R_220_Robert Storm Petersen/Ligkistemagasin.jpg	extracted
/Users/bear/Documents/CoWork/bear-textbooks/books/art/ARTZIP/R_220_Robert Storm Petersen.zip	R_220_Robert Storm Petersen/Rosa_dame_og_gr├╕n_mand,_1915.jpg	/Users/bear/Documents/CoWork/bear-textbooks/books/art/extracted/ARTZIP/R_220_Robert Storm Petersen/R_220_Robert Storm Petersen/Rosa_dame_og_gr├╕n_mand,_1915.jpg	extracted
/Users/bear/Documents/CoWork/bear-textbooks/books/art/ARTZIP/R_220_Robert Storm Petersen.zip	R_220_Robert Storm Petersen/Portr├ªt_af_maleren_og_keramikeren_Chr_Joachim_1870-1943_,_1908.jpg	/Users/bear/Documents/CoWork/bear-textbooks/books/art/extracted/ARTZIP/R_220_Robert Storm Petersen/R_220_Robert Storm Petersen/Portr├ªt_af_maleren_og_keramikeren_Chr_Joachim_1870-1943_,_1908.jpg	extracted
/Users/bear/Documents/CoWork/bear-textbooks/books/art/ARTZIP/R_220_Robert Storm Petersen.zip	R_220_Robert Storm Petersen/Blad_til_Dagens_flue_1947.jpg	/Users/bear/Documents/CoWork/bear-textbooks/books/art/extracted/ARTZIP/R_220_Robert Storm Petersen/R_220_Robert Storm Petersen/Blad_til_Dagens_flue_1947.jpg	extracted
/Users/bear/Documents/CoWork/bear-textbooks/books/art/ARTZIP/R_220_Robert Storm Petersen.zip	R_220_Robert Storm Petersen/Blad_til_Dagens_flue_1946.jpg	/Users/bear/Documents/CoWork/bear-textbooks/books/art/extracted/ARTZIP/R_220_Robert Storm Petersen/R_220_Robert Storm Petersen/Blad_til_Dagens_flue_1946.jpg	extracted
/Users/bear/Documents/CoWork/bear-textbooks/books/art/ARTZIP/R_220_Robert Storm Petersen.zip	R_220_Robert Storm Petersen/To_skikkelser.jpg	/Users/bear/Documents/CoWork/bear-textbooks/books/art/extracted/ARTZIP/R_220_Robert Storm Petersen/R_220_Robert Storm Petersen/To_skikkelser.jpg	extracted
/Users/bear/Documents/CoWork/bear-textbooks/books/art/ARTZIP/R_220_Robert Storm Petersen.zip	R_220_Robert Storm Petersen/Bananmand.jpg	/Users/bear/Documents/CoWork/bear-textbooks/books/art/extracted/ARTZIP/R_220_Robert Storm Petersen/R_220_Robert Storm Petersen/Bananmand.jpg	extracted
/Users/bear/Documents/CoWork/bear-textbooks/books/art/ARTZIP/R_220_Robert Storm Petersen.zip	R_220_Robert Storm Petersen/La_Morgue,_1906.jpg	/Users/bear/Documents/CoWork/bear-textbooks/books/art/extracted/ARTZIP/R_220_Robert Storm Petersen/R_220_Robert Storm Petersen/La_Morgue,_1906.jpg	extracted
/Users/bear/Documents/CoWork/bear-textbooks/books/art/ARTZIP/R_220_Robert Storm Petersen.zip	R_220_Robert Storm Petersen/Forl├ªg_til_titelblad_til_Hvem_har_Bolden_Karikeret_portr├ªt_af_Carl_Alstrup.jpg	/Users/bear/Documents/CoWork/bear-textbooks/books/art/extracted/ARTZIP/R_220_Robert Storm Petersen/R_220_Robert Storm Petersen/Forl├ªg_til_titelblad_til_Hvem_har_Bolden_Karikeret_portr├ªt_af_Carl_Alstrup.jpg	extracted
/Users/bear/Documents/CoWork/bear-textbooks/books/art/ARTZIP/R_220_Robert Storm Petersen.zip	R_220_Robert Storm Petersen/Blad_til_Dagens_flue_1944.jpg	/Users/bear/Documents/CoWork/bear-textbooks/books/art/extracted/ARTZIP/R_220_Robert Storm Petersen/R_220_Robert Storm Petersen/Blad_til_Dagens_flue_1944.jpg	extracted
/Users/bear/Documents/CoWork/bear-textbooks/books/art/ARTZIP/R_220_Robert Storm Petersen.zip	R_220_Robert Storm Petersen/Blad_til_Dagens_flue_1945.jpg	/Users/bear/Documents/CoWork/bear-textbooks/books/art/extracted/ARTZIP/R_220_Robert Storm Petersen/R_220_Robert Storm Petersen/Blad_til_Dagens_flue_1945.jpg	extracted
/Users/bear/Documents/CoWork/bear-textbooks/books/art/ARTZIP/R_220_Robert Storm Petersen.zip	R_220_Robert Storm Petersen/Gullaschbaron_tegnet_af_Storm_P.jpg	/Users/bear/Documents/CoWork/bear-textbooks/books/art/extracted/ARTZIP/R_220_Robert Storm Petersen/R_220_Robert Storm Petersen/Gullaschbaron_tegnet_af_Storm_P.jpg	extracted
/Users/bear/Documents/CoWork/bear-textbooks/books/art/ARTZIP/R_220_Robert Storm Petersen.zip	R_220_Robert Storm Petersen/Karikaturer,_1908.jpg	/Users/bear/Documents/CoWork/bear-textbooks/books/art/extracted/ARTZIP/R_220_Robert Storm Petersen/R_220_Robert Storm Petersen/Karikaturer,_1908.jpg	extracted
/Users/bear/Documents/CoWork/bear-textbooks/books/art/ARTZIP/R_220_Robert Storm Petersen.zip	R_220_Robert Storm Petersen/Advokat.jpg	/Users/bear/Documents/CoWork/bear-textbooks/books/art/extracted/ARTZIP/R_220_Robert Storm Petersen/R_220_Robert Storm Petersen/Advokat.jpg	extracted
/Users/bear/Documents/CoWork/bear-textbooks/books/art/ARTZIP/R_220_Robert Storm Petersen.zip	R_220_Robert Storm Petersen/Aftenlandskab_1908.jpg	/Users/bear/Documents/CoWork/bear-textbooks/books/art/extracted/ARTZIP/R_220_Robert Storm Petersen/R_220_Robert Storm Petersen/Aftenlandskab_1908.jpg	extracted
/Users/bear/Documents/CoWork/bear-textbooks/books/art/ARTZIP/R_220_Robert Storm Petersen.zip	R_220_Robert Storm Petersen/Karikatur_af_Karl_Isakson,_profil_mod_venstre.jpg	/Users/bear/Documents/CoWork/bear-textbooks/books/art/extracted/ARTZIP/R_220_Robert Storm Petersen/R_220_Robert Storm Petersen/Karikatur_af_Karl_Isakson,_profil_mod_venstre.jpg	extracted
/Users/bear/Documents/CoWork/bear-textbooks/books/art/ARTZIP/R_220_Robert Storm Petersen.zip	R_220_Robert Storm Petersen/Vittighedstegning.jpg	/Users/bear/Documents/CoWork/bear-textbooks/books/art/extracted/ARTZIP/R_220_Robert Storm Petersen/R_220_Robert Storm Petersen/Vittighedstegning.jpg	extracted
/Users/bear/Documents/CoWork/bear-textbooks/books/art/ARTZIP/R_220_Robert Storm Petersen.zip	R_220_Robert Storm Petersen/En_sportsmand_1936.jpg	/Users/bear/Documents/CoWork/bear-textbooks/books/art/extracted/ARTZIP/R_220_Robert Storm Petersen/R_220_Robert Storm Petersen/En_sportsmand_1936.jpg	extracted
/Users/bear/Documents/CoWork/bear-textbooks/books/art/ARTZIP/R_220_Robert Storm Petersen.zip	R_220_Robert Storm Petersen/Den_sidste_pibe,_1932.jpg	/Users/bear/Documents/CoWork/bear-textbooks/books/art/extracted/ARTZIP/R_220_Robert Storm Petersen/R_220_Robert Storm Petersen/Den_sidste_pibe,_1932.jpg	extracted
/Users/bear/Documents/CoWork/bear-textbooks/books/art/ARTZIP/R_220_Robert Storm Petersen.zip	R_220_Robert Storm Petersen/Blad_til_Dagens_flue__1947.jpg	/Users/bear/Documents/CoWork/bear-textbooks/books/art/extracted/ARTZIP/R_220_Robert Storm Petersen/R_220_Robert Storm Petersen/Blad_til_Dagens_flue__1947.jpg	extracted
/Users/bear/Documents/CoWork/bear-textbooks/books/art/ARTZIP/R_220_Robert Storm Petersen.zip	R_220_Robert Storm Petersen/D├╕den_og_drankeren,_1908.jpg	/Users/bear/Documents/CoWork/bear-textbooks/books/art/extracted/ARTZIP/R_220_Robert Storm Petersen/R_220_Robert Storm Petersen/D├╕den_og_drankeren,_1908.jpg	extracted
/Users/bear/Documents/CoWork/bear-textbooks/books/art/ARTZIP/R_220_Robert Storm Petersen.zip	R_220_Robert Storm Petersen/Stilf├ªrdig_samtale.jpg	/Users/bear/Documents/CoWork/bear-textbooks/books/art/extracted/ARTZIP/R_220_Robert Storm Petersen/R_220_Robert Storm Petersen/Stilf├ªrdig_samtale.jpg	extracted
/Users/bear/Documents/CoWork/bear-textbooks/books/art/ARTZIP/R_220_Robert Storm Petersen.zip	R_220_Robert Storm Petersen/Et_blad_af_serien_En_underlig_mand_1942.jpg	/Users/bear/Documents/CoWork/bear-textbooks/books/art/extracted/ARTZIP/R_220_Robert Storm Petersen/R_220_Robert Storm Petersen/Et_blad_af_serien_En_underlig_mand_1942.jpg	extracted
/Users/bear/Documents/CoWork/bear-textbooks/books/art/ARTZIP/R_220_Robert Storm Petersen.zip	R_220_Robert Storm Petersen/Gustav_Wied_og_ung_kvinde_pa╠è_b├ªnk_1910.jpg	/Users/bear/Documents/CoWork/bear-textbooks/books/art/extracted/ARTZIP/R_220_Robert Storm Petersen/R_220_Robert Storm Petersen/Gustav_Wied_og_ung_kvinde_pa╠è_b├ªnk_1910.jpg	extracted
/Users/bear/Documents/CoWork/bear-textbooks/books/art/ARTZIP/R_220_Robert Storm Petersen.zip	R_220_Robert Storm Petersen/Blad_til_Dagens_flue__1945.jpg	/Users/bear/Documents/CoWork/bear-textbooks/books/art/extracted/ARTZIP/R_220_Robert Storm Petersen/R_220_Robert Storm Petersen/Blad_til_Dagens_flue__1945.jpg	extracted
/Users/bear/Documents/CoWork/bear-textbooks/books/art/ARTZIP/R_220_Robert Storm Petersen.zip	R_220_Robert Storm Petersen/Knuda╠ège_Riisager_og_Louis_Levy.jpg	/Users/bear/Documents/CoWork/bear-textbooks/books/art/extracted/ARTZIP/R_220_Robert Storm Petersen/R_220_Robert Storm Petersen/Knuda╠ège_Riisager_og_Louis_Levy.jpg	extracted
/Users/bear/Documents/CoWork/bear-textbooks/books/art/ARTZIP/R_220_Robert Storm Petersen.zip	R_220_Robert Storm Petersen/Gnieren.jpg	/Users/bear/Documents/CoWork/bear-textbooks/books/art/extracted/ARTZIP/R_220_Robert Storm Petersen/R_220_Robert Storm Petersen/Gnieren.jpg	extracted
/Users/bear/Documents/CoWork/bear-textbooks/books/art/ARTZIP/R_220_Robert Storm Petersen.zip	R_220_Robert Storm Petersen/Herre_i_kjoles├ªt.jpg	/Users/bear/Documents/CoWork/bear-textbooks/books/art/extracted/ARTZIP/R_220_Robert Storm Petersen/R_220_Robert Storm Petersen/Herre_i_kjoles├ªt.jpg	extracted
/Users/bear/Documents/CoWork/bear-textbooks/books/art/ARTZIP/R_220_Robert Storm Petersen.zip	R_220_Robert Storm Petersen/Portr├ªt_af_en_mand_med_en_h├╕j_hat_i_den_ene_ha╠ènd.jpg	/Users/bear/Documents/CoWork/bear-textbooks/books/art/extracted/ARTZIP/R_220_Robert Storm Petersen/R_220_Robert Storm Petersen/Portr├ªt_af_en_mand_med_en_h├╕j_hat_i_den_ene_ha╠ènd.jpg	extracted
/Users/bear/Documents/CoWork/bear-textbooks/books/art/ARTZIP/R_220_Robert Storm Petersen.zip	R_220_Robert Storm Petersen/Storm_P._-_Pas_paa_Kornet_(1).jpg	/Users/bear/Documents/CoWork/bear-textbooks/books/art/extracted/ARTZIP/R_220_Robert Storm Petersen/R_220_Robert Storm Petersen/Storm_P._-_Pas_paa_Kornet_(1).jpg	extracted
/Users/bear/Documents/CoWork/bear-textbooks/books/art/ARTZIP/R_220_Robert Storm Petersen.zip	R_220_Robert Storm Petersen/Blad_til_Dagens_flue _1944.jpg	/Users/bear/Documents/CoWork/bear-textbooks/books/art/extracted/ARTZIP/R_220_Robert Storm Petersen/R_220_Robert Storm Petersen/Blad_til_Dagens_flue _1944.jpg	extracted
/Users/bear/Documents/CoWork/bear-textbooks/books/art/ARTZIP/R_220_Robert Storm Petersen.zip	R_220_Robert Storm Petersen/Ping_som_opfinder.jpg	/Users/bear/Documents/CoWork/bear-textbooks/books/art/extracted/ARTZIP/R_220_Robert Storm Petersen/R_220_Robert Storm Petersen/Ping_som_opfinder.jpg	extracted
/Users/bear/Documents/CoWork/bear-textbooks/books/art/ARTZIP/R_63_Claude Monet_New.zip	R_63_Claude Monet_New/The_Church_of_San_Giorgio_Maggiore.jpg	/Users/bear/Documents/CoWork/bear-textbooks/books/art/extracted/ARTZIP/R_63_Claude Monet_New/R_63_Claude Monet_New/The_Church_of_San_Giorgio_Maggiore.jpg	extracted
/Users/bear/Documents/CoWork/bear-textbooks/books/art/ARTZIP/R_63_Claude Monet_New.zip	R_63_Claude Monet_New/Wind_Effect_Series_of_The_Poplarst.jpg	/Users/bear/Documents/CoWork/bear-textbooks/books/art/extracted/ARTZIP/R_63_Claude Monet_New/R_63_Claude Monet_New/Wind_Effect_Series_of_The_Poplarst.jpg	extracted
/Users/bear/Documents/CoWork/bear-textbooks/books/art/ARTZIP/R_63_Claude Monet_New.zip	R_63_Claude Monet_New/I╠éle_aux_Fleurs_near_Ve╠ütheuil.jpg	/Users/bear/Documents/CoWork/bear-textbooks/books/art/extracted/ARTZIP/R_63_Claude Monet_New/R_63_Claude Monet_New/I╠éle_aux_Fleurs_near_Ve╠ütheuil.jpg	extracted
/Users/bear/Documents/CoWork/bear-textbooks/books/art/ARTZIP/R_63_Claude Monet_New.zip	R_63_Claude Monet_New/Adolphe_in_the_Garden_of_Le_Coteau_at_Sainte-Adresse_1867.jpg	/Users/bear/Documents/CoWork/bear-textbooks/books/art/extracted/ARTZIP/R_63_Claude Monet_New/R_63_Claude Monet_New/Adolphe_in_the_Garden_of_Le_Coteau_at_Sainte-Adresse_1867.jpg	extracted
/Users/bear/Documents/CoWork/bear-textbooks/books/art/ARTZIP/R_63_Claude Monet_New.zip	R_63_Claude Monet_New/Canal_a╠Ç_Zaandam_1871.jpg	/Users/bear/Documents/CoWork/bear-textbooks/books/art/extracted/ARTZIP/R_63_Claude Monet_New/R_63_Claude Monet_New/Canal_a╠Ç_Zaandam_1871.jpg	extracted
/Users/bear/Documents/CoWork/bear-textbooks/books/art/ARTZIP/R_63_Claude Monet_New.zip	R_63_Claude Monet_New/Camille_on_the_Beach_in_Trouville.jpg	/Users/bear/Documents/CoWork/bear-textbooks/books/art/extracted/ARTZIP/R_63_Claude Monet_New/R_63_Claude Monet_New/Camille_on_the_Beach_in_Trouville.jpg	extracted
/Users/bear/Documents/CoWork/bear-textbooks/books/art/ARTZIP/R_63_Claude Monet_New.zip	R_63_Claude Monet_New/The_Luncheont.jpg	/Users/bear/Documents/CoWork/bear-textbooks/books/art/extracted/ARTZIP/R_63_Claude Monet_New/R_63_Claude Monet_New/The_Luncheont.jpg	extracted
/Users/bear/Documents/CoWork/bear-textbooks/books/art/ARTZIP/R_63_Claude Monet_New.zip	R_63_Claude Monet_New/Les_peupliers.jpg	/Users/bear/Documents/CoWork/bear-textbooks/books/art/extracted/ARTZIP/R_63_Claude Monet_New/R_63_Claude Monet_New/Les_peupliers.jpg	extracted
/Users/bear/Documents/CoWork/bear-textbooks/books/art/ARTZIP/R_63_Claude Monet_New.zip	R_63_Claude Monet_New/Le_Bassin_des_Nympheast.jpg	/Users/bear/Documents/CoWork/bear-textbooks/books/art/extracted/ARTZIP/R_63_Claude Monet_New/R_63_Claude Monet_New/Le_Bassin_des_Nympheast.jpg	extracted
/Users/bear/Documents/CoWork/bear-textbooks/books/art/ARTZIP/R_63_Claude Monet_New.zip	R_63_Claude Monet_New/Argenteuil_c.1872.jpg	/Users/bear/Documents/CoWork/bear-textbooks/books/art/extracted/ARTZIP/R_63_Claude Monet_New/R_63_Claude Monet_New/Argenteuil_c.1872.jpg	extracted
/Users/bear/Documents/CoWork/bear-textbooks/books/art/ARTZIP/R_63_Claude Monet_New.zip	R_63_Claude Monet_New/In_the_Woods_at_Giverny-_Blanche_Hoschede╠ü_at_Her_Easel_with_Suzanne_Hoschede╠ü_Readingt.jpg	/Users/bear/Documents/CoWork/bear-textbooks/books/art/extracted/ARTZIP/R_63_Claude Monet_New/R_63_Claude Monet_New/In_the_Woods_at_Giverny-_Blanche_Hoschede╠ü_at_Her_Easel_with_Suzanne_Hoschede╠ü_Readingt.jpg	extracted
/Users/bear/Documents/CoWork/bear-textbooks/books/art/ARTZIP/R_63_Claude Monet_New.zip	R_63_Claude Monet_New/A_Cart_on_the_Snowy_Road_at_Honfleur_1865_or_1867.jpg	/Users/bear/Documents/CoWork/bear-textbooks/books/art/extracted/ARTZIP/R_63_Claude Monet_New/R_63_Claude Monet_New/A_Cart_on_the_Snowy_Road_at_Honfleur_1865_or_1867.jpg	extracted
/Users/bear/Documents/CoWork/bear-textbooks/books/art/ARTZIP/R_63_Claude Monet_New.zip	R_63_Claude Monet_New/Cliffs_and_Sea_Sainte-Adresse_c._1864.jpg	/Users/bear/Documents/CoWork/bear-textbooks/books/art/extracted/ARTZIP/R_63_Claude Monet_New/R_63_Claude Monet_New/Cliffs_and_Sea_Sainte-Adresse_c._1864.jpg	extracted
/Users/bear/Documents/CoWork/bear-textbooks/books/art/ARTZIP/R_63_Claude Monet_New.zip	R_63_Claude Monet_New/Rouen_Cathedral_West_Fac╠ºadet.jpg	/Users/bear/Documents/CoWork/bear-textbooks/books/art/extracted/ARTZIP/R_63_Claude Monet_New/R_63_Claude Monet_New/Rouen_Cathedral_West_Fac╠ºadet.jpg	extracted
/Users/bear/Documents/CoWork/bear-textbooks/books/art/ARTZIP/R_63_Claude Monet_New.zip	R_63_Claude Monet_New/ArgenteuilBasinWithASingleSailboat.jpg	/Users/bear/Documents/CoWork/bear-textbooks/books/art/extracted/ARTZIP/R_63_Claude Monet_New/R_63_Claude Monet_New/ArgenteuilBasinWithASingleSailboat.jpg	extracted
/Users/bear/Documents/CoWork/bear-textbooks/books/art/ARTZIP/R_63_Claude Monet_New.zip	R_63_Claude Monet_New/Rouen_Cathedral_at_noon_1894.jpg	/Users/bear/Documents/CoWork/bear-textbooks/books/art/extracted/ARTZIP/R_63_Claude Monet_New/R_63_Claude Monet_New/Rouen_Cathedral_at_noon_1894.jpg	extracted
/Users/bear/Documents/CoWork/bear-textbooks/books/art/ARTZIP/R_63_Claude Monet_New.zip	R_63_Claude Monet_New/The_Beach_at_Trouville.jpg	/Users/bear/Documents/CoWork/bear-textbooks/books/art/extracted/ARTZIP/R_63_Claude Monet_New/R_63_Claude Monet_New/The_Beach_at_Trouville.jpg	extracted
/Users/bear/Documents/CoWork/bear-textbooks/books/art/ARTZIP/R_63_Claude Monet_New.zip	R_63_Claude Monet_New/Ladies_in_Flowerst.jpg	/Users/bear/Documents/CoWork/bear-textbooks/books/art/extracted/ARTZIP/R_63_Claude Monet_New/R_63_Claude Monet_New/Ladies_in_Flowerst.jpg	extracted
/Users/bear/Documents/CoWork/bear-textbooks/books/art/ARTZIP/R_63_Claude Monet_New.zip	R_63_Claude Monet_New/Waterloo_Bridge_in_Londont.jpg	/Users/bear/Documents/CoWork/bear-textbooks/books/art/extracted/ARTZIP/R_63_Claude Monet_New/R_63_Claude Monet_New/Waterloo_Bridge_in_Londont.jpg	extracted
/Users/bear/Documents/CoWork/bear-textbooks/books/art/ARTZIP/R_63_Claude Monet_New.zip	R_63_Claude Monet_New/River_at_Lavacourt.jpg	/Users/bear/Documents/CoWork/bear-textbooks/books/art/extracted/ARTZIP/R_63_Claude Monet_New/R_63_Claude Monet_New/River_at_Lavacourt.jpg	extracted
/Users/bear/Documents/CoWork/bear-textbooks/books/art/ARTZIP/R_63_Claude Monet_New.zip	R_63_Claude Monet_New/Ve╠ütheuil_en_hiver.jpg	/Users/bear/Documents/CoWork/bear-textbooks/books/art/extracted/ARTZIP/R_63_Claude Monet_New/R_63_Claude Monet_New/Ve╠ütheuil_en_hiver.jpg	extracted
/Users/bear/Documents/CoWork/bear-textbooks/books/art/ARTZIP/R_63_Claude Monet_New.zip	R_63_Claude Monet_New/The_Young_Ladies_of_Giverny.jpg	/Users/bear/Documents/CoWork/bear-textbooks/books/art/extracted/ARTZIP/R_63_Claude Monet_New/R_63_Claude Monet_New/The_Young_Ladies_of_Giverny.jpg	extracted
/Users/bear/Documents/CoWork/bear-textbooks/books/art/ARTZIP/R_63_Claude Monet_New.zip	R_63_Claude Monet_New/Henry_Malfroy_-_Venice_a_View_to_San_Giorgio_Maggiore.jpg	/Users/bear/Documents/CoWork/bear-textbooks/books/art/extracted/ARTZIP/R_63_Claude Monet_New/R_63_Claude Monet_New/Henry_Malfroy_-_Venice_a_View_to_San_Giorgio_Maggiore.jpg	extracted
/Users/bear/Documents/CoWork/bear-textbooks/books/art/ARTZIP/R_63_Claude Monet_New.zip	R_63_Claude Monet_New/La maison du pe╠écheur_1882.jpg	/Users/bear/Documents/CoWork/bear-textbooks/books/art/extracted/ARTZIP/R_63_Claude Monet_New/R_63_Claude Monet_New/La maison du pe╠écheur_1882.jpg	extracted
/Users/bear/Documents/CoWork/bear-textbooks/books/art/ARTZIP/R_63_Claude Monet_New.zip	R_63_Claude Monet_New/Day_Lilies_by_Muse╠üe_Marmottan_Monet.jpg	/Users/bear/Documents/CoWork/bear-textbooks/books/art/extracted/ARTZIP/R_63_Claude Monet_New/R_63_Claude Monet_New/Day_Lilies_by_Muse╠üe_Marmottan_Monet.jpg	extracted
/Users/bear/Documents/CoWork/bear-textbooks/books/art/ARTZIP/R_63_Claude Monet_New.zip	R_63_Claude Monet_New/Rue_de_la_Bavole_Honfleurt.jpg	/Users/bear/Documents/CoWork/bear-textbooks/books/art/extracted/ARTZIP/R_63_Claude Monet_New/R_63_Claude Monet_New/Rue_de_la_Bavole_Honfleurt.jpg	extracted
/Users/bear/Documents/CoWork/bear-textbooks/books/art/ARTZIP/R_63_Claude Monet_New.zip	R_63_Claude Monet_New/St._Germain_l'Auxerrois_a╠Ç_Parist.jpg	/Users/bear/Documents/CoWork/bear-textbooks/books/art/extracted/ARTZIP/R_63_Claude Monet_New/R_63_Claude Monet_New/St._Germain_l'Auxerrois_a╠Ç_Parist.jpg	extracted
/Users/bear/Documents/CoWork/bear-textbooks/books/art/ARTZIP/R_63_Claude Monet_New.zip	R_63_Claude Monet_New/The_Rue_Montorgueil_in_Paris_1878.jpg	/Users/bear/Documents/CoWork/bear-textbooks/books/art/extracted/ARTZIP/R_63_Claude Monet_New/R_63_Claude Monet_New/The_Rue_Montorgueil_in_Paris_1878.jpg	extracted
/Users/bear/Documents/CoWork/bear-textbooks/books/art/ARTZIP/R_63_Claude Monet_New.zip	R_63_Claude Monet_New/The_Four_Trees.jpg	/Users/bear/Documents/CoWork/bear-textbooks/books/art/extracted/ARTZIP/R_63_Claude Monet_New/R_63_Claude Monet_New/The_Four_Trees.jpg	extracted
/Users/bear/Documents/CoWork/bear-textbooks/books/art/ARTZIP/R_63_Claude Monet_New.zip	R_63_Claude Monet_New/Rouen_Cathedral-_Setting_Sun_Symphony_in_Grey_and_Pink.jpg	/Users/bear/Documents/CoWork/bear-textbooks/books/art/extracted/ARTZIP/R_63_Claude Monet_New/R_63_Claude Monet_New/Rouen_Cathedral-_Setting_Sun_Symphony_in_Grey_and_Pink.jpg	extracted
/Users/bear/Documents/CoWork/bear-textbooks/books/art/ARTZIP/R_63_Claude Monet_New.zip	R_63_Claude Monet_New/Rouen_Cathedral_Fac╠ºade_and_Tour_d'Albane.jpg	/Users/bear/Documents/CoWork/bear-textbooks/books/art/extracted/ARTZIP/R_63_Claude Monet_New/R_63_Claude Monet_New/Rouen_Cathedral_Fac╠ºade_and_Tour_d'Albane.jpg	extracted
/Users/bear/Documents/CoWork/bear-textbooks/books/art/ARTZIP/R_63_Claude Monet_New.zip	R_63_Claude Monet_New/Spring in Giverny_1890.jpg	/Users/bear/Documents/CoWork/bear-textbooks/books/art/extracted/ARTZIP/R_63_Claude Monet_New/R_63_Claude Monet_New/Spring in Giverny_1890.jpg	extracted
/Users/bear/Documents/CoWork/bear-textbooks/books/art/ARTZIP/R_63_Claude Monet_New.zip	R_63_Claude Monet_New/Chrysanthemums.jpg	/Users/bear/Documents/CoWork/bear-textbooks/books/art/extracted/ARTZIP/R_63_Claude Monet_New/R_63_Claude Monet_New/Chrysanthemums.jpg	extracted
/Users/bear/Documents/CoWork/bear-textbooks/books/art/ARTZIP/R_63_Claude Monet_New.zip	R_63_Claude Monet_New/The_Argenteuil_Bridget.jpg	/Users/bear/Documents/CoWork/bear-textbooks/books/art/extracted/ARTZIP/R_63_Claude Monet_New/R_63_Claude Monet_New/The_Argenteuil_Bridget.jpg	extracted
/Users/bear/Documents/CoWork/bear-textbooks/books/art/ARTZIP/R_63_Claude Monet_New.zip	R_63_Claude Monet_New/le_bassin_dargenteuil.jpg	/Users/bear/Documents/CoWork/bear-textbooks/books/art/extracted/ARTZIP/R_63_Claude Monet_New/R_63_Claude Monet_New/le_bassin_dargenteuil.jpg	extracted
/Users/bear/Documents/CoWork/bear-textbooks/books/art/ARTZIP/R_63_Claude Monet_New.zip	R_63_Claude Monet_New/Springtimet.jpg	/Users/bear/Documents/CoWork/bear-textbooks/books/art/extracted/ARTZIP/R_63_Claude Monet_New/R_63_Claude Monet_New/Springtimet.jpg	extracted
/Users/bear/Documents/CoWork/bear-textbooks/books/art/ARTZIP/R_63_Claude Monet_New.zip	R_63_Claude Monet_New/Snow_at_Argenteuil_1875.jpg	/Users/bear/Documents/CoWork/bear-textbooks/books/art/extracted/ARTZIP/R_63_Claude Monet_New/R_63_Claude Monet_New/Snow_at_Argenteuil_1875.jpg	extracted
/Users/bear/Documents/CoWork/bear-textbooks/books/art/ARTZIP/R_63_Claude Monet_New.zip	R_63_Claude Monet_New/La_Vague_Verte.jpg	/Users/bear/Documents/CoWork/bear-textbooks/books/art/extracted/ARTZIP/R_63_Claude Monet_New/R_63_Claude Monet_New/La_Vague_Verte.jpg	extracted
/Users/bear/Documents/CoWork/bear-textbooks/books/art/ARTZIP/R_63_Claude Monet_New.zip	R_63_Claude Monet_New/Winter_Landscape_with_Evening_Skyt.jpg	/Users/bear/Documents/CoWork/bear-textbooks/books/art/extracted/ARTZIP/R_63_Claude Monet_New/R_63_Claude Monet_New/Winter_Landscape_with_Evening_Skyt.jpg	extracted
/Users/bear/Documents/CoWork/bear-textbooks/books/art/ARTZIP/R_63_Claude Monet_New.zip	R_63_Claude Monet_New/Seerosen.jpg	/Users/bear/Documents/CoWork/bear-textbooks/books/art/extracted/ARTZIP/R_63_Claude Monet_New/R_63_Claude Monet_New/Seerosen.jpg	extracted
/Users/bear/Documents/CoWork/bear-textbooks/books/art/ARTZIP/R_63_Claude Monet_New.zip	R_63_Claude Monet_New/Poppy_Fieldt_1.jpg	/Users/bear/Documents/CoWork/bear-textbooks/books/art/extracted/ARTZIP/R_63_Claude Monet_New/R_63_Claude Monet_New/Poppy_Fieldt_1.jpg	extracted
/Users/bear/Documents/CoWork/bear-textbooks/books/art/ARTZIP/R_63_Claude Monet_New.zip	R_63_Claude Monet_New/Still_Life_with_Flowers_and_Fruitt.jpg	/Users/bear/Documents/CoWork/bear-textbooks/books/art/extracted/ARTZIP/R_63_Claude Monet_New/R_63_Claude Monet_New/Still_Life_with_Flowers_and_Fruitt.jpg	extracted
/Users/bear/Documents/CoWork/bear-textbooks/books/art/ARTZIP/R_63_Claude Monet_New.zip	R_63_Claude Monet_New/Jerusalem_Artichoke_Flowers_1880.jpg	/Users/bear/Documents/CoWork/bear-textbooks/books/art/extracted/ARTZIP/R_63_Claude Monet_New/R_63_Claude Monet_New/Jerusalem_Artichoke_Flowers_1880.jpg	extracted
/Users/bear/Documents/CoWork/bear-textbooks/books/art/ARTZIP/R_63_Claude Monet_New.zip	R_63_Claude Monet_New/Barque-Marmottan.jpg	/Users/bear/Documents/CoWork/bear-textbooks/books/art/extracted/ARTZIP/R_63_Claude Monet_New/R_63_Claude Monet_New/Barque-Marmottan.jpg	extracted
/Users/bear/Documents/CoWork/bear-textbooks/books/art/ARTZIP/R_63_Claude Monet_New.zip	R_63_Claude Monet_New/Flower_Beds_at_Ve╠ütheuilt.jpg	/Users/bear/Documents/CoWork/bear-textbooks/books/art/extracted/ARTZIP/R_63_Claude Monet_New/R_63_Claude Monet_New/Flower_Beds_at_Ve╠ütheuilt.jpg	extracted
/Users/bear/Documents/CoWork/bear-textbooks/books/art/ARTZIP/R_63_Claude Monet_New.zip	R_63_Claude Monet_New/Lavacourt-Sunshine-and-Snow.jpg	/Users/bear/Documents/CoWork/bear-textbooks/books/art/extracted/ARTZIP/R_63_Claude Monet_New/R_63_Claude Monet_New/Lavacourt-Sunshine-and-Snow.jpg	extracted
/Users/bear/Documents/CoWork/bear-textbooks/books/art/ARTZIP/R_63_Claude Monet_New.zip	R_63_Claude Monet_New/Le_De╠üjeuner_sur_l'herbe_1866.jpg	/Users/bear/Documents/CoWork/bear-textbooks/books/art/extracted/ARTZIP/R_63_Claude Monet_New/R_63_Claude Monet_New/Le_De╠üjeuner_sur_l'herbe_1866.jpg	extracted
/Users/bear/Documents/CoWork/bear-textbooks/books/art/ARTZIP/R_63_Claude Monet_New.zip	R_63_Claude Monet_New/Jar_of_Peachest.jpg	/Users/bear/Documents/CoWork/bear-textbooks/books/art/extracted/ARTZIP/R_63_Claude Monet_New/R_63_Claude Monet_New/Jar_of_Peachest.jpg	extracted
/Users/bear/Documents/CoWork/bear-textbooks/books/art/ARTZIP/R_63_Claude Monet_New.zip	R_63_Claude Monet_New/Arrival_of_the_Normandy_Traint.jpg	/Users/bear/Documents/CoWork/bear-textbooks/books/art/extracted/ARTZIP/R_63_Claude Monet_New/R_63_Claude Monet_New/Arrival_of_the_Normandy_Traint.jpg	extracted
/Users/bear/Documents/CoWork/bear-textbooks/books/art/ARTZIP/R_63_Claude Monet_New.zip	R_63_Claude Monet_New/Paysage_a╠Ç_Port-Goulphar.jpg	/Users/bear/Documents/CoWork/bear-textbooks/books/art/extracted/ARTZIP/R_63_Claude Monet_New/R_63_Claude Monet_New/Paysage_a╠Ç_Port-Goulphar.jpg	extracted
/Users/bear/Documents/CoWork/bear-textbooks/books/art/ARTZIP/R_63_Claude Monet_New.zip	R_63_Claude Monet_New/Waterliliest.jpg	/Users/bear/Documents/CoWork/bear-textbooks/books/art/extracted/ARTZIP/R_63_Claude Monet_New/R_63_Claude Monet_New/Waterliliest.jpg	extracted
/Users/bear/Documents/CoWork/bear-textbooks/books/art/ARTZIP/R_63_Claude Monet_New.zip	R_63_Claude Monet_New/Boulevard_des_Capucinest.jpg	/Users/bear/Documents/CoWork/bear-textbooks/books/art/extracted/ARTZIP/R_63_Claude Monet_New/R_63_Claude Monet_New/Boulevard_des_Capucinest.jpg	extracted
/Users/bear/Documents/CoWork/bear-textbooks/books/art/ARTZIP/R_63_Claude Monet_New.zip	R_63_Claude Monet_New/The_Water_Lilies_-_Setting_Sunt.jpg	/Users/bear/Documents/CoWork/bear-textbooks/books/art/extracted/ARTZIP/R_63_Claude Monet_New/R_63_Claude Monet_New/The_Water_Lilies_-_Setting_Sunt.jpg	extracted
/Users/bear/Documents/CoWork/bear-textbooks/books/art/ARTZIP/R_63_Claude Monet_New.zip	R_63_Claude Monet_New/Ponte_Japonesa.jpg	/Users/bear/Documents/CoWork/bear-textbooks/books/art/extracted/ARTZIP/R_63_Claude Monet_New/R_63_Claude Monet_New/Ponte_Japonesa.jpg	extracted
/Users/bear/Documents/CoWork/bear-textbooks/books/art/ARTZIP/R_63_Claude Monet_New.zip	R_63_Claude Monet_New/Rough_weather_at_E╠ütretatt.jpg	/Users/bear/Documents/CoWork/bear-textbooks/books/art/extracted/ARTZIP/R_63_Claude Monet_New/R_63_Claude Monet_New/Rough_weather_at_E╠ütretatt.jpg	extracted
/Users/bear/Documents/CoWork/bear-textbooks/books/art/ARTZIP/R_63_Claude Monet_New.zip	R_63_Claude Monet_New/Sonnenaufgang_bei_Etretat.jpg	/Users/bear/Documents/CoWork/bear-textbooks/books/art/extracted/ARTZIP/R_63_Claude Monet_New/R_63_Claude Monet_New/Sonnenaufgang_bei_Etretat.jpg	extracted
/Users/bear/Documents/CoWork/bear-textbooks/books/art/ARTZIP/R_63_Claude Monet_New.zip	R_63_Claude Monet_New/The_Doge's_Palace_Seen_from_San_Giorgio_Maggiore.jpg	/Users/bear/Documents/CoWork/bear-textbooks/books/art/extracted/ARTZIP/R_63_Claude Monet_New/R_63_Claude Monet_New/The_Doge's_Palace_Seen_from_San_Giorgio_Maggiore.jpg	extracted
/Users/bear/Documents/CoWork/bear-textbooks/books/art/ARTZIP/R_63_Claude Monet_New.zip	R_63_Claude Monet_New/Peony_Gardent.jpg	/Users/bear/Documents/CoWork/bear-textbooks/books/art/extracted/ARTZIP/R_63_Claude Monet_New/R_63_Claude Monet_New/Peony_Gardent.jpg	extracted
/Users/bear/Documents/CoWork/bear-textbooks/books/art/ARTZIP/R_63_Claude Monet_New.zip	R_63_Claude Monet_New/Quai_du_Louvre_1867.jpg	/Users/bear/Documents/CoWork/bear-textbooks/books/art/extracted/ARTZIP/R_63_Claude Monet_New/R_63_Claude Monet_New/Quai_du_Louvre_1867.jpg	extracted
/Users/bear/Documents/CoWork/bear-textbooks/books/art/ARTZIP/R_63_Claude Monet_New.zip	R_63_Claude Monet_New/Antibes-das-Fort.jpg	/Users/bear/Documents/CoWork/bear-textbooks/books/art/extracted/ARTZIP/R_63_Claude Monet_New/R_63_Claude Monet_New/Antibes-das-Fort.jpg	extracted
/Users/bear/Documents/CoWork/bear-textbooks/books/art/ARTZIP/R_63_Claude Monet_New.zip	R_63_Claude Monet_New/Water_Lilies.jpg	/Users/bear/Documents/CoWork/bear-textbooks/books/art/extracted/ARTZIP/R_63_Claude Monet_New/R_63_Claude Monet_New/Water_Lilies.jpg	extracted
/Users/bear/Documents/CoWork/bear-textbooks/books/art/ARTZIP/R_63_Claude Monet_New.zip	R_63_Claude Monet_New/Ve╠ütheuil.jpg	/Users/bear/Documents/CoWork/bear-textbooks/books/art/extracted/ARTZIP/R_63_Claude Monet_New/R_63_Claude Monet_New/Ve╠ütheuil.jpg	extracted
/Users/bear/Documents/CoWork/bear-textbooks/books/art/ARTZIP/R_63_Claude Monet_New.zip	R_63_Claude Monet_New/The_Beach_at_Sainte-Adresset.jpg	/Users/bear/Documents/CoWork/bear-textbooks/books/art/extracted/ARTZIP/R_63_Claude Monet_New/R_63_Claude Monet_New/The_Beach_at_Sainte-Adresset.jpg	extracted
/Users/bear/Documents/CoWork/bear-textbooks/books/art/ARTZIP/R_63_Claude Monet_New.zip	R_63_Claude Monet_New/Effet_de_Neige_Le_Matin_1891.jpg	/Users/bear/Documents/CoWork/bear-textbooks/books/art/extracted/ARTZIP/R_63_Claude Monet_New/R_63_Claude Monet_New/Effet_de_Neige_Le_Matin_1891.jpg	extracted
/Users/bear/Documents/CoWork/bear-textbooks/books/art/ARTZIP/R_63_Claude Monet_New.zip	R_63_Claude Monet_New/The_Portal_of_Rouen_Cathedral_in_Morning_Light_1894.jpg	/Users/bear/Documents/CoWork/bear-textbooks/books/art/extracted/ARTZIP/R_63_Claude Monet_New/R_63_Claude Monet_New/The_Portal_of_Rouen_Cathedral_in_Morning_Light_1894.jpg	extracted
/Users/bear/Documents/CoWork/bear-textbooks/books/art/ARTZIP/R_63_Claude Monet_New.zip	R_63_Claude Monet_New/Bridge_at_Argenteuil_on_a_Gray_Day_c.1876.jpg	/Users/bear/Documents/CoWork/bear-textbooks/books/art/extracted/ARTZIP/R_63_Claude Monet_New/R_63_Claude Monet_New/Bridge_at_Argenteuil_on_a_Gray_Day_c.1876.jpg	extracted
/Users/bear/Documents/CoWork/bear-textbooks/books/art/ARTZIP/R_63_Claude Monet_New.zip	R_63_Claude Monet_New/Bazille_and_Camille_Study_for_De╠üjeuner_sur_l'Herbe.jpg	/Users/bear/Documents/CoWork/bear-textbooks/books/art/extracted/ARTZIP/R_63_Claude Monet_New/R_63_Claude Monet_New/Bazille_and_Camille_Study_for_De╠üjeuner_sur_l'Herbe.jpg	extracted
/Users/bear/Documents/CoWork/bear-textbooks/books/art/ARTZIP/R_63_Claude Monet_New.zip	R_63_Claude Monet_New/Boulevard_He╠üloise_Argenteuil.jpg	/Users/bear/Documents/CoWork/bear-textbooks/books/art/extracted/ARTZIP/R_63_Claude Monet_New/R_63_Claude Monet_New/Boulevard_He╠üloise_Argenteuil.jpg	extracted
/Users/bear/Documents/CoWork/bear-textbooks/books/art/ARTZIP/R_63_Claude Monet_New.zip	R_63_Claude Monet_New/Bouquet of Sunflowers_1881.jpg	/Users/bear/Documents/CoWork/bear-textbooks/books/art/extracted/ARTZIP/R_63_Claude Monet_New/R_63_Claude Monet_New/Bouquet of Sunflowers_1881.jpg	extracted
/Users/bear/Documents/CoWork/bear-textbooks/books/art/ARTZIP/R_63_Claude Monet_New.zip	R_63_Claude Monet_New/La_Pointe_du_Petit_Ailly.jpg	/Users/bear/Documents/CoWork/bear-textbooks/books/art/extracted/ARTZIP/R_63_Claude Monet_New/R_63_Claude Monet_New/La_Pointe_du_Petit_Ailly.jpg	extracted
/Users/bear/Documents/CoWork/bear-textbooks/books/art/ARTZIP/R_63_Claude Monet_New.zip	R_63_Claude Monet_New/Rouen_Seine-Maritime.jpg	/Users/bear/Documents/CoWork/bear-textbooks/books/art/extracted/ARTZIP/R_63_Claude Monet_New/R_63_Claude Monet_New/Rouen_Seine-Maritime.jpg	extracted
/Users/bear/Documents/CoWork/bear-textbooks/books/art/ARTZIP/R_63_Claude Monet_New.zip	R_63_Claude Monet_New/Ninfee_rosa_by_1897-1899.jpg	/Users/bear/Documents/CoWork/bear-textbooks/books/art/extracted/ARTZIP/R_63_Claude Monet_New/R_63_Claude Monet_New/Ninfee_rosa_by_1897-1899.jpg	extracted
/Users/bear/Documents/CoWork/bear-textbooks/books/art/ARTZIP/R_63_Claude Monet_New.zip	R_63_Claude Monet_New/E╠ütretat_The_Beach_and_the_Falaise_d'Amont.jpg	/Users/bear/Documents/CoWork/bear-textbooks/books/art/extracted/ARTZIP/R_63_Claude Monet_New/R_63_Claude Monet_New/E╠ütretat_The_Beach_and_the_Falaise_d'Amont.jpg	extracted
/Users/bear/Documents/CoWork/bear-textbooks/books/art/ARTZIP/R_63_Claude Monet_New.zip	R_63_Claude Monet_New/Sandvika Norway._1895.jpg	/Users/bear/Documents/CoWork/bear-textbooks/books/art/extracted/ARTZIP/R_63_Claude Monet_New/R_63_Claude Monet_New/Sandvika Norway._1895.jpg	extracted
/Users/bear/Documents/CoWork/bear-textbooks/books/art/ARTZIP/R_63_Claude Monet_New.zip	R_63_Claude Monet_New/The_Path_through_the_Irises.jpg	/Users/bear/Documents/CoWork/bear-textbooks/books/art/extracted/ARTZIP/R_63_Claude Monet_New/R_63_Claude Monet_New/The_Path_through_the_Irises.jpg	extracted
/Users/bear/Documents/CoWork/bear-textbooks/books/art/ARTZIP/R_63_Claude Monet_New.zip	R_63_Claude Monet_New/Le_Pont_d`_Argenteuilt.jpg	/Users/bear/Documents/CoWork/bear-textbooks/books/art/extracted/ARTZIP/R_63_Claude Monet_New/R_63_Claude Monet_New/Le_Pont_d`_Argenteuilt.jpg	extracted
/Users/bear/Documents/CoWork/bear-textbooks/books/art/ARTZIP/R_63_Claude Monet_New.zip	R_63_Claude Monet_New/Reflections_of_Clouds_on_the_Water-Lily_Pond.jpg	/Users/bear/Documents/CoWork/bear-textbooks/books/art/extracted/ARTZIP/R_63_Claude Monet_New/R_63_Claude Monet_New/Reflections_of_Clouds_on_the_Water-Lily_Pond.jpg	extracted
/Users/bear/Documents/CoWork/bear-textbooks/books/art/ARTZIP/R_63_Claude Monet_New.zip	R_63_Claude Monet_New/Poppy_Field_in_a_Hollow_near_Givernyt.jpg	/Users/bear/Documents/CoWork/bear-textbooks/books/art/extracted/ARTZIP/R_63_Claude Monet_New/R_63_Claude Monet_New/Poppy_Field_in_a_Hollow_near_Givernyt.jpg	extracted
/Users/bear/Documents/CoWork/bear-textbooks/books/art/ARTZIP/R_63_Claude Monet_New.zip	R_63_Claude Monet_New/The_Cathedral_in_Rouen._The_portal_Grey_Weathert.jpg	/Users/bear/Documents/CoWork/bear-textbooks/books/art/extracted/ARTZIP/R_63_Claude Monet_New/R_63_Claude Monet_New/The_Cathedral_in_Rouen._The_portal_Grey_Weathert.jpg	extracted
/Users/bear/Documents/CoWork/bear-textbooks/books/art/ARTZIP/R_63_Claude Monet_New.zip	R_63_Claude Monet_New/The_Water-Lily_Pond_1899.jpg	/Users/bear/Documents/CoWork/bear-textbooks/books/art/extracted/ARTZIP/R_63_Claude Monet_New/R_63_Claude Monet_New/The_Water-Lily_Pond_1899.jpg	extracted
/Users/bear/Documents/CoWork/bear-textbooks/books/art/ARTZIP/R_63_Claude Monet_New.zip	R_63_Claude Monet_New/Ho╠étel_des_roches_noires._Trouvillet.jpg	/Users/bear/Documents/CoWork/bear-textbooks/books/art/extracted/ARTZIP/R_63_Claude Monet_New/R_63_Claude Monet_New/Ho╠étel_des_roches_noires._Trouvillet.jpg	extracted
/Users/bear/Documents/CoWork/bear-textbooks/books/art/ARTZIP/R_63_Claude Monet_New.zip	R_63_Claude Monet_New/Soleil_couchant_sur_la_Seine_a╠Ç_Lavacourt.jpg	/Users/bear/Documents/CoWork/bear-textbooks/books/art/extracted/ARTZIP/R_63_Claude Monet_New/R_63_Claude Monet_New/Soleil_couchant_sur_la_Seine_a╠Ç_Lavacourt.jpg	extracted
/Users/bear/Documents/CoWork/bear-textbooks/books/art/ARTZIP/R_63_Claude Monet_New.zip	R_63_Claude Monet_New/The_Willows_1880.jpg	/Users/bear/Documents/CoWork/bear-textbooks/books/art/extracted/ARTZIP/R_63_Claude Monet_New/R_63_Claude Monet_New/The_Willows_1880.jpg	extracted
/Users/bear/Documents/CoWork/bear-textbooks/books/art/ARTZIP/R_63_Claude Monet_New.zip	R_63_Claude Monet_New/Poppy_Fields_near_Argenteuil.jpg	/Users/bear/Documents/CoWork/bear-textbooks/books/art/extracted/ARTZIP/R_63_Claude Monet_New/R_63_Claude Monet_New/Poppy_Fields_near_Argenteuil.jpg	extracted
/Users/bear/Documents/CoWork/bear-textbooks/books/art/ARTZIP/R_63_Claude Monet_New.zip	R_63_Claude Monet_New/Le_Grand_Canal.jpg	/Users/bear/Documents/CoWork/bear-textbooks/books/art/extracted/ARTZIP/R_63_Claude Monet_New/R_63_Claude Monet_New/Le_Grand_Canal.jpg	extracted
/Users/bear/Documents/CoWork/bear-textbooks/books/art/ARTZIP/R_63_Claude Monet_New.zip	R_63_Claude Monet_New/Pond_with_Water_Liliest.jpg	/Users/bear/Documents/CoWork/bear-textbooks/books/art/extracted/ARTZIP/R_63_Claude Monet_New/R_63_Claude Monet_New/Pond_with_Water_Liliest.jpg	extracted
/Users/bear/Documents/CoWork/bear-textbooks/books/art/ARTZIP/R_63_Claude Monet_New.zip	R_63_Claude Monet_New/Ice_breaking_up_on_the_Seine_near_Bennecourtt.jpg	/Users/bear/Documents/CoWork/bear-textbooks/books/art/extracted/ARTZIP/R_63_Claude Monet_New/R_63_Claude Monet_New/Ice_breaking_up_on_the_Seine_near_Bennecourtt.jpg	extracted
/Users/bear/Documents/CoWork/bear-textbooks/books/art/ARTZIP/R_63_Claude Monet_New.zip	R_63_Claude Monet_New/The_Houses_of_Parliament_Sunset_1903.jpg	/Users/bear/Documents/CoWork/bear-textbooks/books/art/extracted/ARTZIP/R_63_Claude Monet_New/R_63_Claude Monet_New/The_Houses_of_Parliament_Sunset_1903.jpg	extracted
/Users/bear/Documents/CoWork/bear-textbooks/books/art/ARTZIP/R_63_Claude Monet_New.zip	R_63_Claude Monet_New/route_a_louveciennes_neige_fondante_soleil_couchant.jpg	/Users/bear/Documents/CoWork/bear-textbooks/books/art/extracted/ARTZIP/R_63_Claude Monet_New/R_63_Claude Monet_New/route_a_louveciennes_neige_fondante_soleil_couchant.jpg	extracted
/Users/bear/Documents/CoWork/bear-textbooks/books/art/ARTZIP/R_63_Claude Monet_New.zip	R_63_Claude Monet_New/La_Pointe_de_la_He╠Çve_at_Low_Tidet.jpg	/Users/bear/Documents/CoWork/bear-textbooks/books/art/extracted/ARTZIP/R_63_Claude Monet_New/R_63_Claude Monet_New/La_Pointe_de_la_He╠Çve_at_Low_Tidet.jpg	extracted
/Users/bear/Documents/CoWork/bear-textbooks/books/art/ARTZIP/R_63_Claude Monet_New.zip	R_63_Claude Monet_New/The_Duck_Pond.jpg	/Users/bear/Documents/CoWork/bear-textbooks/books/art/extracted/ARTZIP/R_63_Claude Monet_New/R_63_Claude Monet_New/The_Duck_Pond.jpg	extracted
/Users/bear/Documents/CoWork/bear-textbooks/books/art/ARTZIP/R_63_Claude Monet_New.zip	R_63_Claude Monet_New/The_Seine_at_Ve╠ütheuil_1880.jpg	/Users/bear/Documents/CoWork/bear-textbooks/books/art/extracted/ARTZIP/R_63_Claude Monet_New/R_63_Claude Monet_New/The_Seine_at_Ve╠ütheuil_1880.jpg	extracted
/Users/bear/Documents/CoWork/bear-textbooks/books/art/ARTZIP/R_63_Claude Monet_New.zip	R_63_Claude Monet_New/Nymphe╠üas_1908.jpg	/Users/bear/Documents/CoWork/bear-textbooks/books/art/extracted/ARTZIP/R_63_Claude Monet_New/R_63_Claude Monet_New/Nymphe╠üas_1908.jpg	extracted
/Users/bear/Documents/CoWork/bear-textbooks/books/art/ARTZIP/R_63_Claude Monet_New.zip	R_63_Claude Monet_New/Stacks_of_Wheat_End_of_Summer.jpg	/Users/bear/Documents/CoWork/bear-textbooks/books/art/extracted/ARTZIP/R_63_Claude Monet_New/R_63_Claude Monet_New/Stacks_of_Wheat_End_of_Summer.jpg	extracted
/Users/bear/Documents/CoWork/bear-textbooks/books/art/ARTZIP/R_63_Claude Monet_New.zip	R_63_Claude Monet_New/Valley_of_the_Creuse_Gray_Day.jpg	/Users/bear/Documents/CoWork/bear-textbooks/books/art/extracted/ARTZIP/R_63_Claude Monet_New/R_63_Claude Monet_New/Valley_of_the_Creuse_Gray_Day.jpg	extracted
/Users/bear/Documents/CoWork/bear-textbooks/books/art/ARTZIP/R_63_Claude Monet_New.zip	R_63_Claude Monet_New/A Corner in the Garden at Montgeron_1986.jpg	/Users/bear/Documents/CoWork/bear-textbooks/books/art/extracted/ARTZIP/R_63_Claude Monet_New/R_63_Claude Monet_New/A Corner in the Garden at Montgeron_1986.jpg	extracted
/Users/bear/Documents/CoWork/bear-textbooks/books/art/ARTZIP/R_63_Claude Monet_New.zip	R_63_Claude Monet_New/Claude_Monet_Waterloo_Bridge_1901.jpg	/Users/bear/Documents/CoWork/bear-textbooks/books/art/extracted/ARTZIP/R_63_Claude Monet_New/R_63_Claude Monet_New/Claude_Monet_Waterloo_Bridge_1901.jpg	extracted
/Users/bear/Documents/CoWork/bear-textbooks/books/art/ARTZIP/R_63_Claude Monet_New.zip	R_63_Claude Monet_New/Water_Lily_Pond.jpg	/Users/bear/Documents/CoWork/bear-textbooks/books/art/extracted/ARTZIP/R_63_Claude Monet_New/R_63_Claude Monet_New/Water_Lily_Pond.jpg	extracted
/Users/bear/Documents/CoWork/bear-textbooks/books/art/ARTZIP/R_63_Claude Monet_New.zip	R_63_Claude Monet_New/The_Windmill_on_the_Onbekende_Gracht.jpg	/Users/bear/Documents/CoWork/bear-textbooks/books/art/extracted/ARTZIP/R_63_Claude Monet_New/R_63_Claude Monet_New/The_Windmill_on_the_Onbekende_Gracht.jpg	extracted
/Users/bear/Documents/CoWork/bear-textbooks/books/art/ARTZIP/R_63_Claude Monet_New.zip	R_63_Claude Monet_New/Mount_Kolsa╠ès.jpg	/Users/bear/Documents/CoWork/bear-textbooks/books/art/extracted/ARTZIP/R_63_Claude Monet_New/R_63_Claude Monet_New/Mount_Kolsa╠ès.jpg	extracted
/Users/bear/Documents/CoWork/bear-textbooks/books/art/ARTZIP/R_63_Claude Monet_New.zip	R_63_Claude Monet_New/La_Seine_a╠Ç_Ve╠ütheuil_1879.jpg	/Users/bear/Documents/CoWork/bear-textbooks/books/art/extracted/ARTZIP/R_63_Claude Monet_New/R_63_Claude Monet_New/La_Seine_a╠Ç_Ve╠ütheuil_1879.jpg	extracted
/Users/bear/Documents/CoWork/bear-textbooks/books/art/ARTZIP/R_63_Claude Monet_New.zip	R_63_Claude Monet_New/Agapanthus.jpg	/Users/bear/Documents/CoWork/bear-textbooks/books/art/extracted/ARTZIP/R_63_Claude Monet_New/R_63_Claude Monet_New/Agapanthus.jpg	extracted
/Users/bear/Documents/CoWork/bear-textbooks/books/art/ARTZIP/R_63_Claude Monet_New.zip	R_63_Claude Monet_New/Water_Liliest_1.jpg	/Users/bear/Documents/CoWork/bear-textbooks/books/art/extracted/ARTZIP/R_63_Claude Monet_New/R_63_Claude Monet_New/Water_Liliest_1.jpg	extracted
/Users/bear/Documents/CoWork/bear-textbooks/books/art/ARTZIP/R_63_Claude Monet_New.zip	R_63_Claude Monet_New/Irises_1914-17.jpg	/Users/bear/Documents/CoWork/bear-textbooks/books/art/extracted/ARTZIP/R_63_Claude Monet_New/R_63_Claude Monet_New/Irises_1914-17.jpg	extracted
/Users/bear/Documents/CoWork/bear-textbooks/books/art/ARTZIP/R_63_Claude Monet_New.zip	R_63_Claude Monet_New/The_Japanese_bridget.jpg	/Users/bear/Documents/CoWork/bear-textbooks/books/art/extracted/ARTZIP/R_63_Claude Monet_New/R_63_Claude Monet_New/The_Japanese_bridget.jpg	extracted
/Users/bear/Documents/CoWork/bear-textbooks/books/art/ARTZIP/R_63_Claude Monet_New.zip	R_63_Claude Monet_New/Angler_auf_der_Seine_bei_Poissy.jpg	/Users/bear/Documents/CoWork/bear-textbooks/books/art/extracted/ARTZIP/R_63_Claude Monet_New/R_63_Claude Monet_New/Angler_auf_der_Seine_bei_Poissy.jpg	extracted
/Users/bear/Documents/CoWork/bear-textbooks/books/art/ARTZIP/R_63_Claude Monet_New.zip	R_63_Claude Monet_New/Peupliers_au_bord_de_lΓÇÖEpte.jpg	/Users/bear/Documents/CoWork/bear-textbooks/books/art/extracted/ARTZIP/R_63_Claude Monet_New/R_63_Claude Monet_New/Peupliers_au_bord_de_lΓÇÖEpte.jpg	extracted
/Users/bear/Documents/CoWork/bear-textbooks/books/art/ARTZIP/R_63_Claude Monet_New.zip	R_63_Claude Monet_New/deux_femmes_en_barque.jpg	/Users/bear/Documents/CoWork/bear-textbooks/books/art/extracted/ARTZIP/R_63_Claude Monet_New/R_63_Claude Monet_New/deux_femmes_en_barque.jpg	extracted
/Users/bear/Documents/CoWork/bear-textbooks/books/art/ARTZIP/R_63_Claude Monet_New.zip	R_63_Claude Monet_New/Camille_in_the_Garden_at_Argenteuil.jpg	/Users/bear/Documents/CoWork/bear-textbooks/books/art/extracted/ARTZIP/R_63_Claude Monet_New/R_63_Claude Monet_New/Camille_in_the_Garden_at_Argenteuil.jpg	extracted
/Users/bear/Documents/CoWork/bear-textbooks/books/art/ARTZIP/R_63_Claude Monet_New.zip	R_63_Claude Monet_New/Le_Boulevard_de_Pontoise_a╠Ç_Argenteuil_1875.jpg	/Users/bear/Documents/CoWork/bear-textbooks/books/art/extracted/ARTZIP/R_63_Claude Monet_New/R_63_Claude Monet_New/Le_Boulevard_de_Pontoise_a╠Ç_Argenteuil_1875.jpg	extracted
/Users/bear/Documents/CoWork/bear-textbooks/books/art/ARTZIP/R_63_Claude Monet_New.zip	R_63_Claude Monet_New/La_Gare_Saint-Lazaret.jpg	/Users/bear/Documents/CoWork/bear-textbooks/books/art/extracted/ARTZIP/R_63_Claude Monet_New/R_63_Claude Monet_New/La_Gare_Saint-Lazaret.jpg	extracted
/Users/bear/Documents/CoWork/bear-textbooks/books/art/ARTZIP/R_63_Claude Monet_New.zip	R_63_Claude Monet_New/Grainstack_Sun_in_the_Mistt.jpg	/Users/bear/Documents/CoWork/bear-textbooks/books/art/extracted/ARTZIP/R_63_Claude Monet_New/R_63_Claude Monet_New/Grainstack_Sun_in_the_Mistt.jpg	extracted
/Users/bear/Documents/CoWork/bear-textbooks/books/art/ARTZIP/R_63_Claude Monet_New.zip	R_63_Claude Monet_New/Rapids_on_the_Petite_Creuse_at_Fresselines.jpg	/Users/bear/Documents/CoWork/bear-textbooks/books/art/extracted/ARTZIP/R_63_Claude Monet_New/R_63_Claude Monet_New/Rapids_on_the_Petite_Creuse_at_Fresselines.jpg	extracted
/Users/bear/Documents/CoWork/bear-textbooks/books/art/ARTZIP/R_63_Claude Monet_New.zip	R_63_Claude Monet_New/La_Seine_pre╠Çs_de_Ve╠ütheuil_1878.jpg	/Users/bear/Documents/CoWork/bear-textbooks/books/art/extracted/ARTZIP/R_63_Claude Monet_New/R_63_Claude Monet_New/La_Seine_pre╠Çs_de_Ve╠ütheuil_1878.jpg	extracted
/Users/bear/Documents/CoWork/bear-textbooks/books/art/ARTZIP/R_63_Claude Monet_New.zip	R_63_Claude Monet_New/Spring_by_the_Seinet.jpg	/Users/bear/Documents/CoWork/bear-textbooks/books/art/extracted/ARTZIP/R_63_Claude Monet_New/R_63_Claude Monet_New/Spring_by_the_Seinet.jpg	extracted
/Users/bear/Documents/CoWork/bear-textbooks/books/art/ARTZIP/R_63_Claude Monet_New.zip	R_63_Claude Monet_New/The_Magpiet.jpg	/Users/bear/Documents/CoWork/bear-textbooks/books/art/extracted/ARTZIP/R_63_Claude Monet_New/R_63_Claude Monet_New/The_Magpiet.jpg	extracted
/Users/bear/Documents/CoWork/bear-textbooks/books/art/ARTZIP/R_63_Claude Monet_New.zip	R_63_Claude Monet_New/Wisteriat.jpg	/Users/bear/Documents/CoWork/bear-textbooks/books/art/extracted/ARTZIP/R_63_Claude Monet_New/R_63_Claude Monet_New/Wisteriat.jpg	extracted
/Users/bear/Documents/CoWork/bear-textbooks/books/art/ARTZIP/R_63_Claude Monet_New.zip	R_63_Claude Monet_New/The_Japanese_Footbridge_and_the_Water_Lily_Pool.jpg	/Users/bear/Documents/CoWork/bear-textbooks/books/art/extracted/ARTZIP/R_63_Claude Monet_New/R_63_Claude Monet_New/The_Japanese_Footbridge_and_the_Water_Lily_Pool.jpg	extracted
/Users/bear/Documents/CoWork/bear-textbooks/books/art/ARTZIP/R_63_Claude Monet_New.zip	R_63_Claude Monet_New/Water_Liliest_2.jpg	/Users/bear/Documents/CoWork/bear-textbooks/books/art/extracted/ARTZIP/R_63_Claude Monet_New/R_63_Claude Monet_New/Water_Liliest_2.jpg	extracted
/Users/bear/Documents/CoWork/bear-textbooks/books/art/ARTZIP/R_63_Claude Monet_New.zip	R_63_Claude Monet_New/The_Promenade_with_the_Railroad_Bridge.jpg	/Users/bear/Documents/CoWork/bear-textbooks/books/art/extracted/ARTZIP/R_63_Claude Monet_New/R_63_Claude Monet_New/The_Promenade_with_the_Railroad_Bridge.jpg	extracted
/Users/bear/Documents/CoWork/bear-textbooks/books/art/ARTZIP/R_63_Claude Monet_New.zip	R_63_Claude Monet_New/Water-Lilies_1916.jpg	/Users/bear/Documents/CoWork/bear-textbooks/books/art/extracted/ARTZIP/R_63_Claude Monet_New/R_63_Claude Monet_New/Water-Lilies_1916.jpg	extracted
/Users/bear/Documents/CoWork/bear-textbooks/books/art/ARTZIP/R_63_Claude Monet_New.zip	R_63_Claude Monet_New/Haystacks_end_of_Summert.jpg	/Users/bear/Documents/CoWork/bear-textbooks/books/art/extracted/ARTZIP/R_63_Claude Monet_New/R_63_Claude Monet_New/Haystacks_end_of_Summert.jpg	extracted
/Users/bear/Documents/CoWork/bear-textbooks/books/art/ARTZIP/R_63_Claude Monet_New.zip	R_63_Claude Monet_New/Water-Lilies_Setting_Sun.jpg	/Users/bear/Documents/CoWork/bear-textbooks/books/art/extracted/ARTZIP/R_63_Claude Monet_New/R_63_Claude Monet_New/Water-Lilies_Setting_Sun.jpg	extracted
/Users/bear/Documents/CoWork/bear-textbooks/books/art/ARTZIP/R_63_Claude Monet_New.zip	R_63_Claude Monet_New/Le_Parlement.jpg	/Users/bear/Documents/CoWork/bear-textbooks/books/art/extracted/ARTZIP/R_63_Claude Monet_New/R_63_Claude Monet_New/Le_Parlement.jpg	extracted
/Users/bear/Documents/CoWork/bear-textbooks/books/art/ARTZIP/R_63_Claude Monet_New.zip	R_63_Claude Monet_New/vue_du_village_de_giverny.jpg	/Users/bear/Documents/CoWork/bear-textbooks/books/art/extracted/ARTZIP/R_63_Claude Monet_New/R_63_Claude Monet_New/vue_du_village_de_giverny.jpg	extracted
/Users/bear/Documents/CoWork/bear-textbooks/books/art/ARTZIP/R_63_Claude Monet_New.zip	R_63_Claude Monet_New/Bordighera.jpg	/Users/bear/Documents/CoWork/bear-textbooks/books/art/extracted/ARTZIP/R_63_Claude Monet_New/R_63_Claude Monet_New/Bordighera.jpg	extracted
/Users/bear/Documents/CoWork/bear-textbooks/books/art/ARTZIP/R_63_Claude Monet_New.zip	R_63_Claude Monet_New/Carrie╠Çres-Saint-Denis.jpg	/Users/bear/Documents/CoWork/bear-textbooks/books/art/extracted/ARTZIP/R_63_Claude Monet_New/R_63_Claude Monet_New/Carrie╠Çres-Saint-Denis.jpg	extracted
/Users/bear/Documents/CoWork/bear-textbooks/books/art/ARTZIP/R_63_Claude Monet_New.zip	R_63_Claude Monet_New/Rocks_at_Belle-lle_Port-Domoist.jpg	/Users/bear/Documents/CoWork/bear-textbooks/books/art/extracted/ARTZIP/R_63_Claude Monet_New/R_63_Claude Monet_New/Rocks_at_Belle-lle_Port-Domoist.jpg	extracted
/Users/bear/Documents/CoWork/bear-textbooks/books/art/ARTZIP/R_63_Claude Monet_New.zip	R_63_Claude Monet_New/Wildenstein.jpg	/Users/bear/Documents/CoWork/bear-textbooks/books/art/extracted/ARTZIP/R_63_Claude Monet_New/R_63_Claude Monet_New/Wildenstein.jpg	extracted
/Users/bear/Documents/CoWork/bear-textbooks/books/art/ARTZIP/R_63_Claude Monet_New.zip	R_63_Claude Monet_New/Port-Goulphar_Belle-I╠élet.jpg	/Users/bear/Documents/CoWork/bear-textbooks/books/art/extracted/ARTZIP/R_63_Claude Monet_New/R_63_Claude Monet_New/Port-Goulphar_Belle-I╠élet.jpg	extracted
/Users/bear/Documents/CoWork/bear-textbooks/books/art/ARTZIP/R_63_Claude Monet_New.zip	R_63_Claude Monet_New/Waterloo_Bridget.jpg	/Users/bear/Documents/CoWork/bear-textbooks/books/art/extracted/ARTZIP/R_63_Claude Monet_New/R_63_Claude Monet_New/Waterloo_Bridget.jpg	extracted
/Users/bear/Documents/CoWork/bear-textbooks/books/art/ARTZIP/R_63_Claude Monet_New.zip	R_63_Claude Monet_New/Stack_of_Wheat_Thaw_Sunset.jpg	/Users/bear/Documents/CoWork/bear-textbooks/books/art/extracted/ARTZIP/R_63_Claude Monet_New/R_63_Claude Monet_New/Stack_of_Wheat_Thaw_Sunset.jpg	extracted
/Users/bear/Documents/CoWork/bear-textbooks/books/art/ARTZIP/R_63_Claude Monet_New.zip	R_63_Claude Monet_New/Lady in the Garden_1867.jpg	/Users/bear/Documents/CoWork/bear-textbooks/books/art/extracted/ARTZIP/R_63_Claude Monet_New/R_63_Claude Monet_New/Lady in the Garden_1867.jpg	extracted
/Users/bear/Documents/CoWork/bear-textbooks/books/art/ARTZIP/R_63_Claude Monet_New.zip	R_63_Claude Monet_New/The_Artist's_Garden_at_Ve╠ütheuil_1881.jpg	/Users/bear/Documents/CoWork/bear-textbooks/books/art/extracted/ARTZIP/R_63_Claude Monet_New/R_63_Claude Monet_New/The_Artist's_Garden_at_Ve╠ütheuil_1881.jpg	extracted
/Users/bear/Documents/CoWork/bear-textbooks/books/art/ARTZIP/R_63_Claude Monet_New.zip	R_63_Claude Monet_New/Road_of_La_Roche-Guyont.jpg	/Users/bear/Documents/CoWork/bear-textbooks/books/art/extracted/ARTZIP/R_63_Claude Monet_New/R_63_Claude Monet_New/Road_of_La_Roche-Guyont.jpg	extracted
/Users/bear/Documents/CoWork/bear-textbooks/books/art/ARTZIP/R_63_Claude Monet_New.zip	R_63_Claude Monet_New/Spring_Fruit_Trees_in_Bloom.jpg	/Users/bear/Documents/CoWork/bear-textbooks/books/art/extracted/ARTZIP/R_63_Claude Monet_New/R_63_Claude Monet_New/Spring_Fruit_Trees_in_Bloom.jpg	extracted
/Users/bear/Documents/CoWork/bear-textbooks/books/art/ARTZIP/R_63_Claude Monet_New.zip	R_63_Claude Monet_New/Sandvika Norway_02_1895.jpg	/Users/bear/Documents/CoWork/bear-textbooks/books/art/extracted/ARTZIP/R_63_Claude Monet_New/R_63_Claude Monet_New/Sandvika Norway_02_1895.jpg	extracted
/Users/bear/Documents/CoWork/bear-textbooks/books/art/ARTZIP/R_63_Claude Monet_New.zip	R_63_Claude Monet_New/The_Gare_St-Lazare_1877.jpg	/Users/bear/Documents/CoWork/bear-textbooks/books/art/extracted/ARTZIP/R_63_Claude Monet_New/R_63_Claude Monet_New/The_Gare_St-Lazare_1877.jpg	extracted
/Users/bear/Documents/CoWork/bear-textbooks/books/art/ARTZIP/R_63_Claude Monet_New.zip	R_63_Claude Monet_New/Jean_on_his_Hobby_Horse.jpg	/Users/bear/Documents/CoWork/bear-textbooks/books/art/extracted/ARTZIP/R_63_Claude Monet_New/R_63_Claude Monet_New/Jean_on_his_Hobby_Horse.jpg	extracted
/Users/bear/Documents/CoWork/bear-textbooks/books/art/ARTZIP/R_63_Claude Monet_New.zip	R_63_Claude Monet_New/Train_in_the_Countrysidet.jpg	/Users/bear/Documents/CoWork/bear-textbooks/books/art/extracted/ARTZIP/R_63_Claude Monet_New/R_63_Claude Monet_New/Train_in_the_Countrysidet.jpg	extracted
/Users/bear/Documents/CoWork/bear-textbooks/books/art/ARTZIP/R_63_Claude Monet_New.zip	R_63_Claude Monet_New/The_House_on_the_River_Zaan_in_Zaandam.jpg	/Users/bear/Documents/CoWork/bear-textbooks/books/art/extracted/ARTZIP/R_63_Claude Monet_New/R_63_Claude Monet_New/The_House_on_the_River_Zaan_in_Zaandam.jpg	extracted
/Users/bear/Documents/CoWork/bear-textbooks/books/art/ARTZIP/R_63_Claude Monet_New.zip	R_63_Claude Monet_New/Le_rio_de_la_salute.jpg	/Users/bear/Documents/CoWork/bear-textbooks/books/art/extracted/ARTZIP/R_63_Claude Monet_New/R_63_Claude Monet_New/Le_rio_de_la_salute.jpg	extracted
/Users/bear/Documents/CoWork/bear-textbooks/books/art/ARTZIP/R_63_Claude Monet_New.zip	R_63_Claude Monet_New/Bemberg_Fondation_Toulouse_1869.jpg	/Users/bear/Documents/CoWork/bear-textbooks/books/art/extracted/ARTZIP/R_63_Claude Monet_New/R_63_Claude Monet_New/Bemberg_Fondation_Toulouse_1869.jpg	extracted
/Users/bear/Documents/CoWork/bear-textbooks/books/art/ARTZIP/R_63_Claude Monet_New.zip	R_63_Claude Monet_New/L'e╠üglise_de_Vernon.jpg	/Users/bear/Documents/CoWork/bear-textbooks/books/art/extracted/ARTZIP/R_63_Claude Monet_New/R_63_Claude Monet_New/L'e╠üglise_de_Vernon.jpg	extracted
/Users/bear/Documents/CoWork/bear-textbooks/books/art/ARTZIP/R_63_Claude Monet_New.zip	R_63_Claude Monet_New/The_Gare_Saint-Lazare;_Arrival_of_a_Train_1877.jpg	/Users/bear/Documents/CoWork/bear-textbooks/books/art/extracted/ARTZIP/R_63_Claude Monet_New/R_63_Claude Monet_New/The_Gare_Saint-Lazare;_Arrival_of_a_Train_1877.jpg	extracted
/Users/bear/Documents/CoWork/bear-textbooks/books/art/ARTZIP/R_63_Claude Monet_New.zip	R_63_Claude Monet_New/The_Japanese_Footbridge_1899.jpg	/Users/bear/Documents/CoWork/bear-textbooks/books/art/extracted/ARTZIP/R_63_Claude Monet_New/R_63_Claude Monet_New/The_Japanese_Footbridge_1899.jpg	extracted
/Users/bear/Documents/CoWork/bear-textbooks/books/art/ARTZIP/R_63_Claude Monet_New.zip	R_63_Claude Monet_New/Eugenie_Graff_Madame_Paul_1882.jpg	/Users/bear/Documents/CoWork/bear-textbooks/books/art/extracted/ARTZIP/R_63_Claude Monet_New/R_63_Claude Monet_New/Eugenie_Graff_Madame_Paul_1882.jpg	extracted
/Users/bear/Documents/CoWork/bear-textbooks/books/art/ARTZIP/R_63_Claude Monet_New.zip	R_63_Claude Monet_New/Zaandam_1871.jpg	/Users/bear/Documents/CoWork/bear-textbooks/books/art/extracted/ARTZIP/R_63_Claude Monet_New/R_63_Claude Monet_New/Zaandam_1871.jpg	extracted
/Users/bear/Documents/CoWork/bear-textbooks/books/art/ARTZIP/R_63_Claude Monet_New.zip	R_63_Claude Monet_New/La Me╠üditerrane╠üe_1888.jpg	/Users/bear/Documents/CoWork/bear-textbooks/books/art/extracted/ARTZIP/R_63_Claude Monet_New/R_63_Claude Monet_New/La Me╠üditerrane╠üe_1888.jpg	extracted
/Users/bear/Documents/CoWork/bear-textbooks/books/art/ARTZIP/R_63_Claude Monet_New.zip	R_63_Claude Monet_New/Sunrise.jpg	/Users/bear/Documents/CoWork/bear-textbooks/books/art/extracted/ARTZIP/R_63_Claude Monet_New/R_63_Claude Monet_New/Sunrise.jpg	extracted
/Users/bear/Documents/CoWork/bear-textbooks/books/art/ARTZIP/R_63_Claude Monet_New.zip	R_63_Claude Monet_New/Tulip Fields at Sassenheim_1886.jpg	/Users/bear/Documents/CoWork/bear-textbooks/books/art/extracted/ARTZIP/R_63_Claude Monet_New/R_63_Claude Monet_New/Tulip Fields at Sassenheim_1886.jpg	extracted
/Users/bear/Documents/CoWork/bear-textbooks/books/art/ARTZIP/R_63_Claude Monet_New.zip	R_63_Claude Monet_New/The_Artist's_House_at_Argenteuilo.jpg	/Users/bear/Documents/CoWork/bear-textbooks/books/art/extracted/ARTZIP/R_63_Claude Monet_New/R_63_Claude Monet_New/The_Artist's_House_at_Argenteuilo.jpg	extracted
/Users/bear/Documents/CoWork/bear-textbooks/books/art/ARTZIP/R_63_Claude Monet_New.zip	R_63_Claude Monet_New/View_of_the_Prins_Hendrikkade_and_the_Kromme_Waal_in_Amsterdamt.jpg	/Users/bear/Documents/CoWork/bear-textbooks/books/art/extracted/ARTZIP/R_63_Claude Monet_New/R_63_Claude Monet_New/View_of_the_Prins_Hendrikkade_and_the_Kromme_Waal_in_Amsterdamt.jpg	extracted
/Users/bear/Documents/CoWork/bear-textbooks/books/art/ARTZIP/R_63_Claude Monet_New.zip	R_63_Claude Monet_New/La_Corniche_bij_Monaco.jpg	/Users/bear/Documents/CoWork/bear-textbooks/books/art/extracted/ARTZIP/R_63_Claude Monet_New/R_63_Claude Monet_New/La_Corniche_bij_Monaco.jpg	extracted
/Users/bear/Documents/CoWork/bear-textbooks/books/art/ARTZIP/R_63_Claude Monet_New.zip	R_63_Claude Monet_New/Interior_after_Dinner_1868-1869.jpg	/Users/bear/Documents/CoWork/bear-textbooks/books/art/extracted/ARTZIP/R_63_Claude Monet_New/R_63_Claude Monet_New/Interior_after_Dinner_1868-1869.jpg	extracted
/Users/bear/Documents/CoWork/bear-textbooks/books/art/ARTZIP/R_63_Claude Monet_New.zip	R_63_Claude Monet_New/Venice_Palazzo_Dario_1908.jpg	/Users/bear/Documents/CoWork/bear-textbooks/books/art/extracted/ARTZIP/R_63_Claude Monet_New/R_63_Claude Monet_New/Venice_Palazzo_Dario_1908.jpg	extracted
/Users/bear/Documents/CoWork/bear-textbooks/books/art/ARTZIP/R_63_Claude Monet_New.zip	R_63_Claude Monet_New/Waterliliest_1.jpg	/Users/bear/Documents/CoWork/bear-textbooks/books/art/extracted/ARTZIP/R_63_Claude Monet_New/R_63_Claude Monet_New/Waterliliest_1.jpg	extracted
/Users/bear/Documents/CoWork/bear-textbooks/books/art/ARTZIP/R_63_Claude Monet_New.zip	R_63_Claude Monet_New/Parc_Monceau.jpg	/Users/bear/Documents/CoWork/bear-textbooks/books/art/extracted/ARTZIP/R_63_Claude Monet_New/R_63_Claude Monet_New/Parc_Monceau.jpg	extracted
/Users/bear/Documents/CoWork/bear-textbooks/books/art/ARTZIP/R_63_Claude Monet_New.zip	R_63_Claude Monet_New/Poplars_in_the_Sunt.jpg	/Users/bear/Documents/CoWork/bear-textbooks/books/art/extracted/ARTZIP/R_63_Claude Monet_New/R_63_Claude Monet_New/Poplars_in_the_Sunt.jpg	extracted
/Users/bear/Documents/CoWork/bear-textbooks/books/art/ARTZIP/R_63_Claude Monet_New.zip	R_63_Claude Monet_New/Water_Lilies_Nymphe╠üast.jpg	/Users/bear/Documents/CoWork/bear-textbooks/books/art/extracted/ARTZIP/R_63_Claude Monet_New/R_63_Claude Monet_New/Water_Lilies_Nymphe╠üast.jpg	extracted
/Users/bear/Documents/CoWork/bear-textbooks/books/art/ARTZIP/R_63_Claude Monet_New.zip	R_63_Claude Monet_New/Caricature_of_a_Man_Standing.jpg	/Users/bear/Documents/CoWork/bear-textbooks/books/art/extracted/ARTZIP/R_63_Claude Monet_New/R_63_Claude Monet_New/Caricature_of_a_Man_Standing.jpg	extracted
/Users/bear/Documents/CoWork/bear-textbooks/books/art/ARTZIP/R_63_Claude Monet_New.zip	R_63_Claude Monet_New/The_Japanese_Bridge.jpg	/Users/bear/Documents/CoWork/bear-textbooks/books/art/extracted/ARTZIP/R_63_Claude Monet_New/R_63_Claude Monet_New/The_Japanese_Bridge.jpg	extracted
/Users/bear/Documents/CoWork/bear-textbooks/books/art/ARTZIP/R_63_Claude Monet_New.zip	R_63_Claude Monet_New/Port-Domois_Belle-Isle_1887.jpg	/Users/bear/Documents/CoWork/bear-textbooks/books/art/extracted/ARTZIP/R_63_Claude Monet_New/R_63_Claude Monet_New/Port-Domois_Belle-Isle_1887.jpg	extracted
/Users/bear/Documents/CoWork/bear-textbooks/books/art/ARTZIP/R_63_Claude Monet_New.zip	R_63_Claude Monet_New/Water Lilies, Evening Effect_1897-1899.jpg	/Users/bear/Documents/CoWork/bear-textbooks/books/art/extracted/ARTZIP/R_63_Claude Monet_New/R_63_Claude Monet_New/Water Lilies, Evening Effect_1897-1899.jpg	extracted
/Users/bear/Documents/CoWork/bear-textbooks/books/art/ARTZIP/R_63_Claude Monet_New.zip	R_63_Claude Monet_New/Mer_agite╠üe_a╠Ç_Etretat.jpg	/Users/bear/Documents/CoWork/bear-textbooks/books/art/extracted/ARTZIP/R_63_Claude Monet_New/R_63_Claude Monet_New/Mer_agite╠üe_a╠Ç_Etretat.jpg	extracted
/Users/bear/Documents/CoWork/bear-textbooks/books/art/ARTZIP/R_63_Claude Monet_New.zip	R_63_Claude Monet_New/Mills_at_Westzijderveld_near_Zaandamt.jpg	/Users/bear/Documents/CoWork/bear-textbooks/books/art/extracted/ARTZIP/R_63_Claude Monet_New/R_63_Claude Monet_New/Mills_at_Westzijderveld_near_Zaandamt.jpg	extracted
/Users/bear/Documents/CoWork/bear-textbooks/books/art/ARTZIP/R_63_Claude Monet_New.zip	R_63_Claude Monet_New/Three_Fishing_Boatst.jpg	/Users/bear/Documents/CoWork/bear-textbooks/books/art/extracted/ARTZIP/R_63_Claude Monet_New/R_63_Claude Monet_New/Three_Fishing_Boatst.jpg	extracted
/Users/bear/Documents/CoWork/bear-textbooks/books/art/ARTZIP/R_63_Claude Monet_New.zip	R_63_Claude Monet_New/Haystacks_Effect_of_Snow_and_Sun.jpg	/Users/bear/Documents/CoWork/bear-textbooks/books/art/extracted/ARTZIP/R_63_Claude Monet_New/R_63_Claude Monet_New/Haystacks_Effect_of_Snow_and_Sun.jpg	extracted
/Users/bear/Documents/CoWork/bear-textbooks/books/art/ARTZIP/R_63_Claude Monet_New.zip	R_63_Claude Monet_New/Road_at_La_Cave╠üe_Pourvillet.jpg	/Users/bear/Documents/CoWork/bear-textbooks/books/art/extracted/ARTZIP/R_63_Claude Monet_New/R_63_Claude Monet_New/Road_at_La_Cave╠üe_Pourvillet.jpg	extracted
/Users/bear/Documents/CoWork/bear-textbooks/books/art/ARTZIP/R_63_Claude Monet_New.zip	R_63_Claude Monet_New/The_ArtistΓÇÖs_Garden_in_Giverny.jpg	/Users/bear/Documents/CoWork/bear-textbooks/books/art/extracted/ARTZIP/R_63_Claude Monet_New/R_63_Claude Monet_New/The_ArtistΓÇÖs_Garden_in_Giverny.jpg	extracted
/Users/bear/Documents/CoWork/bear-textbooks/books/art/ARTZIP/R_63_Claude Monet_New.zip	R_63_Claude Monet_New/The_Water-lily_Pondt.jpg	/Users/bear/Documents/CoWork/bear-textbooks/books/art/extracted/ARTZIP/R_63_Claude Monet_New/R_63_Claude Monet_New/The_Water-lily_Pondt.jpg	extracted
/Users/bear/Documents/CoWork/bear-textbooks/books/art/ARTZIP/R_63_Claude Monet_New.zip	R_63_Claude Monet_New/La_Grenouille╠üre.jpg	/Users/bear/Documents/CoWork/bear-textbooks/books/art/extracted/ARTZIP/R_63_Claude Monet_New/R_63_Claude Monet_New/La_Grenouille╠üre.jpg	extracted
/Users/bear/Documents/CoWork/bear-textbooks/books/art/ARTZIP/R_63_Claude Monet_New.zip	R_63_Claude Monet_New/La_Seine_a╠Ç_Ve╠ütheuil.jpg	/Users/bear/Documents/CoWork/bear-textbooks/books/art/extracted/ARTZIP/R_63_Claude Monet_New/R_63_Claude Monet_New/La_Seine_a╠Ç_Ve╠ütheuil.jpg	extracted
/Users/bear/Documents/CoWork/bear-textbooks/books/art/ARTZIP/R_63_Claude Monet_New.zip	R_63_Claude Monet_New/A_Corner_of_the_Apartmentt.jpg	/Users/bear/Documents/CoWork/bear-textbooks/books/art/extracted/ARTZIP/R_63_Claude Monet_New/R_63_Claude Monet_New/A_Corner_of_the_Apartmentt.jpg	extracted
/Users/bear/Documents/CoWork/bear-textbooks/books/art/ARTZIP/R_63_Claude Monet_New.zip	R_63_Claude Monet_New/Water_Lilies_ca._1914ΓÇô1917.jpg	/Users/bear/Documents/CoWork/bear-textbooks/books/art/extracted/ARTZIP/R_63_Claude Monet_New/R_63_Claude Monet_New/Water_Lilies_ca._1914ΓÇô1917.jpg	extracted
/Users/bear/Documents/CoWork/bear-textbooks/books/art/ARTZIP/R_63_Claude Monet_New.zip	R_63_Claude Monet_New/Le_Palais_Ducal_1908.jpg	/Users/bear/Documents/CoWork/bear-textbooks/books/art/extracted/ARTZIP/R_63_Claude Monet_New/R_63_Claude Monet_New/Le_Palais_Ducal_1908.jpg	extracted
/Users/bear/Documents/CoWork/bear-textbooks/books/art/ARTZIP/R_63_Claude Monet_New.zip	R_63_Claude Monet_New/le_panier_de_pommes.jpg	/Users/bear/Documents/CoWork/bear-textbooks/books/art/extracted/ARTZIP/R_63_Claude Monet_New/R_63_Claude Monet_New/le_panier_de_pommes.jpg	extracted
/Users/bear/Documents/CoWork/bear-textbooks/books/art/ARTZIP/R_63_Claude Monet_New.zip	R_63_Claude Monet_New/Morning_on_the_Seinet.jpg	/Users/bear/Documents/CoWork/bear-textbooks/books/art/extracted/ARTZIP/R_63_Claude Monet_New/R_63_Claude Monet_New/Morning_on_the_Seinet.jpg	extracted
/Users/bear/Documents/CoWork/bear-textbooks/books/art/ARTZIP/R_63_Claude Monet_New.zip	R_63_Claude Monet_New/The_Artist's_Garden_in_Argenteuil_1873.jpg	/Users/bear/Documents/CoWork/bear-textbooks/books/art/extracted/ARTZIP/R_63_Claude Monet_New/R_63_Claude Monet_New/The_Artist's_Garden_in_Argenteuil_1873.jpg	extracted
/Users/bear/Documents/CoWork/bear-textbooks/books/art/ARTZIP/R_63_Claude Monet_New.zip	R_63_Claude Monet_New/Woman_Seated_under_the_Willows_1880.jpg	/Users/bear/Documents/CoWork/bear-textbooks/books/art/extracted/ARTZIP/R_63_Claude Monet_New/R_63_Claude Monet_New/Woman_Seated_under_the_Willows_1880.jpg	extracted
/Users/bear/Documents/CoWork/bear-textbooks/books/art/ARTZIP/R_63_Claude Monet_New.zip	R_63_Claude Monet_New/Waterloo_Bridge_London_at_Dusk_1904.jpg	/Users/bear/Documents/CoWork/bear-textbooks/books/art/extracted/ARTZIP/R_63_Claude Monet_New/R_63_Claude Monet_New/Waterloo_Bridge_London_at_Dusk_1904.jpg	extracted
/Users/bear/Documents/CoWork/bear-textbooks/books/art/ARTZIP/R_63_Claude Monet_New.zip	R_63_Claude Monet_New/On_the_Boatt.jpg	/Users/bear/Documents/CoWork/bear-textbooks/books/art/extracted/ARTZIP/R_63_Claude Monet_New/R_63_Claude Monet_New/On_the_Boatt.jpg	extracted
/Users/bear/Documents/CoWork/bear-textbooks/books/art/ARTZIP/R_63_Claude Monet_New.zip	R_63_Claude Monet_New/Stack_of_Wheat_Snow_Effect_Overcast_Day.jpg	/Users/bear/Documents/CoWork/bear-textbooks/books/art/extracted/ARTZIP/R_63_Claude Monet_New/R_63_Claude Monet_New/Stack_of_Wheat_Snow_Effect_Overcast_Day.jpg	extracted
/Users/bear/Documents/CoWork/bear-textbooks/books/art/ARTZIP/R_63_Claude Monet_New.zip	R_63_Claude Monet_New/The_Japanese_Footbridge.jpg	/Users/bear/Documents/CoWork/bear-textbooks/books/art/extracted/ARTZIP/R_63_Claude Monet_New/R_63_Claude Monet_New/The_Japanese_Footbridge.jpg	extracted
/Users/bear/Documents/CoWork/bear-textbooks/books/art/ARTZIP/R_63_Claude Monet_New.zip	R_63_Claude Monet_New/Waterliliest_2.jpg	/Users/bear/Documents/CoWork/bear-textbooks/books/art/extracted/ARTZIP/R_63_Claude Monet_New/R_63_Claude Monet_New/Waterliliest_2.jpg	extracted
/Users/bear/Documents/CoWork/bear-textbooks/books/art/ARTZIP/R_63_Claude Monet_New.zip	R_63_Claude Monet_New/Gardener's_House_at_Antibes_1888.jpg	/Users/bear/Documents/CoWork/bear-textbooks/books/art/extracted/ARTZIP/R_63_Claude Monet_New/R_63_Claude Monet_New/Gardener's_House_at_Antibes_1888.jpg	extracted
/Users/bear/Documents/CoWork/bear-textbooks/books/art/ARTZIP/R_63_Claude Monet_New.zip	R_63_Claude Monet_New/Camille.jpg	/Users/bear/Documents/CoWork/bear-textbooks/books/art/extracted/ARTZIP/R_63_Claude Monet_New/R_63_Claude Monet_New/Camille.jpg	extracted
/Users/bear/Documents/CoWork/bear-textbooks/books/art/ARTZIP/R_63_Claude Monet_New.zip	R_63_Claude Monet_New/Le_Givre_1880.jpg	/Users/bear/Documents/CoWork/bear-textbooks/books/art/extracted/ARTZIP/R_63_Claude Monet_New/R_63_Claude Monet_New/Le_Givre_1880.jpg	extracted
/Users/bear/Documents/CoWork/bear-textbooks/books/art/ARTZIP/R_63_Claude Monet_New.zip	R_63_Claude Monet_New/Still_Life_with_Bottle_Carafe_Bread_and_Wine_c.1862-1863.jpg	/Users/bear/Documents/CoWork/bear-textbooks/books/art/extracted/ARTZIP/R_63_Claude Monet_New/R_63_Claude Monet_New/Still_Life_with_Bottle_Carafe_Bread_and_Wine_c.1862-1863.jpg	extracted
/Users/bear/Documents/CoWork/bear-textbooks/books/art/ARTZIP/R_63_Claude Monet_New.zip	R_63_Claude Monet_New/The_Cliff_of_Aval.jpg	/Users/bear/Documents/CoWork/bear-textbooks/books/art/extracted/ARTZIP/R_63_Claude Monet_New/R_63_Claude Monet_New/The_Cliff_of_Aval.jpg	extracted
/Users/bear/Documents/CoWork/bear-textbooks/books/art/ARTZIP/R_63_Claude Monet_New.zip	R_63_Claude Monet_New/Water_Liliest_cropped.jpg	/Users/bear/Documents/CoWork/bear-textbooks/books/art/extracted/ARTZIP/R_63_Claude Monet_New/R_63_Claude Monet_New/Water_Liliest_cropped.jpg	extracted
/Users/bear/Documents/CoWork/bear-textbooks/books/art/ARTZIP/R_63_Claude Monet_New.zip	R_63_Claude Monet_New/milieu_du_jour.jpg	/Users/bear/Documents/CoWork/bear-textbooks/books/art/extracted/ARTZIP/R_63_Claude Monet_New/R_63_Claude Monet_New/milieu_du_jour.jpg	extracted
/Users/bear/Documents/CoWork/bear-textbooks/books/art/ARTZIP/R_63_Claude Monet_New.zip	R_63_Claude Monet_New/Cliffs_at_Pourville_1882.jpg	/Users/bear/Documents/CoWork/bear-textbooks/books/art/extracted/ARTZIP/R_63_Claude Monet_New/R_63_Claude Monet_New/Cliffs_at_Pourville_1882.jpg	extracted
/Users/bear/Documents/CoWork/bear-textbooks/books/art/ARTZIP/R_63_Claude Monet_New.zip	R_63_Claude Monet_New/Apples_and_Grapes.jpg	/Users/bear/Documents/CoWork/bear-textbooks/books/art/extracted/ARTZIP/R_63_Claude Monet_New/R_63_Claude Monet_New/Apples_and_Grapes.jpg	extracted
/Users/bear/Documents/CoWork/bear-textbooks/books/art/ARTZIP/R_63_Claude Monet_New.zip	R_63_Claude Monet_New/Albertina_2018_The_Water_Lily_Pond.jpg	/Users/bear/Documents/CoWork/bear-textbooks/books/art/extracted/ARTZIP/R_63_Claude Monet_New/R_63_Claude Monet_New/Albertina_2018_The_Water_Lily_Pond.jpg	extracted
/Users/bear/Documents/CoWork/bear-textbooks/books/art/ARTZIP/R_63_Claude Monet_New.zip	R_63_Claude Monet_New/Antibes.jpg	/Users/bear/Documents/CoWork/bear-textbooks/books/art/extracted/ARTZIP/R_63_Claude Monet_New/R_63_Claude Monet_New/Antibes.jpg	extracted
/Users/bear/Documents/CoWork/bear-textbooks/books/art/ARTZIP/R_63_Claude Monet_New.zip	R_63_Claude Monet_New/L'E╠üte╠üt.jpg	/Users/bear/Documents/CoWork/bear-textbooks/books/art/extracted/ARTZIP/R_63_Claude Monet_New/R_63_Claude Monet_New/L'E╠üte╠üt.jpg	extracted
/Users/bear/Documents/CoWork/bear-textbooks/books/art/ARTZIP/R_63_Claude Monet_New.zip	R_63_Claude Monet_New/the-bodmer-oak-fontainebleau.jpg	/Users/bear/Documents/CoWork/bear-textbooks/books/art/extracted/ARTZIP/R_63_Claude Monet_New/R_63_Claude Monet_New/the-bodmer-oak-fontainebleau.jpg	extracted
/Users/bear/Documents/CoWork/bear-textbooks/books/art/ARTZIP/R_63_Claude Monet_New.zip	R_63_Claude Monet_New/Rouen_Cathedral_in_the_evening_1894.jpg	/Users/bear/Documents/CoWork/bear-textbooks/books/art/extracted/ARTZIP/R_63_Claude Monet_New/R_63_Claude Monet_New/Rouen_Cathedral_in_the_evening_1894.jpg	extracted
/Users/bear/Documents/CoWork/bear-textbooks/books/art/ARTZIP/R_63_Claude Monet_New.zip	R_63_Claude Monet_New/Stacks_of_Wheat_End_of_Day_Autumn.jpg	/Users/bear/Documents/CoWork/bear-textbooks/books/art/extracted/ARTZIP/R_63_Claude Monet_New/R_63_Claude Monet_New/Stacks_of_Wheat_End_of_Day_Autumn.jpg	extracted
/Users/bear/Documents/CoWork/bear-textbooks/books/art/ARTZIP/R_63_Claude Monet_New.zip	R_63_Claude Monet_New/Val-Saint-Nicolas_near_Dieppe.jpg	/Users/bear/Documents/CoWork/bear-textbooks/books/art/extracted/ARTZIP/R_63_Claude Monet_New/R_63_Claude Monet_New/Val-Saint-Nicolas_near_Dieppe.jpg	extracted
/Users/bear/Documents/CoWork/bear-textbooks/books/art/ARTZIP/R_63_Claude Monet_New.zip	R_63_Claude Monet_New/effet_de_neige_a_giverny.jpg	/Users/bear/Documents/CoWork/bear-textbooks/books/art/extracted/ARTZIP/R_63_Claude Monet_New/R_63_Claude Monet_New/effet_de_neige_a_giverny.jpg	extracted
/Users/bear/Documents/CoWork/bear-textbooks/books/art/ARTZIP/R_63_Claude Monet_New.zip	R_63_Claude Monet_New/The Japanese Footbridge.jpg	/Users/bear/Documents/CoWork/bear-textbooks/books/art/extracted/ARTZIP/R_63_Claude Monet_New/R_63_Claude Monet_New/The Japanese Footbridge.jpg	extracted
/Users/bear/Documents/CoWork/bear-textbooks/books/art/ARTZIP/R_63_Claude Monet_New.zip	R_63_Claude Monet_New/Yellow_Irisest.jpg	/Users/bear/Documents/CoWork/bear-textbooks/books/art/extracted/ARTZIP/R_63_Claude Monet_New/R_63_Claude Monet_New/Yellow_Irisest.jpg	extracted
/Users/bear/Documents/CoWork/bear-textbooks/books/art/ARTZIP/R_63_Claude Monet_New.zip	R_63_Claude Monet_New/Entre╠üe_du_port_de_Trouville.jpg	/Users/bear/Documents/CoWork/bear-textbooks/books/art/extracted/ARTZIP/R_63_Claude Monet_New/R_63_Claude Monet_New/Entre╠üe_du_port_de_Trouville.jpg	extracted
/Users/bear/Documents/CoWork/bear-textbooks/books/art/ARTZIP/R_63_Claude Monet_New.zip	R_63_Claude Monet_New/Bloemen_Rijksmuseum.jpg	/Users/bear/Documents/CoWork/bear-textbooks/books/art/extracted/ARTZIP/R_63_Claude Monet_New/R_63_Claude Monet_New/Bloemen_Rijksmuseum.jpg	extracted
/Users/bear/Documents/CoWork/bear-textbooks/books/art/ARTZIP/R_63_Claude Monet_New.zip	R_63_Claude Monet_New/Chemin_de_halage_a╠Ç_Argenteuil_Towpath_at_Argenteuil_Winter_1875-1876.jpg	/Users/bear/Documents/CoWork/bear-textbooks/books/art/extracted/ARTZIP/R_63_Claude Monet_New/R_63_Claude Monet_New/Chemin_de_halage_a╠Ç_Argenteuil_Towpath_at_Argenteuil_Winter_1875-1876.jpg	extracted
/Users/bear/Documents/CoWork/bear-textbooks/books/art/ARTZIP/R_63_Claude Monet_New.zip	R_63_Claude Monet_New/Poplars_at_Giverny_Sunrise.jpg	/Users/bear/Documents/CoWork/bear-textbooks/books/art/extracted/ARTZIP/R_63_Claude Monet_New/R_63_Claude Monet_New/Poplars_at_Giverny_Sunrise.jpg	extracted
/Users/bear/Documents/CoWork/bear-textbooks/books/art/ARTZIP/R_63_Claude Monet_New.zip	R_63_Claude Monet_New/la_seine_a_port-villez.jpg	/Users/bear/Documents/CoWork/bear-textbooks/books/art/extracted/ARTZIP/R_63_Claude Monet_New/R_63_Claude Monet_New/la_seine_a_port-villez.jpg	extracted
/Users/bear/Documents/CoWork/bear-textbooks/books/art/ARTZIP/R_63_Claude Monet_New.zip	R_63_Claude Monet_New/Cap_Martin_near_Menton_1884.jpg	/Users/bear/Documents/CoWork/bear-textbooks/books/art/extracted/ARTZIP/R_63_Claude Monet_New/R_63_Claude Monet_New/Cap_Martin_near_Menton_1884.jpg	extracted
/Users/bear/Documents/CoWork/bear-textbooks/books/art/ARTZIP/R_63_Claude Monet_New.zip	R_63_Claude Monet_New/The_Parc_Monceau.jpg	/Users/bear/Documents/CoWork/bear-textbooks/books/art/extracted/ARTZIP/R_63_Claude Monet_New/R_63_Claude Monet_New/The_Parc_Monceau.jpg	extracted
/Users/bear/Documents/CoWork/bear-textbooks/books/art/ARTZIP/R_63_Claude Monet_New.zip	R_63_Claude Monet_New/Pine Trees.jpg	/Users/bear/Documents/CoWork/bear-textbooks/books/art/extracted/ARTZIP/R_63_Claude Monet_New/R_63_Claude Monet_New/Pine Trees.jpg	extracted
/Users/bear/Documents/CoWork/bear-textbooks/books/art/ARTZIP/R_63_Claude Monet_New.zip	R_63_Claude Monet_New/Hyde_Park_c.1871.jpg	/Users/bear/Documents/CoWork/bear-textbooks/books/art/extracted/ARTZIP/R_63_Claude Monet_New/R_63_Claude Monet_New/Hyde_Park_c.1871.jpg	extracted
/Users/bear/Documents/CoWork/bear-textbooks/books/art/ARTZIP/R_63_Claude Monet_New.zip	R_63_Claude Monet_New/View_of_Ve╠ütheuil.jpg	/Users/bear/Documents/CoWork/bear-textbooks/books/art/extracted/ARTZIP/R_63_Claude Monet_New/R_63_Claude Monet_New/View_of_Ve╠ütheuil.jpg	extracted
/Users/bear/Documents/CoWork/bear-textbooks/books/art/ARTZIP/R_63_Claude Monet_New.zip	R_63_Claude Monet_New/Charing_Cross_Bridget 2.jpg	/Users/bear/Documents/CoWork/bear-textbooks/books/art/extracted/ARTZIP/R_63_Claude Monet_New/R_63_Claude Monet_New/Charing_Cross_Bridget 2.jpg	extracted
/Users/bear/Documents/CoWork/bear-textbooks/books/art/ARTZIP/R_63_Claude Monet_New.zip	R_63_Claude Monet_New/Cliff_Walk_at_Pourvillet.jpg	/Users/bear/Documents/CoWork/bear-textbooks/books/art/extracted/ARTZIP/R_63_Claude Monet_New/R_63_Claude Monet_New/Cliff_Walk_at_Pourvillet.jpg	extracted
/Users/bear/Documents/CoWork/bear-textbooks/books/art/ARTZIP/R_63_Claude Monet_New.zip	R_63_Claude Monet_New/Street_in_Sainte-Adresse_1867.jpg	/Users/bear/Documents/CoWork/bear-textbooks/books/art/extracted/ARTZIP/R_63_Claude Monet_New/R_63_Claude Monet_New/Street_in_Sainte-Adresse_1867.jpg	extracted
/Users/bear/Documents/CoWork/bear-textbooks/books/art/ARTZIP/R_63_Claude Monet_New.zip	R_63_Claude Monet_New/The_Manneporte_near_E╠ütretat.jpg	/Users/bear/Documents/CoWork/bear-textbooks/books/art/extracted/ARTZIP/R_63_Claude Monet_New/R_63_Claude Monet_New/The_Manneporte_near_E╠ütretat.jpg	extracted
/Users/bear/Documents/CoWork/bear-textbooks/books/art/ARTZIP/R_63_Claude Monet_New.zip	R_63_Claude Monet_New/Ve╠ütheuilt_1.jpg	/Users/bear/Documents/CoWork/bear-textbooks/books/art/extracted/ARTZIP/R_63_Claude Monet_New/R_63_Claude Monet_New/Ve╠ütheuilt_1.jpg	extracted
/Users/bear/Documents/CoWork/bear-textbooks/books/art/ARTZIP/R_63_Claude Monet_New.zip	R_63_Claude Monet_New/The_Seine_at_Lavacourt.jpg	/Users/bear/Documents/CoWork/bear-textbooks/books/art/extracted/ARTZIP/R_63_Claude Monet_New/R_63_Claude Monet_New/The_Seine_at_Lavacourt.jpg	extracted
/Users/bear/Documents/CoWork/bear-textbooks/books/art/ARTZIP/R_63_Claude Monet_New.zip	R_63_Claude Monet_New/Rouen_Cathedral_The_Portal_Sunlight.jpg	/Users/bear/Documents/CoWork/bear-textbooks/books/art/extracted/ARTZIP/R_63_Claude Monet_New/R_63_Claude Monet_New/Rouen_Cathedral_The_Portal_Sunlight.jpg	extracted
/Users/bear/Documents/CoWork/bear-textbooks/books/art/ARTZIP/R_63_Claude Monet_New.zip	R_63_Claude Monet_New/The_Doges_Palace.jpg	/Users/bear/Documents/CoWork/bear-textbooks/books/art/extracted/ARTZIP/R_63_Claude Monet_New/R_63_Claude Monet_New/The_Doges_Palace.jpg	extracted
/Users/bear/Documents/CoWork/bear-textbooks/books/art/ARTZIP/R_63_Claude Monet_New.zip	R_63_Claude Monet_New/The_Departure_of_the_Boats_E╠ütretat.jpg	/Users/bear/Documents/CoWork/bear-textbooks/books/art/extracted/ARTZIP/R_63_Claude Monet_New/R_63_Claude Monet_New/The_Departure_of_the_Boats_E╠ütretat.jpg	extracted
/Users/bear/Documents/CoWork/bear-textbooks/books/art/ARTZIP/R_63_Claude Monet_New.zip	R_63_Claude Monet_New/Houses_of_Parliament_Sunlight_Effect_Le_Parlement_effet_de_soleil.jpg	/Users/bear/Documents/CoWork/bear-textbooks/books/art/extracted/ARTZIP/R_63_Claude Monet_New/R_63_Claude Monet_New/Houses_of_Parliament_Sunlight_Effect_Le_Parlement_effet_de_soleil.jpg	extracted
/Users/bear/Documents/CoWork/bear-textbooks/books/art/ARTZIP/R_63_Claude Monet_New.zip	R_63_Claude Monet_New/The_Red_Kerchief.jpg	/Users/bear/Documents/CoWork/bear-textbooks/books/art/extracted/ARTZIP/R_63_Claude Monet_New/R_63_Claude Monet_New/The_Red_Kerchief.jpg	extracted
/Users/bear/Documents/CoWork/bear-textbooks/books/art/ARTZIP/R_63_Claude Monet_New.zip	R_63_Claude Monet_New/Stacks_of_Wheat_Sunset_Snow_Effect.jpg	/Users/bear/Documents/CoWork/bear-textbooks/books/art/extracted/ARTZIP/R_63_Claude Monet_New/R_63_Claude Monet_New/Stacks_of_Wheat_Sunset_Snow_Effect.jpg	extracted
/Users/bear/Documents/CoWork/bear-textbooks/books/art/ARTZIP/R_63_Claude Monet_New.zip	R_63_Claude Monet_New/Boats_on_the_Beach_at_E╠ütretat.jpg	/Users/bear/Documents/CoWork/bear-textbooks/books/art/extracted/ARTZIP/R_63_Claude Monet_New/R_63_Claude Monet_New/Boats_on_the_Beach_at_E╠ütretat.jpg	extracted
/Users/bear/Documents/CoWork/bear-textbooks/books/art/ARTZIP/R_63_Claude Monet_New.zip	R_63_Claude Monet_New/Voiliers_sur_la_Seine_1874.jpg	/Users/bear/Documents/CoWork/bear-textbooks/books/art/extracted/ARTZIP/R_63_Claude Monet_New/R_63_Claude Monet_New/Voiliers_sur_la_Seine_1874.jpg	extracted
/Users/bear/Documents/CoWork/bear-textbooks/books/art/ARTZIP/R_63_Claude Monet_New.zip	R_63_Claude Monet_New/Palm_Trees_at_Bordighera.jpg	/Users/bear/Documents/CoWork/bear-textbooks/books/art/extracted/ARTZIP/R_63_Claude Monet_New/R_63_Claude Monet_New/Palm_Trees_at_Bordighera.jpg	extracted
/Users/bear/Documents/CoWork/bear-textbooks/books/art/ARTZIP/R_63_Claude Monet_New.zip	R_63_Claude Monet_New/The_Water_Lilies_-_Green_Reflectionst.jpg	/Users/bear/Documents/CoWork/bear-textbooks/books/art/extracted/ARTZIP/R_63_Claude Monet_New/R_63_Claude Monet_New/The_Water_Lilies_-_Green_Reflectionst.jpg	extracted
/Users/bear/Documents/CoWork/bear-textbooks/books/art/ARTZIP/R_63_Claude Monet_New.zip	R_63_Claude Monet_New/Port_of_Le_Havret.jpg	/Users/bear/Documents/CoWork/bear-textbooks/books/art/extracted/ARTZIP/R_63_Claude Monet_New/R_63_Claude Monet_New/Port_of_Le_Havret.jpg	extracted
/Users/bear/Documents/CoWork/bear-textbooks/books/art/ARTZIP/R_63_Claude Monet_New.zip	R_63_Claude Monet_New/waterloo_bridge_soleil.jpg	/Users/bear/Documents/CoWork/bear-textbooks/books/art/extracted/ARTZIP/R_63_Claude Monet_New/R_63_Claude Monet_New/waterloo_bridge_soleil.jpg	extracted
/Users/bear/Documents/CoWork/bear-textbooks/books/art/ARTZIP/R_63_Claude Monet_New.zip	R_63_Claude Monet_New/Walk_Road_of_the_Farm_Saint-Sime╠üon.jpg	/Users/bear/Documents/CoWork/bear-textbooks/books/art/extracted/ARTZIP/R_63_Claude Monet_New/R_63_Claude Monet_New/Walk_Road_of_the_Farm_Saint-Sime╠üon.jpg	extracted
/Users/bear/Documents/CoWork/bear-textbooks/books/art/ARTZIP/R_63_Claude Monet_New.zip	R_63_Claude Monet_New/Neige_a╠Ç_Argenteuil_1874-75.jpg	/Users/bear/Documents/CoWork/bear-textbooks/books/art/extracted/ARTZIP/R_63_Claude Monet_New/R_63_Claude Monet_New/Neige_a╠Ç_Argenteuil_1874-75.jpg	extracted
/Users/bear/Documents/CoWork/bear-textbooks/books/art/ARTZIP/R_63_Claude Monet_New.zip	R_63_Claude Monet_New/The_Water_Lilies_-_The_Two_Willowst.jpg	/Users/bear/Documents/CoWork/bear-textbooks/books/art/extracted/ARTZIP/R_63_Claude Monet_New/R_63_Claude Monet_New/The_Water_Lilies_-_The_Two_Willowst.jpg	extracted
/Users/bear/Documents/CoWork/bear-textbooks/books/art/ARTZIP/R_63_Claude Monet_New.zip	R_63_Claude Monet_New/Flowering_Plum_Treest.jpg	/Users/bear/Documents/CoWork/bear-textbooks/books/art/extracted/ARTZIP/R_63_Claude Monet_New/R_63_Claude Monet_New/Flowering_Plum_Treest.jpg	extracted
/Users/bear/Documents/CoWork/bear-textbooks/books/art/ARTZIP/R_63_Claude Monet_New.zip	R_63_Claude Monet_New/Charing_Cross_Bridget.jpg	/Users/bear/Documents/CoWork/bear-textbooks/books/art/extracted/ARTZIP/R_63_Claude Monet_New/R_63_Claude Monet_New/Charing_Cross_Bridget.jpg	extracted
/Users/bear/Documents/CoWork/bear-textbooks/books/art/ARTZIP/R_63_Claude Monet_New.zip	R_63_Claude Monet_New/leglise_a_vetheuil.jpg	/Users/bear/Documents/CoWork/bear-textbooks/books/art/extracted/ARTZIP/R_63_Claude Monet_New/R_63_Claude Monet_New/leglise_a_vetheuil.jpg	extracted
/Users/bear/Documents/CoWork/bear-textbooks/books/art/ARTZIP/R_63_Claude Monet_New.zip	R_63_Claude Monet_New/Haystackst.jpg	/Users/bear/Documents/CoWork/bear-textbooks/books/art/extracted/ARTZIP/R_63_Claude Monet_New/R_63_Claude Monet_New/Haystackst.jpg	extracted
/Users/bear/Documents/CoWork/bear-textbooks/books/art/ARTZIP/R_63_Claude Monet_New.zip	R_63_Claude Monet_New/Eine_Allee_in_Monets_Garten_in_Giverny_1902.jpg	/Users/bear/Documents/CoWork/bear-textbooks/books/art/extracted/ARTZIP/R_63_Claude Monet_New/R_63_Claude Monet_New/Eine_Allee_in_Monets_Garten_in_Giverny_1902.jpg	extracted
/Users/bear/Documents/CoWork/bear-textbooks/books/art/ARTZIP/R_63_Claude Monet_New.zip	R_63_Claude Monet_New/The_Stroller.jpg	/Users/bear/Documents/CoWork/bear-textbooks/books/art/extracted/ARTZIP/R_63_Claude Monet_New/R_63_Claude Monet_New/The_Stroller.jpg	extracted
/Users/bear/Documents/CoWork/bear-textbooks/books/art/ARTZIP/R_63_Claude Monet_New.zip	R_63_Claude Monet_New/Nymphe╠üas.jpg	/Users/bear/Documents/CoWork/bear-textbooks/books/art/extracted/ARTZIP/R_63_Claude Monet_New/R_63_Claude Monet_New/Nymphe╠üas.jpg	extracted
/Users/bear/Documents/CoWork/bear-textbooks/books/art/ARTZIP/R_63_Claude Monet_New.zip	R_63_Claude Monet_New/A_Seascape_Shipping_by_Moonlightt.jpg	/Users/bear/Documents/CoWork/bear-textbooks/books/art/extracted/ARTZIP/R_63_Claude Monet_New/R_63_Claude Monet_New/A_Seascape_Shipping_by_Moonlightt.jpg	extracted
/Users/bear/Documents/CoWork/bear-textbooks/books/art/ARTZIP/R_63_Claude Monet_New.zip	R_63_Claude Monet_New/Landscape_The_Parc_Monceau.jpg	/Users/bear/Documents/CoWork/bear-textbooks/books/art/extracted/ARTZIP/R_63_Claude Monet_New/R_63_Claude Monet_New/Landscape_The_Parc_Monceau.jpg	extracted
/Users/bear/Documents/CoWork/bear-textbooks/books/art/ARTZIP/R_63_Claude Monet_New.zip	R_63_Claude Monet_New/Regattas_at_Argenteuilt.jpg	/Users/bear/Documents/CoWork/bear-textbooks/books/art/extracted/ARTZIP/R_63_Claude Monet_New/R_63_Claude Monet_New/Regattas_at_Argenteuilt.jpg	extracted
/Users/bear/Documents/CoWork/bear-textbooks/books/art/ARTZIP/R_63_Claude Monet_New.zip	R_63_Claude Monet_New/Sur_les_planches_de_Trouville_ho╠étel_des_Roches_Noires.jpg	/Users/bear/Documents/CoWork/bear-textbooks/books/art/extracted/ARTZIP/R_63_Claude Monet_New/R_63_Claude Monet_New/Sur_les_planches_de_Trouville_ho╠étel_des_Roches_Noires.jpg	extracted
/Users/bear/Documents/CoWork/bear-textbooks/books/art/ARTZIP/R_63_Claude Monet_New.zip	R_63_Claude Monet_New/banks_fjord_christiania_1895.jpg	/Users/bear/Documents/CoWork/bear-textbooks/books/art/extracted/ARTZIP/R_63_Claude Monet_New/R_63_Claude Monet_New/banks_fjord_christiania_1895.jpg	extracted
/Users/bear/Documents/CoWork/bear-textbooks/books/art/ARTZIP/R_63_Claude Monet_New.zip	R_63_Claude Monet_New/Heavy_Sea_at_Pourvillet.jpg	/Users/bear/Documents/CoWork/bear-textbooks/books/art/extracted/ARTZIP/R_63_Claude Monet_New/R_63_Claude Monet_New/Heavy_Sea_at_Pourvillet.jpg	extracted
/Users/bear/Documents/CoWork/bear-textbooks/books/art/ARTZIP/R_63_Claude Monet_New.zip	R_63_Claude Monet_New/Falaise_de_Pourville_le_matin.jpg	/Users/bear/Documents/CoWork/bear-textbooks/books/art/extracted/ARTZIP/R_63_Claude Monet_New/R_63_Claude Monet_New/Falaise_de_Pourville_le_matin.jpg	extracted
/Users/bear/Documents/CoWork/bear-textbooks/books/art/ARTZIP/R_63_Claude Monet_New.zip	R_63_Claude Monet_New/Waterloo_Bridge_Gray_Day_1903.jpg	/Users/bear/Documents/CoWork/bear-textbooks/books/art/extracted/ARTZIP/R_63_Claude Monet_New/R_63_Claude Monet_New/Waterloo_Bridge_Gray_Day_1903.jpg	extracted
/Users/bear/Documents/CoWork/bear-textbooks/books/art/ARTZIP/R_63_Claude Monet_New.zip	R_63_Claude Monet_New/Under_the_Pines_evening_1888.jpg	/Users/bear/Documents/CoWork/bear-textbooks/books/art/extracted/ARTZIP/R_63_Claude Monet_New/R_63_Claude Monet_New/Under_the_Pines_evening_1888.jpg	extracted
/Users/bear/Documents/CoWork/bear-textbooks/books/art/ARTZIP/R_63_Claude Monet_New.zip	R_63_Claude Monet_New/View of Ve╠ütheuil .jpg	/Users/bear/Documents/CoWork/bear-textbooks/books/art/extracted/ARTZIP/R_63_Claude Monet_New/R_63_Claude Monet_New/View of Ve╠ütheuil .jpg	extracted
/Users/bear/Documents/CoWork/bear-textbooks/books/art/ARTZIP/R_63_Claude Monet_New.zip	R_63_Claude Monet_New/Morning_Haze_1888.jpg	/Users/bear/Documents/CoWork/bear-textbooks/books/art/extracted/ARTZIP/R_63_Claude Monet_New/R_63_Claude Monet_New/Morning_Haze_1888.jpg	extracted
/Users/bear/Documents/CoWork/bear-textbooks/books/art/ARTZIP/R_63_Claude Monet_New.zip	R_63_Claude Monet_New/Blue_Water_Liliest.jpg	/Users/bear/Documents/CoWork/bear-textbooks/books/art/extracted/ARTZIP/R_63_Claude Monet_New/R_63_Claude Monet_New/Blue_Water_Liliest.jpg	extracted
/Users/bear/Documents/CoWork/bear-textbooks/books/art/ARTZIP/R_63_Claude Monet_New.zip	R_63_Claude Monet_New/Rouen_Cathedrale_Belgrade.jpg	/Users/bear/Documents/CoWork/bear-textbooks/books/art/extracted/ARTZIP/R_63_Claude Monet_New/R_63_Claude Monet_New/Rouen_Cathedrale_Belgrade.jpg	extracted
/Users/bear/Documents/CoWork/bear-textbooks/books/art/ARTZIP/R_63_Claude Monet_New.zip	R_63_Claude Monet_New/Ve╠ütheuil_in_Summer.jpg	/Users/bear/Documents/CoWork/bear-textbooks/books/art/extracted/ARTZIP/R_63_Claude Monet_New/R_63_Claude Monet_New/Ve╠ütheuil_in_Summer.jpg	extracted
/Users/bear/Documents/CoWork/bear-textbooks/books/art/ARTZIP/R_63_Claude Monet_New.zip	R_63_Claude Monet_New/Study_of_Five_Boys_circa_1864.jpg	/Users/bear/Documents/CoWork/bear-textbooks/books/art/extracted/ARTZIP/R_63_Claude Monet_New/R_63_Claude Monet_New/Study_of_Five_Boys_circa_1864.jpg	extracted
/Users/bear/Documents/CoWork/bear-textbooks/books/art/ARTZIP/R_63_Claude Monet_New.zip	R_63_Claude Monet_New/Poplarst.jpg	/Users/bear/Documents/CoWork/bear-textbooks/books/art/extracted/ARTZIP/R_63_Claude Monet_New/R_63_Claude Monet_New/Poplarst.jpg	extracted
/Users/bear/Documents/CoWork/bear-textbooks/books/art/ARTZIP/R_63_Claude Monet_New.zip	R_63_Claude Monet_New/Poppy_Fieldt.jpg	/Users/bear/Documents/CoWork/bear-textbooks/books/art/extracted/ARTZIP/R_63_Claude Monet_New/R_63_Claude Monet_New/Poppy_Fieldt.jpg	extracted
/Users/bear/Documents/CoWork/bear-textbooks/books/art/ARTZIP/R_63_Claude Monet_New.zip	R_63_Claude Monet_New/Water_Lilies_and_Japanese_Bridget.jpg	/Users/bear/Documents/CoWork/bear-textbooks/books/art/extracted/ARTZIP/R_63_Claude Monet_New/R_63_Claude Monet_New/Water_Lilies_and_Japanese_Bridget.jpg	extracted
/Users/bear/Documents/CoWork/bear-textbooks/books/art/ARTZIP/R_63_Claude Monet_New.zip	R_63_Claude Monet_New/The_Water_Lily_Pond_c._1917-19.jpg	/Users/bear/Documents/CoWork/bear-textbooks/books/art/extracted/ARTZIP/R_63_Claude Monet_New/R_63_Claude Monet_New/The_Water_Lily_Pond_c._1917-19.jpg	extracted
/Users/bear/Documents/CoWork/bear-textbooks/books/art/ARTZIP/R_63_Claude Monet_New.zip	R_63_Claude Monet_New/Villas_at_Bordigherat.jpg	/Users/bear/Documents/CoWork/bear-textbooks/books/art/extracted/ARTZIP/R_63_Claude Monet_New/R_63_Claude Monet_New/Villas_at_Bordigherat.jpg	extracted
/Users/bear/Documents/CoWork/bear-textbooks/books/art/ARTZIP/R_63_Claude Monet_New.zip	R_63_Claude Monet_New/Ve╠ütheuilt.jpg	/Users/bear/Documents/CoWork/bear-textbooks/books/art/extracted/ARTZIP/R_63_Claude Monet_New/R_63_Claude Monet_New/Ve╠ütheuilt.jpg	extracted
/Users/bear/Documents/CoWork/bear-textbooks/books/art/ARTZIP/R_63_Claude Monet_New.zip	R_63_Claude Monet_New/Palazzo_da_Mula_Venice_1908.jpg	/Users/bear/Documents/CoWork/bear-textbooks/books/art/extracted/ARTZIP/R_63_Claude Monet_New/R_63_Claude Monet_New/Palazzo_da_Mula_Venice_1908.jpg	extracted
/Users/bear/Documents/CoWork/bear-textbooks/books/art/ARTZIP/R_63_Claude Monet_New.zip	R_63_Claude Monet_New/Japanese_Bridge.jpg	/Users/bear/Documents/CoWork/bear-textbooks/books/art/extracted/ARTZIP/R_63_Claude Monet_New/R_63_Claude Monet_New/Japanese_Bridge.jpg	extracted
/Users/bear/Documents/CoWork/bear-textbooks/books/art/ARTZIP/R_63_Claude Monet_New.zip	R_63_Claude Monet_New/water-lilies_1919.jpg	/Users/bear/Documents/CoWork/bear-textbooks/books/art/extracted/ARTZIP/R_63_Claude Monet_New/R_63_Claude Monet_New/water-lilies_1919.jpg	extracted
/Users/bear/Documents/CoWork/bear-textbooks/books/art/ARTZIP/R_63_Claude Monet_New.zip	R_63_Claude Monet_New/Charing-Cross_Bridge_in_Londont.jpg	/Users/bear/Documents/CoWork/bear-textbooks/books/art/extracted/ARTZIP/R_63_Claude Monet_New/R_63_Claude Monet_New/Charing-Cross_Bridge_in_Londont.jpg	extracted
/Users/bear/Documents/CoWork/bear-textbooks/books/art/ARTZIP/R_63_Claude Monet_New.zip	R_63_Claude Monet_New/The_Thames_at_Westminster_1871.jpg	/Users/bear/Documents/CoWork/bear-textbooks/books/art/extracted/ARTZIP/R_63_Claude Monet_New/R_63_Claude Monet_New/The_Thames_at_Westminster_1871.jpg	extracted
/Users/bear/Documents/CoWork/bear-textbooks/books/art/ARTZIP/R_63_Claude Monet_New.zip	R_63_Claude Monet_New/Weeping_Willowt.jpg	/Users/bear/Documents/CoWork/bear-textbooks/books/art/extracted/ARTZIP/R_63_Claude Monet_New/R_63_Claude Monet_New/Weeping_Willowt.jpg	extracted
/Users/bear/Documents/CoWork/bear-textbooks/books/art/ARTZIP/R_63_Claude Monet_New.zip	R_63_Claude Monet_New/The_Bodmer_Oak.jpg	/Users/bear/Documents/CoWork/bear-textbooks/books/art/extracted/ARTZIP/R_63_Claude Monet_New/R_63_Claude Monet_New/The_Bodmer_Oak.jpg	extracted
/Users/bear/Documents/CoWork/bear-textbooks/books/art/ARTZIP/R_63_Claude Monet_New.zip	R_63_Claude Monet_New/Les_maisons_bleues.jpg	/Users/bear/Documents/CoWork/bear-textbooks/books/art/extracted/ARTZIP/R_63_Claude Monet_New/R_63_Claude Monet_New/Les_maisons_bleues.jpg	extracted
/Users/bear/Documents/CoWork/bear-textbooks/books/art/ARTZIP/R_63_Claude Monet_New.zip	R_63_Claude Monet_New/The_Church_at_Varengeville_Grey_Weather_1882.jpg	/Users/bear/Documents/CoWork/bear-textbooks/books/art/extracted/ARTZIP/R_63_Claude Monet_New/R_63_Claude Monet_New/The_Church_at_Varengeville_Grey_Weather_1882.jpg	extracted
/Users/bear/Documents/CoWork/bear-textbooks/books/art/ARTZIP/R_63_Claude Monet_New.zip	R_63_Claude Monet_New/Jardin_a╠Ç_Sainte-Adresse.jpg	/Users/bear/Documents/CoWork/bear-textbooks/books/art/extracted/ARTZIP/R_63_Claude Monet_New/R_63_Claude Monet_New/Jardin_a╠Ç_Sainte-Adresse.jpg	extracted
/Users/bear/Documents/CoWork/bear-textbooks/books/art/ARTZIP/R_63_Claude Monet_New.zip	R_63_Claude Monet_New/Bathers_at_La_Grenouille╠Çre.jpg	/Users/bear/Documents/CoWork/bear-textbooks/books/art/extracted/ARTZIP/R_63_Claude Monet_New/R_63_Claude Monet_New/Bathers_at_La_Grenouille╠Çre.jpg	extracted
/Users/bear/Documents/CoWork/bear-textbooks/books/art/ARTZIP/R_63_Claude Monet_New.zip	R_63_Claude Monet_New/Le_Pont_d'Argenteuil.jpg	/Users/bear/Documents/CoWork/bear-textbooks/books/art/extracted/ARTZIP/R_63_Claude Monet_New/R_63_Claude Monet_New/Le_Pont_d'Argenteuil.jpg	extracted
/Users/bear/Documents/CoWork/bear-textbooks/books/art/ARTZIP/R_63_Claude Monet_New.zip	R_63_Claude Monet_New/Bassin_d'Argenteuilt.jpg	/Users/bear/Documents/CoWork/bear-textbooks/books/art/extracted/ARTZIP/R_63_Claude Monet_New/R_63_Claude Monet_New/Bassin_d'Argenteuilt.jpg	extracted
/Users/bear/Documents/CoWork/bear-textbooks/books/art/ARTZIP/R_63_Claude Monet_New.zip	R_63_Claude Monet_New/impression_sunrise_1872.jpg	/Users/bear/Documents/CoWork/bear-textbooks/books/art/extracted/ARTZIP/R_63_Claude Monet_New/R_63_Claude Monet_New/impression_sunrise_1872.jpg	extracted
/Users/bear/Documents/CoWork/bear-textbooks/books/art/ARTZIP/R_63_Claude Monet_New.zip	R_63_Claude Monet_New/Sainte-Adresse_1867.jpg	/Users/bear/Documents/CoWork/bear-textbooks/books/art/extracted/ARTZIP/R_63_Claude Monet_New/R_63_Claude Monet_New/Sainte-Adresse_1867.jpg	extracted
/Users/bear/Documents/CoWork/bear-textbooks/books/art/ARTZIP/R_63_Claude Monet_New.zip	R_63_Claude Monet_New/Morning_on_the_Seinet_01.jpg	/Users/bear/Documents/CoWork/bear-textbooks/books/art/extracted/ARTZIP/R_63_Claude Monet_New/R_63_Claude Monet_New/Morning_on_the_Seinet_01.jpg	extracted
/Users/bear/Documents/CoWork/bear-textbooks/books/art/ARTZIP/R_63_Claude Monet_New.zip	R_63_Claude Monet_New/Rue Saint-Denis with Flags_1878.jpg	/Users/bear/Documents/CoWork/bear-textbooks/books/art/extracted/ARTZIP/R_63_Claude Monet_New/R_63_Claude Monet_New/Rue Saint-Denis with Flags_1878.jpg	extracted
/Users/bear/Documents/CoWork/bear-textbooks/books/art/ARTZIP/R_63_Claude Monet_New.zip	R_63_Claude Monet_New/la_berge_du_petit-gennevilliers_soleil_couchant.jpg	/Users/bear/Documents/CoWork/bear-textbooks/books/art/extracted/ARTZIP/R_63_Claude Monet_New/R_63_Claude Monet_New/la_berge_du_petit-gennevilliers_soleil_couchant.jpg	extracted
/Users/bear/Documents/CoWork/bear-textbooks/books/art/ARTZIP/R_63_Claude Monet_New.zip	R_63_Claude Monet_New/Spring_Flowers.jpg	/Users/bear/Documents/CoWork/bear-textbooks/books/art/extracted/ARTZIP/R_63_Claude Monet_New/R_63_Claude Monet_New/Spring_Flowers.jpg	extracted
/Users/bear/Documents/CoWork/bear-textbooks/books/art/ARTZIP/R_63_Claude Monet_New.zip	R_63_Claude Monet_New/Stack_of_Wheat.jpg	/Users/bear/Documents/CoWork/bear-textbooks/books/art/extracted/ARTZIP/R_63_Claude Monet_New/R_63_Claude Monet_New/Stack_of_Wheat.jpg	extracted
/Users/bear/Documents/CoWork/bear-textbooks/books/art/ARTZIP/R_63_Claude Monet_New.zip	R_63_Claude Monet_New/Bateau_couche╠ü_a╠Ç_mare╠üe_basse_1881.jpg	/Users/bear/Documents/CoWork/bear-textbooks/books/art/extracted/ARTZIP/R_63_Claude Monet_New/R_63_Claude Monet_New/Bateau_couche╠ü_a╠Ç_mare╠üe_basse_1881.jpg	extracted
/Users/bear/Documents/CoWork/bear-textbooks/books/art/ARTZIP/R_63_Claude Monet_New.zip	R_63_Claude Monet_New/Meule_pre╠Çs_de_Giverny_1889.jpg	/Users/bear/Documents/CoWork/bear-textbooks/books/art/extracted/ARTZIP/R_63_Claude Monet_New/R_63_Claude Monet_New/Meule_pre╠Çs_de_Giverny_1889.jpg	extracted
/Users/bear/Documents/CoWork/bear-textbooks/books/art/ARTZIP/R_63_Claude Monet_New.zip	R_63_Claude Monet_New/Nymphe╠üas_1905.jpg	/Users/bear/Documents/CoWork/bear-textbooks/books/art/extracted/ARTZIP/R_63_Claude Monet_New/R_63_Claude Monet_New/Nymphe╠üas_1905.jpg	extracted
/Users/bear/Documents/CoWork/bear-textbooks/books/art/ARTZIP/R_63_Claude Monet_New.zip	R_63_Claude Monet_New/Path_in_the_Wheat_Fields_at_Pourville.jpg	/Users/bear/Documents/CoWork/bear-textbooks/books/art/extracted/ARTZIP/R_63_Claude Monet_New/R_63_Claude Monet_New/Path_in_the_Wheat_Fields_at_Pourville.jpg	extracted
/Users/bear/Documents/CoWork/bear-textbooks/books/art/ARTZIP/R_63_Claude Monet_New.zip	R_63_Claude Monet_New/Ve╠ütheuil_1901.jpg	/Users/bear/Documents/CoWork/bear-textbooks/books/art/extracted/ARTZIP/R_63_Claude Monet_New/R_63_Claude Monet_New/Ve╠ütheuil_1901.jpg	extracted
/Users/bear/Documents/CoWork/bear-textbooks/books/art/ARTZIP/R_63_Claude Monet_New.zip	R_63_Claude Monet_New/Saint-Georges_majeur_au_cre╠üpuscule.jpg	/Users/bear/Documents/CoWork/bear-textbooks/books/art/extracted/ARTZIP/R_63_Claude Monet_New/R_63_Claude Monet_New/Saint-Georges_majeur_au_cre╠üpuscule.jpg	extracted
/Users/bear/Documents/CoWork/bear-textbooks/books/art/ARTZIP/R_63_Claude Monet_New.zip	R_63_Claude Monet_New/Low_Tide_at_Pourville.jpg	/Users/bear/Documents/CoWork/bear-textbooks/books/art/extracted/ARTZIP/R_63_Claude Monet_New/R_63_Claude Monet_New/Low_Tide_at_Pourville.jpg	extracted
/Users/bear/Documents/CoWork/bear-textbooks/books/art/ARTZIP/R_63_Claude Monet_New.zip	R_63_Claude Monet_New/Nymphe╠üas_W_1698.jpg	/Users/bear/Documents/CoWork/bear-textbooks/books/art/extracted/ARTZIP/R_63_Claude Monet_New/R_63_Claude Monet_New/Nymphe╠üas_W_1698.jpg	extracted
/Users/bear/Documents/CoWork/bear-textbooks/books/art/ARTZIP/R_63_Claude Monet_New.zip	R_63_Claude Monet_New/La_cathe╠üdrale_de_Rouen.jpg	/Users/bear/Documents/CoWork/bear-textbooks/books/art/extracted/ARTZIP/R_63_Claude Monet_New/R_63_Claude Monet_New/La_cathe╠üdrale_de_Rouen.jpg	extracted
/Users/bear/Documents/CoWork/bear-textbooks/books/art/ARTZIP/R_63_Claude Monet_New.zip	R_63_Claude Monet_New/Water_Lilies_Agapanthus.jpg	/Users/bear/Documents/CoWork/bear-textbooks/books/art/extracted/ARTZIP/R_63_Claude Monet_New/R_63_Claude Monet_New/Water_Lilies_Agapanthus.jpg	extracted
/Users/bear/Documents/CoWork/bear-textbooks/books/art/ARTZIP/R_63_Claude Monet_New.zip	R_63_Claude Monet_New/The_Coalment.jpg	/Users/bear/Documents/CoWork/bear-textbooks/books/art/extracted/ARTZIP/R_63_Claude Monet_New/R_63_Claude Monet_New/The_Coalment.jpg	extracted
/Users/bear/Documents/CoWork/bear-textbooks/books/art/ARTZIP/R_63_Claude Monet_New.zip	R_63_Claude Monet_New/Haystacks.jpg	/Users/bear/Documents/CoWork/bear-textbooks/books/art/extracted/ARTZIP/R_63_Claude Monet_New/R_63_Claude Monet_New/Haystacks.jpg	extracted
/Users/bear/Documents/CoWork/bear-textbooks/books/art/ARTZIP/R_63_Claude Monet_New.zip	R_63_Claude Monet_New/Grainstack_in_the_Sunlight_1891.jpg	/Users/bear/Documents/CoWork/bear-textbooks/books/art/extracted/ARTZIP/R_63_Claude Monet_New/R_63_Claude Monet_New/Grainstack_in_the_Sunlight_1891.jpg	extracted
/Users/bear/Documents/CoWork/bear-textbooks/books/art/ARTZIP/R_63_Claude Monet_New.zip	R_63_Claude Monet_New/Claude_Monnet.Coastal_landscape.jpg	/Users/bear/Documents/CoWork/bear-textbooks/books/art/extracted/ARTZIP/R_63_Claude Monet_New/R_63_Claude Monet_New/Claude_Monnet.Coastal_landscape.jpg	extracted
/Users/bear/Documents/CoWork/bear-textbooks/books/art/ARTZIP/R_63_Claude Monet_New.zip	R_63_Claude Monet_New/Der_Koch_Le_Pe╠Çre_Paul.jpg	/Users/bear/Documents/CoWork/bear-textbooks/books/art/extracted/ARTZIP/R_63_Claude Monet_New/R_63_Claude Monet_New/Der_Koch_Le_Pe╠Çre_Paul.jpg	extracted
/Users/bear/Documents/CoWork/bear-textbooks/books/art/ARTZIP/R_63_Claude Monet_New.zip	R_63_Claude Monet_New/Caricature_of_a_Man_with_a_Large_Nose_1855-56.jpg	/Users/bear/Documents/CoWork/bear-textbooks/books/art/extracted/ARTZIP/R_63_Claude Monet_New/R_63_Claude Monet_New/Caricature_of_a_Man_with_a_Large_Nose_1855-56.jpg	extracted
/Users/bear/Documents/CoWork/bear-textbooks/books/art/ARTZIP/R_63_Claude Monet_New.zip	R_63_Claude Monet_New/au_jardin_la_famille_de_lartiste.jpg	/Users/bear/Documents/CoWork/bear-textbooks/books/art/extracted/ARTZIP/R_63_Claude Monet_New/R_63_Claude Monet_New/au_jardin_la_famille_de_lartiste.jpg	extracted
/Users/bear/Documents/CoWork/bear-textbooks/books/art/ARTZIP/R_63_Claude Monet_New.zip	R_63_Claude Monet_New/Dr._Leclenche╠ü.jpg	/Users/bear/Documents/CoWork/bear-textbooks/books/art/extracted/ARTZIP/R_63_Claude Monet_New/R_63_Claude Monet_New/Dr._Leclenche╠ü.jpg	extracted
/Users/bear/Documents/CoWork/bear-textbooks/books/art/ARTZIP/R_63_Claude Monet_New.zip	R_63_Claude Monet_New/Fishing_nets_at_Pourvillet.jpg	/Users/bear/Documents/CoWork/bear-textbooks/books/art/extracted/ARTZIP/R_63_Claude Monet_New/R_63_Claude Monet_New/Fishing_nets_at_Pourvillet.jpg	extracted
/Users/bear/Documents/CoWork/bear-textbooks/books/art/ARTZIP/R_63_Claude Monet_New.zip	R_63_Claude Monet_New/The_Water_Lilies_-_Clear_Morning_with_Willowst.jpg	/Users/bear/Documents/CoWork/bear-textbooks/books/art/extracted/ARTZIP/R_63_Claude Monet_New/R_63_Claude Monet_New/The_Water_Lilies_-_Clear_Morning_with_Willowst.jpg	extracted
/Users/bear/Documents/CoWork/bear-textbooks/books/art/ARTZIP/R_63_Claude Monet_New.zip	R_63_Claude Monet_New/The Train in the Snow_1875.jpg	/Users/bear/Documents/CoWork/bear-textbooks/books/art/extracted/ARTZIP/R_63_Claude Monet_New/R_63_Claude Monet_New/The Train in the Snow_1875.jpg	extracted
/Users/bear/Documents/CoWork/bear-textbooks/books/art/ARTZIP/R_63_Claude Monet_New.zip	R_63_Claude Monet_New/Corner_of_Water_Lily_Pond.jpg	/Users/bear/Documents/CoWork/bear-textbooks/books/art/extracted/ARTZIP/R_63_Claude Monet_New/R_63_Claude Monet_New/Corner_of_Water_Lily_Pond.jpg	extracted
/Users/bear/Documents/CoWork/bear-textbooks/books/art/ARTZIP/R_63_Claude Monet_New.zip	R_63_Claude Monet_New/jeune_fille_dans_le_jardin_de_giverny.jpg	/Users/bear/Documents/CoWork/bear-textbooks/books/art/extracted/ARTZIP/R_63_Claude Monet_New/R_63_Claude Monet_New/jeune_fille_dans_le_jardin_de_giverny.jpg	extracted
/Users/bear/Documents/CoWork/bear-textbooks/books/art/ARTZIP/R_63_Claude Monet_New.zip	R_63_Claude Monet_New/Nymphe╠üas_Waterlilies.jpg	/Users/bear/Documents/CoWork/bear-textbooks/books/art/extracted/ARTZIP/R_63_Claude Monet_New/R_63_Claude Monet_New/Nymphe╠üas_Waterlilies.jpg	extracted
/Users/bear/Documents/CoWork/bear-textbooks/books/art/ARTZIP/R_63_Claude Monet_New.zip	R_63_Claude Monet_New/Woman_with_a_Parasol.jpg	/Users/bear/Documents/CoWork/bear-textbooks/books/art/extracted/ARTZIP/R_63_Claude Monet_New/R_63_Claude Monet_New/Woman_with_a_Parasol.jpg	extracted
/Users/bear/Documents/CoWork/bear-textbooks/books/art/ARTZIP/R_63_Claude Monet_New.zip	R_63_Claude Monet_New/canoaepte01.jpg	/Users/bear/Documents/CoWork/bear-textbooks/books/art/extracted/ARTZIP/R_63_Claude Monet_New/R_63_Claude Monet_New/canoaepte01.jpg	extracted
/Users/bear/Documents/CoWork/bear-textbooks/books/art/ARTZIP/R_63_Claude Monet_New.zip	R_63_Claude Monet_New/The Pont Neuf, Paris Jigsaw Puzzle_1873.jpg	/Users/bear/Documents/CoWork/bear-textbooks/books/art/extracted/ARTZIP/R_63_Claude Monet_New/R_63_Claude Monet_New/The Pont Neuf, Paris Jigsaw Puzzle_1873.jpg	extracted
/Users/bear/Documents/CoWork/bear-textbooks/books/art/ARTZIP/R_63_Claude Monet_New.zip	R_63_Claude Monet_New/La_Manneporte_E╠ütretat.jpg	/Users/bear/Documents/CoWork/bear-textbooks/books/art/extracted/ARTZIP/R_63_Claude Monet_New/R_63_Claude Monet_New/La_Manneporte_E╠ütretat.jpg	extracted
/Users/bear/Documents/CoWork/bear-textbooks/books/art/ARTZIP/R_63_Claude Monet_New.zip	R_63_Claude Monet_New/The_Saint-Lazare_Stationt.jpg	/Users/bear/Documents/CoWork/bear-textbooks/books/art/extracted/ARTZIP/R_63_Claude Monet_New/R_63_Claude Monet_New/The_Saint-Lazare_Stationt.jpg	extracted
/Users/bear/Documents/CoWork/bear-textbooks/books/art/ARTZIP/R_63_Claude Monet_New.zip	R_63_Claude Monet_New/The_Water-Lily_Pond.jpg	/Users/bear/Documents/CoWork/bear-textbooks/books/art/extracted/ARTZIP/R_63_Claude Monet_New/R_63_Claude Monet_New/The_Water-Lily_Pond.jpg	extracted
/Users/bear/Documents/CoWork/bear-textbooks/books/art/ARTZIP/R_63_Claude Monet_New.zip	R_63_Claude Monet_New/Haystacks-_Snow_Effectt.jpg	/Users/bear/Documents/CoWork/bear-textbooks/books/art/extracted/ARTZIP/R_63_Claude Monet_New/R_63_Claude Monet_New/Haystacks-_Snow_Effectt.jpg	extracted
/Users/bear/Documents/CoWork/bear-textbooks/books/art/ARTZIP/R_63_Claude Monet_New.zip	R_63_Claude Monet_New/Exte╠ürieur_de_la_gare_Saint-Lazare.jpg	/Users/bear/Documents/CoWork/bear-textbooks/books/art/extracted/ARTZIP/R_63_Claude Monet_New/R_63_Claude Monet_New/Exte╠ürieur_de_la_gare_Saint-Lazare.jpg	extracted
/Users/bear/Documents/CoWork/bear-textbooks/books/art/ARTZIP/R_63_Claude Monet_New.zip	R_63_Claude Monet_New/Boy_in_the_Country_1857.jpg	/Users/bear/Documents/CoWork/bear-textbooks/books/art/extracted/ARTZIP/R_63_Claude Monet_New/R_63_Claude Monet_New/Boy_in_the_Country_1857.jpg	extracted
/Users/bear/Documents/CoWork/bear-textbooks/books/art/ARTZIP/R_63_Claude Monet_New.zip	R_63_Claude Monet_New/Poppy_Field.jpg	/Users/bear/Documents/CoWork/bear-textbooks/books/art/extracted/ARTZIP/R_63_Claude Monet_New/R_63_Claude Monet_New/Poppy_Field.jpg	extracted
/Users/bear/Documents/CoWork/bear-textbooks/books/art/ARTZIP/R_63_Claude Monet_New.zip	R_63_Claude Monet_New/Ships_Riding_on_the_Seine_at_Rouen_by_1872.jpg	/Users/bear/Documents/CoWork/bear-textbooks/books/art/extracted/ARTZIP/R_63_Claude Monet_New/R_63_Claude Monet_New/Ships_Riding_on_the_Seine_at_Rouen_by_1872.jpg	extracted
/Users/bear/Documents/CoWork/bear-textbooks/books/art/ARTZIP/R_63_Claude Monet_New.zip	R_63_Claude Monet_New/E╠ütretat_Coucher_de_Soleil.jpg	/Users/bear/Documents/CoWork/bear-textbooks/books/art/extracted/ARTZIP/R_63_Claude Monet_New/R_63_Claude Monet_New/E╠ütretat_Coucher_de_Soleil.jpg	extracted
/Users/bear/Documents/CoWork/bear-textbooks/books/art/ARTZIP/R_63_Claude Monet_New.zip	R_63_Claude Monet_New/Das_Haus_in_den_Rosen.jpg	/Users/bear/Documents/CoWork/bear-textbooks/books/art/extracted/ARTZIP/R_63_Claude Monet_New/R_63_Claude Monet_New/Das_Haus_in_den_Rosen.jpg	extracted
/Users/bear/Documents/CoWork/bear-textbooks/books/art/ARTZIP/R_63_Claude Monet_New.zip	R_63_Claude Monet_New/Regnv├ªr_Etretatt.jpg	/Users/bear/Documents/CoWork/bear-textbooks/books/art/extracted/ARTZIP/R_63_Claude Monet_New/R_63_Claude Monet_New/Regnv├ªr_Etretatt.jpg	extracted
/Users/bear/Documents/CoWork/bear-textbooks/books/art/ARTZIP/R_63_Claude Monet_New.zip	R_63_Claude Monet_New/Banks_of_the_Seine_Ve╠ütheuil_1880.jpg	/Users/bear/Documents/CoWork/bear-textbooks/books/art/extracted/ARTZIP/R_63_Claude Monet_New/R_63_Claude Monet_New/Banks_of_the_Seine_Ve╠ütheuil_1880.jpg	extracted
/Users/bear/Documents/CoWork/bear-textbooks/books/art/ARTZIP/R_63_Claude Monet_New.zip	R_63_Claude Monet_New/The_Bridge_at_Argenteuil_1874.jpg	/Users/bear/Documents/CoWork/bear-textbooks/books/art/extracted/ARTZIP/R_63_Claude Monet_New/R_63_Claude Monet_New/The_Bridge_at_Argenteuil_1874.jpg	extracted
/Users/bear/Documents/CoWork/bear-textbooks/books/art/ARTZIP/R_63_Claude Monet_New.zip	R_63_Claude Monet_New/Still_Life_with_Pheasants_and_Ploverst.jpg	/Users/bear/Documents/CoWork/bear-textbooks/books/art/extracted/ARTZIP/R_63_Claude Monet_New/R_63_Claude Monet_New/Still_Life_with_Pheasants_and_Ploverst.jpg	extracted
/Users/bear/Documents/CoWork/bear-textbooks/books/art/ARTZIP/R_63_Claude Monet_New.zip	R_63_Claude Monet_New/la_plaine_de_gennevilliers.jpg	/Users/bear/Documents/CoWork/bear-textbooks/books/art/extracted/ARTZIP/R_63_Claude Monet_New/R_63_Claude Monet_New/la_plaine_de_gennevilliers.jpg	extracted
/Users/bear/Documents/CoWork/bear-textbooks/books/art/ARTZIP/R_63_Claude Monet_New.zip	R_63_Claude Monet_New/Le_Pont_de_Waterloo.jpg	/Users/bear/Documents/CoWork/bear-textbooks/books/art/extracted/ARTZIP/R_63_Claude Monet_New/R_63_Claude Monet_New/Le_Pont_de_Waterloo.jpg	extracted
/Users/bear/Documents/CoWork/bear-textbooks/books/art/ARTZIP/R_63_Claude Monet_New.zip	R_63_Claude Monet_New/The_Seine_at_Ve╠ütheuil.jpg	/Users/bear/Documents/CoWork/bear-textbooks/books/art/extracted/ARTZIP/R_63_Claude Monet_New/R_63_Claude Monet_New/The_Seine_at_Ve╠ütheuil.jpg	extracted
/Users/bear/Documents/CoWork/bear-textbooks/books/art/ARTZIP/R_63_Claude Monet_New.zip	R_63_Claude Monet_New/The_Houses_of_Parliament_Effect_of_Fog.jpg	/Users/bear/Documents/CoWork/bear-textbooks/books/art/extracted/ARTZIP/R_63_Claude Monet_New/R_63_Claude Monet_New/The_Houses_of_Parliament_Effect_of_Fog.jpg	extracted
/Users/bear/Documents/CoWork/bear-textbooks/books/art/ARTZIP/R_63_Claude Monet_New.zip	R_63_Claude Monet_New/Rouen_Cathedral_West_Fac╠ºade_Sunlightt.jpg	/Users/bear/Documents/CoWork/bear-textbooks/books/art/extracted/ARTZIP/R_63_Claude Monet_New/R_63_Claude Monet_New/Rouen_Cathedral_West_Fac╠ºade_Sunlightt.jpg	extracted
/Users/bear/Documents/CoWork/bear-textbooks/books/art/ARTZIP/R_63_Claude Monet_New.zip	R_63_Claude Monet_New/Pyramides_Port_Coton.jpg	/Users/bear/Documents/CoWork/bear-textbooks/books/art/extracted/ARTZIP/R_63_Claude Monet_New/R_63_Claude Monet_New/Pyramides_Port_Coton.jpg	extracted
/Users/bear/Documents/CoWork/bear-textbooks/books/art/ARTZIP/R_63_Claude Monet_New.zip	R_63_Claude Monet_New/The_Cradle_-_Camille_with_the_Artist's_Son_Jean_1867.jpg	/Users/bear/Documents/CoWork/bear-textbooks/books/art/extracted/ARTZIP/R_63_Claude Monet_New/R_63_Claude Monet_New/The_Cradle_-_Camille_with_the_Artist's_Son_Jean_1867.jpg	extracted
/Users/bear/Documents/CoWork/bear-textbooks/books/art/ARTZIP/R_63_Claude Monet_New.zip	R_63_Claude Monet_New/The_Petite_Creuse_River_1889.jpg	/Users/bear/Documents/CoWork/bear-textbooks/books/art/extracted/ARTZIP/R_63_Claude Monet_New/R_63_Claude Monet_New/The_Petite_Creuse_River_1889.jpg	extracted
/Users/bear/Documents/CoWork/bear-textbooks/books/art/ARTZIP/R_63_Claude Monet_New.zip	R_63_Claude Monet_New/Stacks_of_Wheat_1891.jpg	/Users/bear/Documents/CoWork/bear-textbooks/books/art/extracted/ARTZIP/R_63_Claude Monet_New/R_63_Claude Monet_New/Stacks_of_Wheat_1891.jpg	extracted
/Users/bear/Documents/CoWork/bear-textbooks/books/art/ARTZIP/R_63_Claude Monet_New.zip	R_63_Claude Monet_New/Poplars_on_the_Eptet.jpg	/Users/bear/Documents/CoWork/bear-textbooks/books/art/extracted/ARTZIP/R_63_Claude Monet_New/R_63_Claude Monet_New/Poplars_on_the_Eptet.jpg	extracted
/Users/bear/Documents/CoWork/bear-textbooks/books/art/ARTZIP/R_63_Claude Monet_New.zip	R_63_Claude Monet_New/Sailboats_on_the_Seine_detail_1874.jpg	/Users/bear/Documents/CoWork/bear-textbooks/books/art/extracted/ARTZIP/R_63_Claude Monet_New/R_63_Claude Monet_New/Sailboats_on_the_Seine_detail_1874.jpg	extracted
/Users/bear/Documents/CoWork/bear-textbooks/books/art/ARTZIP/R_63_Claude Monet_New.zip	R_63_Claude Monet_New/Shadows_on_the_Sea._The_Cliffs_at_Pourvillet.jpg	/Users/bear/Documents/CoWork/bear-textbooks/books/art/extracted/ARTZIP/R_63_Claude Monet_New/R_63_Claude Monet_New/Shadows_on_the_Sea._The_Cliffs_at_Pourvillet.jpg	extracted
/Users/bear/Documents/CoWork/bear-textbooks/books/art/ARTZIP/R_63_Claude Monet_New.zip	R_63_Claude Monet_New/San_Giorgio_Maggiore.jpg	/Users/bear/Documents/CoWork/bear-textbooks/books/art/extracted/ARTZIP/R_63_Claude Monet_New/R_63_Claude Monet_New/San_Giorgio_Maggiore.jpg	extracted
/Users/bear/Documents/CoWork/bear-textbooks/books/art/ARTZIP/R_63_Claude Monet_New.zip	R_63_Claude Monet_New/The_Water_Lilies_-_Tree_Reflectionst.jpg	/Users/bear/Documents/CoWork/bear-textbooks/books/art/extracted/ARTZIP/R_63_Claude Monet_New/R_63_Claude Monet_New/The_Water_Lilies_-_Tree_Reflectionst.jpg	extracted
/Users/bear/Documents/CoWork/bear-textbooks/books/art/ARTZIP/R_63_Claude Monet_New.zip	R_63_Claude Monet_New/The_Water_Lilies_-_The_Cloudst.jpg	/Users/bear/Documents/CoWork/bear-textbooks/books/art/extracted/ARTZIP/R_63_Claude Monet_New/R_63_Claude Monet_New/The_Water_Lilies_-_The_Cloudst.jpg	extracted
/Users/bear/Documents/CoWork/bear-textbooks/books/art/ARTZIP/R_63_Claude Monet_New.zip	R_63_Claude Monet_New/Aiguille_&_Porte_dΓÇÖAval_Etretat_-_Sunset_c.1883-85.jpg	/Users/bear/Documents/CoWork/bear-textbooks/books/art/extracted/ARTZIP/R_63_Claude Monet_New/R_63_Claude Monet_New/Aiguille_&_Porte_dΓÇÖAval_Etretat_-_Sunset_c.1883-85.jpg	extracted
/Users/bear/Documents/CoWork/bear-textbooks/books/art/ARTZIP/R_63_Claude Monet_New.zip	R_63_Claude Monet_New/The_Valley_of_the_Nervia.jpg	/Users/bear/Documents/CoWork/bear-textbooks/books/art/extracted/ARTZIP/R_63_Claude Monet_New/R_63_Claude Monet_New/The_Valley_of_the_Nervia.jpg	extracted
/Users/bear/Documents/CoWork/bear-textbooks/books/art/ARTZIP/R_63_Claude Monet_New.zip	R_63_Claude Monet_New/paris_marmottan_strand_trouville.jpg	/Users/bear/Documents/CoWork/bear-textbooks/books/art/extracted/ARTZIP/R_63_Claude Monet_New/R_63_Claude Monet_New/paris_marmottan_strand_trouville.jpg	extracted
/Users/bear/Documents/CoWork/bear-textbooks/books/art/ARTZIP/R_63_Claude Monet_New.zip	R_63_Claude Monet_New/The_Water_Lilies_-_Morningt.jpg	/Users/bear/Documents/CoWork/bear-textbooks/books/art/extracted/ARTZIP/R_63_Claude Monet_New/R_63_Claude Monet_New/The_Water_Lilies_-_Morningt.jpg	extracted
/Users/bear/Documents/CoWork/bear-textbooks/books/art/ARTZIP/R_63_Claude Monet_New.zip	R_63_Claude Monet_New/Automne_sur_la_Seine_Argenteuil_1873.jpg	/Users/bear/Documents/CoWork/bear-textbooks/books/art/extracted/ARTZIP/R_63_Claude Monet_New/R_63_Claude Monet_New/Automne_sur_la_Seine_Argenteuil_1873.jpg	extracted
/Users/bear/Documents/CoWork/bear-textbooks/books/art/ARTZIP/R_63_Claude Monet_New.zip	R_63_Claude Monet_New/On_the_Bank_of_the_Seine_Bennecourt.jpg	/Users/bear/Documents/CoWork/bear-textbooks/books/art/extracted/ARTZIP/R_63_Claude Monet_New/R_63_Claude Monet_New/On_the_Bank_of_the_Seine_Bennecourt.jpg	extracted
/Users/bear/Documents/CoWork/bear-textbooks/books/art/ARTZIP/R_63_Claude Monet_New.zip	R_63_Claude Monet_New/Countryside_landscape_with_trees.jpg	/Users/bear/Documents/CoWork/bear-textbooks/books/art/extracted/ARTZIP/R_63_Claude Monet_New/R_63_Claude Monet_New/Countryside_landscape_with_trees.jpg	extracted
/Users/bear/Documents/CoWork/bear-textbooks/books/art/ARTZIP/R_63_Claude Monet_New.zip	R_63_Claude Monet_New/The_Road_to_Ve╠ütheuilt.jpg	/Users/bear/Documents/CoWork/bear-textbooks/books/art/extracted/ARTZIP/R_63_Claude Monet_New/R_63_Claude Monet_New/The_Road_to_Ve╠ütheuilt.jpg	extracted
/Users/bear/Documents/CoWork/bear-textbooks/books/art/ARTZIP/R_63_Claude Monet_New.zip	R_63_Claude Monet_New/Bord_de_mer_et_falaises_de_Pourville_le_matin_1882.jpg	/Users/bear/Documents/CoWork/bear-textbooks/books/art/extracted/ARTZIP/R_63_Claude Monet_New/R_63_Claude Monet_New/Bord_de_mer_et_falaises_de_Pourville_le_matin_1882.jpg	extracted
/Users/bear/Documents/CoWork/bear-textbooks/books/art/ARTZIP/R_63_Claude Monet_New.zip	R_63_Claude Monet_New/The_Railroad_bridge_in_Argenteuilt.jpg	/Users/bear/Documents/CoWork/bear-textbooks/books/art/extracted/ARTZIP/R_63_Claude Monet_New/R_63_Claude Monet_New/The_Railroad_bridge_in_Argenteuilt.jpg	extracted
/Users/bear/Documents/CoWork/bear-textbooks/books/art/ARTZIP/R_63_Claude Monet_New.zip	R_63_Claude Monet_New/bateaux_dans_le_port_de_honfleur.jpg	/Users/bear/Documents/CoWork/bear-textbooks/books/art/extracted/ARTZIP/R_63_Claude Monet_New/R_63_Claude Monet_New/bateaux_dans_le_port_de_honfleur.jpg	extracted
/Users/bear/Documents/CoWork/bear-textbooks/books/art/ARTZIP/R_63_Claude Monet_New.zip	R_63_Claude Monet_New/Le_Grand_Canal_1.jpg	/Users/bear/Documents/CoWork/bear-textbooks/books/art/extracted/ARTZIP/R_63_Claude Monet_New/R_63_Claude Monet_New/Le_Grand_Canal_1.jpg	extracted
/Users/bear/Documents/CoWork/bear-textbooks/books/art/ARTZIP/R_63_Claude Monet_New.zip	R_63_Claude Monet_New/Tulpenvelden_vlak_bij_Den_Haag.jpg	/Users/bear/Documents/CoWork/bear-textbooks/books/art/extracted/ARTZIP/R_63_Claude Monet_New/R_63_Claude Monet_New/Tulpenvelden_vlak_bij_Den_Haag.jpg	extracted
/Users/bear/Documents/CoWork/bear-textbooks/books/art/ARTZIP/R_63_Claude Monet_New.zip	R_63_Claude Monet_New/The_Seine_at_Giverny_1897.jpg	/Users/bear/Documents/CoWork/bear-textbooks/books/art/extracted/ARTZIP/R_63_Claude Monet_New/R_63_Claude Monet_New/The_Seine_at_Giverny_1897.jpg	extracted
/Users/bear/Documents/CoWork/bear-textbooks/books/art/ARTZIP/R_63_Claude Monet_New.zip	R_63_Claude Monet_New/Water Lilies and Agapanthus_1923.jpg	/Users/bear/Documents/CoWork/bear-textbooks/books/art/extracted/ARTZIP/R_63_Claude Monet_New/R_63_Claude Monet_New/Water Lilies and Agapanthus_1923.jpg	extracted
/Users/bear/Documents/CoWork/bear-textbooks/books/art/ARTZIP/Self-portraits_Vincent van Gogh.zip	Self-portraits_Vincent van Gogh/Self-portraits_Vincent van Gogh_17.jpg	/Users/bear/Documents/CoWork/bear-textbooks/books/art/extracted/ARTZIP/Self-portraits_Vincent van Gogh/Self-portraits_Vincent van Gogh/Self-portraits_Vincent van Gogh_17.jpg	extracted
/Users/bear/Documents/CoWork/bear-textbooks/books/art/ARTZIP/Self-portraits_Vincent van Gogh.zip	Self-portraits_Vincent van Gogh/Self-portraits_Vincent van Gogh_16.jpg	/Users/bear/Documents/CoWork/bear-textbooks/books/art/extracted/ARTZIP/Self-portraits_Vincent van Gogh/Self-portraits_Vincent van Gogh/Self-portraits_Vincent van Gogh_16.jpg	extracted
/Users/bear/Documents/CoWork/bear-textbooks/books/art/ARTZIP/Self-portraits_Vincent van Gogh.zip	Self-portraits_Vincent van Gogh/Self-portraits_Vincent van Gogh_14.jpg	/Users/bear/Documents/CoWork/bear-textbooks/books/art/extracted/ARTZIP/Self-portraits_Vincent van Gogh/Self-portraits_Vincent van Gogh/Self-portraits_Vincent van Gogh_14.jpg	extracted
/Users/bear/Documents/CoWork/bear-textbooks/books/art/ARTZIP/Self-portraits_Vincent van Gogh.zip	Self-portraits_Vincent van Gogh/Self-portraits_Vincent van Gogh_28.jpg	/Users/bear/Documents/CoWork/bear-textbooks/books/art/extracted/ARTZIP/Self-portraits_Vincent van Gogh/Self-portraits_Vincent van Gogh/Self-portraits_Vincent van Gogh_28.jpg	extracted
/Users/bear/Documents/CoWork/bear-textbooks/books/art/ARTZIP/Self-portraits_Vincent van Gogh.zip	Self-portraits_Vincent van Gogh/Self-portraits_Vincent van Gogh_29.jpg	/Users/bear/Documents/CoWork/bear-textbooks/books/art/extracted/ARTZIP/Self-portraits_Vincent van Gogh/Self-portraits_Vincent van Gogh/Self-portraits_Vincent van Gogh_29.jpg	extracted
/Users/bear/Documents/CoWork/bear-textbooks/books/art/ARTZIP/Self-portraits_Vincent van Gogh.zip	Self-portraits_Vincent van Gogh/Self-portraits_Vincent van Gogh_15.jpg	/Users/bear/Documents/CoWork/bear-textbooks/books/art/extracted/ARTZIP/Self-portraits_Vincent van Gogh/Self-portraits_Vincent van Gogh/Self-portraits_Vincent van Gogh_15.jpg	extracted
/Users/bear/Documents/CoWork/bear-textbooks/books/art/ARTZIP/Self-portraits_Vincent van Gogh.zip	Self-portraits_Vincent van Gogh/Self-portraits_Vincent van Gogh_11.jpg	/Users/bear/Documents/CoWork/bear-textbooks/books/art/extracted/ARTZIP/Self-portraits_Vincent van Gogh/Self-portraits_Vincent van Gogh/Self-portraits_Vincent van Gogh_11.jpg	extracted
/Users/bear/Documents/CoWork/bear-textbooks/books/art/ARTZIP/Self-portraits_Vincent van Gogh.zip	Self-portraits_Vincent van Gogh/Self-portraits_Vincent van Gogh_10.jpg	/Users/bear/Documents/CoWork/bear-textbooks/books/art/extracted/ARTZIP/Self-portraits_Vincent van Gogh/Self-portraits_Vincent van Gogh/Self-portraits_Vincent van Gogh_10.jpg	extracted
/Users/bear/Documents/CoWork/bear-textbooks/books/art/ARTZIP/Self-portraits_Vincent van Gogh.zip	Self-portraits_Vincent van Gogh/Self-portraits_Vincent van Gogh_12.jpg	/Users/bear/Documents/CoWork/bear-textbooks/books/art/extracted/ARTZIP/Self-portraits_Vincent van Gogh/Self-portraits_Vincent van Gogh/Self-portraits_Vincent van Gogh_12.jpg	extracted
/Users/bear/Documents/CoWork/bear-textbooks/books/art/ARTZIP/Self-portraits_Vincent van Gogh.zip	Self-portraits_Vincent van Gogh/Self-portraits_Vincent van Gogh_13.jpg	/Users/bear/Documents/CoWork/bear-textbooks/books/art/extracted/ARTZIP/Self-portraits_Vincent van Gogh/Self-portraits_Vincent van Gogh/Self-portraits_Vincent van Gogh_13.jpg	extracted
/Users/bear/Documents/CoWork/bear-textbooks/books/art/ARTZIP/Self-portraits_Vincent van Gogh.zip	Self-portraits_Vincent van Gogh/Self-portraits_Vincent van Gogh_1.jpg	/Users/bear/Documents/CoWork/bear-textbooks/books/art/extracted/ARTZIP/Self-portraits_Vincent van Gogh/Self-portraits_Vincent van Gogh/Self-portraits_Vincent van Gogh_1.jpg	extracted
/Users/bear/Documents/CoWork/bear-textbooks/books/art/ARTZIP/Self-portraits_Vincent van Gogh.zip	Self-portraits_Vincent van Gogh/Self-portraits_Vincent van Gogh_2.jpg	/Users/bear/Documents/CoWork/bear-textbooks/books/art/extracted/ARTZIP/Self-portraits_Vincent van Gogh/Self-portraits_Vincent van Gogh/Self-portraits_Vincent van Gogh_2.jpg	extracted
/Users/bear/Documents/CoWork/bear-textbooks/books/art/ARTZIP/Self-portraits_Vincent van Gogh.zip	Self-portraits_Vincent van Gogh/Self-portraits_Vincent van Gogh_3.jpg	/Users/bear/Documents/CoWork/bear-textbooks/books/art/extracted/ARTZIP/Self-portraits_Vincent van Gogh/Self-portraits_Vincent van Gogh/Self-portraits_Vincent van Gogh_3.jpg	extracted
/Users/bear/Documents/CoWork/bear-textbooks/books/art/ARTZIP/Self-portraits_Vincent van Gogh.zip	Self-portraits_Vincent van Gogh/Self-portraits_Vincent van Gogh_7.jpg	/Users/bear/Documents/CoWork/bear-textbooks/books/art/extracted/ARTZIP/Self-portraits_Vincent van Gogh/Self-portraits_Vincent van Gogh/Self-portraits_Vincent van Gogh_7.jpg	extracted
/Users/bear/Documents/CoWork/bear-textbooks/books/art/ARTZIP/Self-portraits_Vincent van Gogh.zip	Self-portraits_Vincent van Gogh/Self-portraits_Vincent van Gogh_6.jpg	/Users/bear/Documents/CoWork/bear-textbooks/books/art/extracted/ARTZIP/Self-portraits_Vincent van Gogh/Self-portraits_Vincent van Gogh/Self-portraits_Vincent van Gogh_6.jpg	extracted
/Users/bear/Documents/CoWork/bear-textbooks/books/art/ARTZIP/Self-portraits_Vincent van Gogh.zip	Self-portraits_Vincent van Gogh/Self-portraits_Vincent van Gogh_4.jpg	/Users/bear/Documents/CoWork/bear-textbooks/books/art/extracted/ARTZIP/Self-portraits_Vincent van Gogh/Self-portraits_Vincent van Gogh/Self-portraits_Vincent van Gogh_4.jpg	extracted
/Users/bear/Documents/CoWork/bear-textbooks/books/art/ARTZIP/Self-portraits_Vincent van Gogh.zip	Self-portraits_Vincent van Gogh/Self-portraits_Vincent van Gogh_5.jpg	/Users/bear/Documents/CoWork/bear-textbooks/books/art/extracted/ARTZIP/Self-portraits_Vincent van Gogh/Self-portraits_Vincent van Gogh/Self-portraits_Vincent van Gogh_5.jpg	extracted
/Users/bear/Documents/CoWork/bear-textbooks/books/art/ARTZIP/Self-portraits_Vincent van Gogh.zip	Self-portraits_Vincent van Gogh/Self-portraits_Vincent van Gogh_8.jpg	/Users/bear/Documents/CoWork/bear-textbooks/books/art/extracted/ARTZIP/Self-portraits_Vincent van Gogh/Self-portraits_Vincent van Gogh/Self-portraits_Vincent van Gogh_8.jpg	extracted
/Users/bear/Documents/CoWork/bear-textbooks/books/art/ARTZIP/Self-portraits_Vincent van Gogh.zip	Self-portraits_Vincent van Gogh/Self-portraits_Vincent van Gogh_9.jpg	/Users/bear/Documents/CoWork/bear-textbooks/books/art/extracted/ARTZIP/Self-portraits_Vincent van Gogh/Self-portraits_Vincent van Gogh/Self-portraits_Vincent van Gogh_9.jpg	extracted
/Users/bear/Documents/CoWork/bear-textbooks/books/art/ARTZIP/Self-portraits_Vincent van Gogh.zip	Self-portraits_Vincent van Gogh/Self-portraits_Vincent van Gogh_36.jpg	/Users/bear/Documents/CoWork/bear-textbooks/books/art/extracted/ARTZIP/Self-portraits_Vincent van Gogh/Self-portraits_Vincent van Gogh/Self-portraits_Vincent van Gogh_36.jpg	extracted
/Users/bear/Documents/CoWork/bear-textbooks/books/art/ARTZIP/Self-portraits_Vincent van Gogh.zip	Self-portraits_Vincent van Gogh/Self-portraits_Vincent van Gogh_22.jpg	/Users/bear/Documents/CoWork/bear-textbooks/books/art/extracted/ARTZIP/Self-portraits_Vincent van Gogh/Self-portraits_Vincent van Gogh/Self-portraits_Vincent van Gogh_22.jpg	extracted
/Users/bear/Documents/CoWork/bear-textbooks/books/art/ARTZIP/Self-portraits_Vincent van Gogh.zip	Self-portraits_Vincent van Gogh/Self-portraits_Vincent van Gogh_23.jpg	/Users/bear/Documents/CoWork/bear-textbooks/books/art/extracted/ARTZIP/Self-portraits_Vincent van Gogh/Self-portraits_Vincent van Gogh/Self-portraits_Vincent van Gogh_23.jpg	extracted
/Users/bear/Documents/CoWork/bear-textbooks/books/art/ARTZIP/Self-portraits_Vincent van Gogh.zip	Self-portraits_Vincent van Gogh/Self-portraits_Vincent van Gogh_21.jpg	/Users/bear/Documents/CoWork/bear-textbooks/books/art/extracted/ARTZIP/Self-portraits_Vincent van Gogh/Self-portraits_Vincent van Gogh/Self-portraits_Vincent van Gogh_21.jpg	extracted
/Users/bear/Documents/CoWork/bear-textbooks/books/art/ARTZIP/Self-portraits_Vincent van Gogh.zip	Self-portraits_Vincent van Gogh/Self-portraits_Vincent van Gogh_35.jpg	/Users/bear/Documents/CoWork/bear-textbooks/books/art/extracted/ARTZIP/Self-portraits_Vincent van Gogh/Self-portraits_Vincent van Gogh/Self-portraits_Vincent van Gogh_35.jpg	extracted
/Users/bear/Documents/CoWork/bear-textbooks/books/art/ARTZIP/Self-portraits_Vincent van Gogh.zip	Self-portraits_Vincent van Gogh/Self-portraits_Vincent van Gogh_34.jpg	/Users/bear/Documents/CoWork/bear-textbooks/books/art/extracted/ARTZIP/Self-portraits_Vincent van Gogh/Self-portraits_Vincent van Gogh/Self-portraits_Vincent van Gogh_34.jpg	extracted
/Users/bear/Documents/CoWork/bear-textbooks/books/art/ARTZIP/Self-portraits_Vincent van Gogh.zip	Self-portraits_Vincent van Gogh/Self-portraits_Vincent van Gogh_20.jpg	/Users/bear/Documents/CoWork/bear-textbooks/books/art/extracted/ARTZIP/Self-portraits_Vincent van Gogh/Self-portraits_Vincent van Gogh/Self-portraits_Vincent van Gogh_20.jpg	extracted
/Users/bear/Documents/CoWork/bear-textbooks/books/art/ARTZIP/Self-portraits_Vincent van Gogh.zip	Self-portraits_Vincent van Gogh/Self-portraits_Vincent van Gogh_18.jpg	/Users/bear/Documents/CoWork/bear-textbooks/books/art/extracted/ARTZIP/Self-portraits_Vincent van Gogh/Self-portraits_Vincent van Gogh/Self-portraits_Vincent van Gogh_18.jpg	extracted
/Users/bear/Documents/CoWork/bear-textbooks/books/art/ARTZIP/Self-portraits_Vincent van Gogh.zip	Self-portraits_Vincent van Gogh/Self-portraits_Vincent van Gogh_24.jpg	/Users/bear/Documents/CoWork/bear-textbooks/books/art/extracted/ARTZIP/Self-portraits_Vincent van Gogh/Self-portraits_Vincent van Gogh/Self-portraits_Vincent van Gogh_24.jpg	extracted
/Users/bear/Documents/CoWork/bear-textbooks/books/art/ARTZIP/Self-portraits_Vincent van Gogh.zip	Self-portraits_Vincent van Gogh/Self-portraits_Vincent van Gogh_30.jpg	/Users/bear/Documents/CoWork/bear-textbooks/books/art/extracted/ARTZIP/Self-portraits_Vincent van Gogh/Self-portraits_Vincent van Gogh/Self-portraits_Vincent van Gogh_30.jpg	extracted
/Users/bear/Documents/CoWork/bear-textbooks/books/art/ARTZIP/Self-portraits_Vincent van Gogh.zip	Self-portraits_Vincent van Gogh/Self-portraits_Vincent van Gogh_31.jpg	/Users/bear/Documents/CoWork/bear-textbooks/books/art/extracted/ARTZIP/Self-portraits_Vincent van Gogh/Self-portraits_Vincent van Gogh/Self-portraits_Vincent van Gogh_31.jpg	extracted
/Users/bear/Documents/CoWork/bear-textbooks/books/art/ARTZIP/Self-portraits_Vincent van Gogh.zip	Self-portraits_Vincent van Gogh/Self-portraits_Vincent van Gogh_25.jpg	/Users/bear/Documents/CoWork/bear-textbooks/books/art/extracted/ARTZIP/Self-portraits_Vincent van Gogh/Self-portraits_Vincent van Gogh/Self-portraits_Vincent van Gogh_25.jpg	extracted
/Users/bear/Documents/CoWork/bear-textbooks/books/art/ARTZIP/Self-portraits_Vincent van Gogh.zip	Self-portraits_Vincent van Gogh/Self-portraits_Vincent van Gogh_19.jpg	/Users/bear/Documents/CoWork/bear-textbooks/books/art/extracted/ARTZIP/Self-portraits_Vincent van Gogh/Self-portraits_Vincent van Gogh/Self-portraits_Vincent van Gogh_19.jpg	extracted
/Users/bear/Documents/CoWork/bear-textbooks/books/art/ARTZIP/Self-portraits_Vincent van Gogh.zip	Self-portraits_Vincent van Gogh/Self-portraits_Vincent van Gogh_33.jpg	/Users/bear/Documents/CoWork/bear-textbooks/books/art/extracted/ARTZIP/Self-portraits_Vincent van Gogh/Self-portraits_Vincent van Gogh/Self-portraits_Vincent van Gogh_33.jpg	extracted
/Users/bear/Documents/CoWork/bear-textbooks/books/art/ARTZIP/Self-portraits_Vincent van Gogh.zip	Self-portraits_Vincent van Gogh/Self-portraits_Vincent van Gogh_27.jpg	/Users/bear/Documents/CoWork/bear-textbooks/books/art/extracted/ARTZIP/Self-portraits_Vincent van Gogh/Self-portraits_Vincent van Gogh/Self-portraits_Vincent van Gogh_27.jpg	extracted
/Users/bear/Documents/CoWork/bear-textbooks/books/art/ARTZIP/Self-portraits_Vincent van Gogh.zip	Self-portraits_Vincent van Gogh/Self-portraits_Vincent van Gogh_26.jpg	/Users/bear/Documents/CoWork/bear-textbooks/books/art/extracted/ARTZIP/Self-portraits_Vincent van Gogh/Self-portraits_Vincent van Gogh/Self-portraits_Vincent van Gogh_26.jpg	extracted
/Users/bear/Documents/CoWork/bear-textbooks/books/art/ARTZIP/Self-portraits_Vincent van Gogh.zip	Self-portraits_Vincent van Gogh/Self-portraits_Vincent van Gogh_32.jpg	/Users/bear/Documents/CoWork/bear-textbooks/books/art/extracted/ARTZIP/Self-portraits_Vincent van Gogh/Self-portraits_Vincent van Gogh/Self-portraits_Vincent van Gogh_32.jpg	extracted
/Users/bear/Documents/CoWork/bear-textbooks/books/art/ARTZIP-20260801T011809Z-1-001.zip	ARTZIP/R_181_Toyohara Kunichika.zip	/Users/bear/Documents/CoWork/bear-textbooks/books/art/extracted/ARTZIP-20260801T011809Z-1-001/ARTZIP/R_181_Toyohara Kunichika.zip	extracted
/Users/bear/Documents/CoWork/bear-textbooks/books/art/ARTZIP-20260801T011809Z-1-001.zip	ARTZIP/MRR - PLR-20260708T035633Z-3-001.zip	/Users/bear/Documents/CoWork/bear-textbooks/books/art/extracted/ARTZIP-20260801T011809Z-1-001/ARTZIP/MRR - PLR-20260708T035633Z-3-001.zip	extracted
/Users/bear/Documents/CoWork/bear-textbooks/books/art/ARTZIP-20260801T011809Z-1-001.zip	ARTZIP/JPGNP1.zip	/Users/bear/Documents/CoWork/bear-textbooks/books/art/extracted/ARTZIP-20260801T011809Z-1-001/ARTZIP/JPGNP1.zip	extracted
/Users/bear/Documents/CoWork/bear-textbooks/books/art/ARTZIP-20260801T011809Z-1-001.zip	ARTZIP/JPGNP3.zip	/Users/bear/Documents/CoWork/bear-textbooks/books/art/extracted/ARTZIP-20260801T011809Z-1-001/ARTZIP/JPGNP3.zip	extracted
/Users/bear/Documents/CoWork/bear-textbooks/books/art/ARTZIP-20260801T011809Z-1-003.zip	ARTZIP/Paintings-20260708T035623Z-3-023.zip	/Users/bear/Documents/CoWork/bear-textbooks/books/art/extracted/ARTZIP-20260801T011809Z-1-003/ARTZIP/Paintings-20260708T035623Z-3-023.zip	extracted
/Users/bear/Documents/CoWork/bear-textbooks/books/art/ARTZIP-20260801T011809Z-1-003.zip	ARTZIP/MRR - PLR-20260708T035620Z-3-001.zip	/Users/bear/Documents/CoWork/bear-textbooks/books/art/extracted/ARTZIP-20260801T011809Z-1-003/ARTZIP/MRR - PLR-20260708T035620Z-3-001.zip	extracted
/Users/bear/Documents/CoWork/bear-textbooks/books/art/ARTZIP-20260801T011809Z-1-003.zip	ARTZIP/JPGNP4.zip	/Users/bear/Documents/CoWork/bear-textbooks/books/art/extracted/ARTZIP-20260801T011809Z-1-003/ARTZIP/JPGNP4.zip	extracted
/Users/bear/Documents/CoWork/bear-textbooks/books/art/ARTZIP-20260801T011809Z-1-003.zip	ARTZIP/JPGNP2.zip	/Users/bear/Documents/CoWork/bear-textbooks/books/art/extracted/ARTZIP-20260801T011809Z-1-003/ARTZIP/JPGNP2.zip	extracted
/Users/bear/Documents/CoWork/bear-textbooks/books/art/ARTZIP-20260801T011809Z-1-003.zip	ARTZIP/R_220_Robert Storm Petersen.zip	/Users/bear/Documents/CoWork/bear-textbooks/books/art/extracted/ARTZIP-20260801T011809Z-1-003/ARTZIP/R_220_Robert Storm Petersen.zip	extracted
/Users/bear/Documents/CoWork/bear-textbooks/books/art/ARTZIP-20260801T011809Z-1-003.zip	ARTZIP/R_18_Johannes Vermeer_new.zip	/Users/bear/Documents/CoWork/bear-textbooks/books/art/extracted/ARTZIP-20260801T011809Z-1-003/ARTZIP/R_18_Johannes Vermeer_new.zip	extracted
/Users/bear/Documents/CoWork/bear-textbooks/books/art/ARTZIP-20260801T011809Z-1-003.zip	ARTZIP/Self-portraits_Vincent van Gogh.zip	/Users/bear/Documents/CoWork/bear-textbooks/books/art/extracted/ARTZIP-20260801T011809Z-1-003/ARTZIP/Self-portraits_Vincent van Gogh.zip	extracted
/Users/bear/Documents/CoWork/bear-textbooks/books/art/CivilRights-20260801T012005Z-1-001.zip	CivilRights/JPG/htsxtehxoyb.png	/Users/bear/Documents/CoWork/bear-textbooks/books/art/extracted/CivilRights-20260801T012005Z-1-001/CivilRights/JPG/htsxtehxoyb.png	extracted
/Users/bear/Documents/CoWork/bear-textbooks/books/art/CivilRights-20260801T012005Z-1-001.zip	CivilRights/JPG/emkeylucgoz.png	/Users/bear/Documents/CoWork/bear-textbooks/books/art/extracted/CivilRights-20260801T012005Z-1-001/CivilRights/JPG/emkeylucgoz.png	extracted
/Users/bear/Documents/CoWork/bear-textbooks/books/art/CivilRights-20260801T012005Z-1-001.zip	CivilRights/JPG/qcwnlaymqun.png	/Users/bear/Documents/CoWork/bear-textbooks/books/art/extracted/CivilRights-20260801T012005Z-1-001/CivilRights/JPG/qcwnlaymqun.png	extracted
/Users/bear/Documents/CoWork/bear-textbooks/books/art/CivilRights-20260801T012005Z-1-001.zip	CivilRights/JPG/zebzgndditd.png	/Users/bear/Documents/CoWork/bear-textbooks/books/art/extracted/CivilRights-20260801T012005Z-1-001/CivilRights/JPG/zebzgndditd.png	extracted
/Users/bear/Documents/CoWork/bear-textbooks/books/art/CivilRights-20260801T012005Z-1-001.zip	CivilRights/JPG/rqevfadewyf.png	/Users/bear/Documents/CoWork/bear-textbooks/books/art/extracted/CivilRights-20260801T012005Z-1-001/CivilRights/JPG/rqevfadewyf.png	extracted
/Users/bear/Documents/CoWork/bear-textbooks/books/art/CivilRights-20260801T012005Z-1-001.zip	CivilRights/JPG/gypjwuqcbrd.png	/Users/bear/Documents/CoWork/bear-textbooks/books/art/extracted/CivilRights-20260801T012005Z-1-001/CivilRights/JPG/gypjwuqcbrd.png	extracted
/Users/bear/Documents/CoWork/bear-textbooks/books/art/CivilRights-20260801T012005Z-1-001.zip	CivilRights/JPG/ptphriqymku.png	/Users/bear/Documents/CoWork/bear-textbooks/books/art/extracted/CivilRights-20260801T012005Z-1-001/CivilRights/JPG/ptphriqymku.png	extracted
/Users/bear/Documents/CoWork/bear-textbooks/books/art/CivilRights-20260801T012005Z-1-001.zip	CivilRights/JPG/pwffqddmfpv.png	/Users/bear/Documents/CoWork/bear-textbooks/books/art/extracted/CivilRights-20260801T012005Z-1-001/CivilRights/JPG/pwffqddmfpv.png	extracted
/Users/bear/Documents/CoWork/bear-textbooks/books/art/CivilRights-20260801T012005Z-1-001.zip	CivilRights/JPG/isgqksbloem.png	/Users/bear/Documents/CoWork/bear-textbooks/books/art/extracted/CivilRights-20260801T012005Z-1-001/CivilRights/JPG/isgqksbloem.png	extracted
/Users/bear/Documents/CoWork/bear-textbooks/books/art/CivilRights-20260801T012005Z-1-001.zip	CivilRights/13040603262187905197.jpeg	/Users/bear/Documents/CoWork/bear-textbooks/books/art/extracted/CivilRights-20260801T012005Z-1-001/CivilRights/13040603262187905197.jpeg	extracted
/Users/bear/Documents/CoWork/bear-textbooks/books/art/CivilRights-20260801T012005Z-1-001.zip	CivilRights/JPG/euwizpslbdj.png	/Users/bear/Documents/CoWork/bear-textbooks/books/art/extracted/CivilRights-20260801T012005Z-1-001/CivilRights/JPG/euwizpslbdj.png	extracted
/Users/bear/Documents/CoWork/bear-textbooks/books/art/CivilRights-20260801T012005Z-1-001.zip	CivilRights/JPG/wkshvminlqw.png	/Users/bear/Documents/CoWork/bear-textbooks/books/art/extracted/CivilRights-20260801T012005Z-1-001/CivilRights/JPG/wkshvminlqw.png	extracted
/Users/bear/Documents/CoWork/bear-textbooks/books/art/CivilRights-20260801T012005Z-1-001.zip	CivilRights/JPG/lixbhavzmff.png	/Users/bear/Documents/CoWork/bear-textbooks/books/art/extracted/CivilRights-20260801T012005Z-1-001/CivilRights/JPG/lixbhavzmff.png	extracted
/Users/bear/Documents/CoWork/bear-textbooks/books/art/CivilRights-20260801T012005Z-1-001.zip	CivilRights/JPG/igxtydxgzsr.png	/Users/bear/Documents/CoWork/bear-textbooks/books/art/extracted/CivilRights-20260801T012005Z-1-001/CivilRights/JPG/igxtydxgzsr.png	extracted
/Users/bear/Documents/CoWork/bear-textbooks/books/art/CivilRights-20260801T012005Z-1-001.zip	CivilRights/JPG/xjjjusitkad.png	/Users/bear/Documents/CoWork/bear-textbooks/books/art/extracted/CivilRights-20260801T012005Z-1-001/CivilRights/JPG/xjjjusitkad.png	extracted
/Users/bear/Documents/CoWork/bear-textbooks/books/art/CivilRights-20260801T012005Z-1-001.zip	CivilRights/JPG/fitwhqengpx.png	/Users/bear/Documents/CoWork/bear-textbooks/books/art/extracted/CivilRights-20260801T012005Z-1-001/CivilRights/JPG/fitwhqengpx.png	extracted
/Users/bear/Documents/CoWork/bear-textbooks/books/art/CivilRights-20260801T012005Z-1-001.zip	CivilRights/JPG/dqavsdvkmrr.png	/Users/bear/Documents/CoWork/bear-textbooks/books/art/extracted/CivilRights-20260801T012005Z-1-001/CivilRights/JPG/dqavsdvkmrr.png	extracted
/Users/bear/Documents/CoWork/bear-textbooks/books/art/CivilRights-20260801T012005Z-1-001.zip	CivilRights/Topaz/sfijjwwogfa-topaz-upscale-4x.png	/Users/bear/Documents/CoWork/bear-textbooks/books/art/extracted/CivilRights-20260801T012005Z-1-001/CivilRights/Topaz/sfijjwwogfa-topaz-upscale-4x.png	extracted
/Users/bear/Documents/CoWork/bear-textbooks/books/art/CivilRights-20260801T012005Z-1-001.zip	CivilRights/JPG/aeycxqubnnh.png	/Users/bear/Documents/CoWork/bear-textbooks/books/art/extracted/CivilRights-20260801T012005Z-1-001/CivilRights/JPG/aeycxqubnnh.png	extracted
/Users/bear/Documents/CoWork/bear-textbooks/books/art/CivilRights-20260801T012005Z-1-001.zip	CivilRights/Topaz/rkoqvgikscu-topaz-face-upscale-4x.png	/Users/bear/Documents/CoWork/bear-textbooks/books/art/extracted/CivilRights-20260801T012005Z-1-001/CivilRights/Topaz/rkoqvgikscu-topaz-face-upscale-4x.png	extracted
/Users/bear/Documents/CoWork/bear-textbooks/books/art/CivilRights-20260801T012005Z-1-001.zip	CivilRights/JPG/fvrlkadjhuy.png	/Users/bear/Documents/CoWork/bear-textbooks/books/art/extracted/CivilRights-20260801T012005Z-1-001/CivilRights/JPG/fvrlkadjhuy.png	extracted
/Users/bear/Documents/CoWork/bear-textbooks/books/art/CivilRights-20260801T012005Z-1-001.zip	CivilRights/JPG/ilriubpxnbr.png	/Users/bear/Documents/CoWork/bear-textbooks/books/art/extracted/CivilRights-20260801T012005Z-1-001/CivilRights/JPG/ilriubpxnbr.png	extracted
/Users/bear/Documents/CoWork/bear-textbooks/books/art/CivilRights-20260801T012005Z-1-001.zip	CivilRights/JPG/dyenklqhtex.png	/Users/bear/Documents/CoWork/bear-textbooks/books/art/extracted/CivilRights-20260801T012005Z-1-001/CivilRights/JPG/dyenklqhtex.png	extracted
/Users/bear/Documents/CoWork/bear-textbooks/books/art/CivilRights-20260801T012005Z-1-001.zip	CivilRights/JPG/cqjgihfxbkx.png	/Users/bear/Documents/CoWork/bear-textbooks/books/art/extracted/CivilRights-20260801T012005Z-1-001/CivilRights/JPG/cqjgihfxbkx.png	extracted
/Users/bear/Documents/CoWork/bear-textbooks/books/art/CivilRights-20260801T012005Z-1-001.zip	CivilRights/JPG/nyspvjstbxb.png	/Users/bear/Documents/CoWork/bear-textbooks/books/art/extracted/CivilRights-20260801T012005Z-1-001/CivilRights/JPG/nyspvjstbxb.png	extracted
/Users/bear/Documents/CoWork/bear-textbooks/books/art/CivilRights-20260801T012005Z-1-001.zip	CivilRights/JPG/uehpqtijnwr.png	/Users/bear/Documents/CoWork/bear-textbooks/books/art/extracted/CivilRights-20260801T012005Z-1-001/CivilRights/JPG/uehpqtijnwr.png	extracted
/Users/bear/Documents/CoWork/bear-textbooks/books/art/CivilRights-20260801T012005Z-1-001.zip	CivilRights/JPG/qxvwginqaip.png	/Users/bear/Documents/CoWork/bear-textbooks/books/art/extracted/CivilRights-20260801T012005Z-1-001/CivilRights/JPG/qxvwginqaip.png	extracted
/Users/bear/Documents/CoWork/bear-textbooks/books/art/CivilRights-20260801T012005Z-1-001.zip	CivilRights/JPG/mwxkcmwpoem.png	/Users/bear/Documents/CoWork/bear-textbooks/books/art/extracted/CivilRights-20260801T012005Z-1-001/CivilRights/JPG/mwxkcmwpoem.png	extracted
/Users/bear/Documents/CoWork/bear-textbooks/books/art/CivilRights-20260801T012005Z-1-001.zip	CivilRights/JPG/czupgsviohx.png	/Users/bear/Documents/CoWork/bear-textbooks/books/art/extracted/CivilRights-20260801T012005Z-1-001/CivilRights/JPG/czupgsviohx.png	extracted
/Users/bear/Documents/CoWork/bear-textbooks/books/art/CivilRights-20260801T012005Z-1-001.zip	CivilRights/JPG/gysfxqmffpf.png	/Users/bear/Documents/CoWork/bear-textbooks/books/art/extracted/CivilRights-20260801T012005Z-1-001/CivilRights/JPG/gysfxqmffpf.png	extracted
/Users/bear/Documents/CoWork/bear-textbooks/books/art/CivilRights-20260801T012005Z-1-001.zip	CivilRights/JPG/rkoqvgikscu.png	/Users/bear/Documents/CoWork/bear-textbooks/books/art/extracted/CivilRights-20260801T012005Z-1-001/CivilRights/JPG/rkoqvgikscu.png	extracted
/Users/bear/Documents/CoWork/bear-textbooks/books/art/CivilRights-20260801T012005Z-1-001.zip	CivilRights/JPG/rhtoccskjwc.png	/Users/bear/Documents/CoWork/bear-textbooks/books/art/extracted/CivilRights-20260801T012005Z-1-001/CivilRights/JPG/rhtoccskjwc.png	extracted
/Users/bear/Documents/CoWork/bear-textbooks/books/art/CivilRights-20260801T012005Z-1-001.zip	CivilRights/JPG/prtwrciihdl.png	/Users/bear/Documents/CoWork/bear-textbooks/books/art/extracted/CivilRights-20260801T012005Z-1-001/CivilRights/JPG/prtwrciihdl.png	extracted
/Users/bear/Documents/CoWork/bear-textbooks/books/art/CivilRights-20260801T012005Z-1-001.zip	CivilRights/JPG/eqrtlbwwubz.png	/Users/bear/Documents/CoWork/bear-textbooks/books/art/extracted/CivilRights-20260801T012005Z-1-001/CivilRights/JPG/eqrtlbwwubz.png	extracted
/Users/bear/Documents/CoWork/bear-textbooks/books/art/CivilRights-20260801T012005Z-1-001.zip	CivilRights/JPG/lbtnjreuqis.png	/Users/bear/Documents/CoWork/bear-textbooks/books/art/extracted/CivilRights-20260801T012005Z-1-001/CivilRights/JPG/lbtnjreuqis.png	extracted
/Users/bear/Documents/CoWork/bear-textbooks/books/art/CivilRights-20260801T012005Z-1-001.zip	CivilRights/JPG/nckavvkgopr.png	/Users/bear/Documents/CoWork/bear-textbooks/books/art/extracted/CivilRights-20260801T012005Z-1-001/CivilRights/JPG/nckavvkgopr.png	extracted
/Users/bear/Documents/CoWork/bear-textbooks/books/art/CivilRights-20260801T012005Z-1-001.zip	CivilRights/JPG/rxohgduhhmu.png	/Users/bear/Documents/CoWork/bear-textbooks/books/art/extracted/CivilRights-20260801T012005Z-1-001/CivilRights/JPG/rxohgduhhmu.png	extracted
/Users/bear/Documents/CoWork/bear-textbooks/books/art/CivilRights-20260801T012005Z-1-001.zip	CivilRights/JPG/zakwylzusjb.png	/Users/bear/Documents/CoWork/bear-textbooks/books/art/extracted/CivilRights-20260801T012005Z-1-001/CivilRights/JPG/zakwylzusjb.png	extracted
/Users/bear/Documents/CoWork/bear-textbooks/books/art/CivilRights-20260801T012005Z-1-001.zip	CivilRights/Topaz/lbtnjreuqis-topaz-upscale-4x.png	/Users/bear/Documents/CoWork/bear-textbooks/books/art/extracted/CivilRights-20260801T012005Z-1-001/CivilRights/Topaz/lbtnjreuqis-topaz-upscale-4x.png	extracted
/Users/bear/Documents/CoWork/bear-textbooks/books/art/CivilRights-20260801T012005Z-1-001.zip	CivilRights/Topaz/mwxkcmwpoem-topaz-upscale-4x.png	/Users/bear/Documents/CoWork/bear-textbooks/books/art/extracted/CivilRights-20260801T012005Z-1-001/CivilRights/Topaz/mwxkcmwpoem-topaz-upscale-4x.png	extracted
/Users/bear/Documents/CoWork/bear-textbooks/books/art/CivilRights-20260801T012005Z-1-001.zip	CivilRights/Topaz/zakwylzusjb-topaz-upscale-4x.png	/Users/bear/Documents/CoWork/bear-textbooks/books/art/extracted/CivilRights-20260801T012005Z-1-001/CivilRights/Topaz/zakwylzusjb-topaz-upscale-4x.png	extracted
/Users/bear/Documents/CoWork/bear-textbooks/books/art/CivilRights-20260801T012005Z-1-001.zip	CivilRights/Topaz/ilriubpxnbr-topaz-face-upscale-4x.png	/Users/bear/Documents/CoWork/bear-textbooks/books/art/extracted/CivilRights-20260801T012005Z-1-001/CivilRights/Topaz/ilriubpxnbr-topaz-face-upscale-4x.png	extracted
/Users/bear/Documents/CoWork/bear-textbooks/books/art/CivilRights-20260801T012005Z-1-001.zip	CivilRights/Topaz/lhfwvbalikh-topaz-face-upscale-4x.png	/Users/bear/Documents/CoWork/bear-textbooks/books/art/extracted/CivilRights-20260801T012005Z-1-001/CivilRights/Topaz/lhfwvbalikh-topaz-face-upscale-4x.png	extracted
/Users/bear/Documents/CoWork/bear-textbooks/books/art/CivilRights-20260801T012005Z-1-001.zip	CivilRights/Topaz/qxvwginqaip-topaz-face-upscale-4x.png	/Users/bear/Documents/CoWork/bear-textbooks/books/art/extracted/CivilRights-20260801T012005Z-1-001/CivilRights/Topaz/qxvwginqaip-topaz-face-upscale-4x.png	extracted
/Users/bear/Documents/CoWork/bear-textbooks/books/art/CivilRights-20260801T012005Z-1-001.zip	CivilRights/Topaz/ptphriqymku-topaz-upscale-4x.png	/Users/bear/Documents/CoWork/bear-textbooks/books/art/extracted/CivilRights-20260801T012005Z-1-001/CivilRights/Topaz/ptphriqymku-topaz-upscale-4x.png	extracted
/Users/bear/Documents/CoWork/bear-textbooks/books/art/CivilRights-20260801T012005Z-1-001.zip	CivilRights/Topaz/nyspvjstbxb-topaz-face-upscale-4x.png	/Users/bear/Documents/CoWork/bear-textbooks/books/art/extracted/CivilRights-20260801T012005Z-1-001/CivilRights/Topaz/nyspvjstbxb-topaz-face-upscale-4x.png	extracted
/Users/bear/Documents/CoWork/bear-textbooks/books/art/CivilRights-20260801T012005Z-1-001.zip	CivilRights/Topaz/czupgsviohx-topaz-face-upscale-4x.png	/Users/bear/Documents/CoWork/bear-textbooks/books/art/extracted/CivilRights-20260801T012005Z-1-001/CivilRights/Topaz/czupgsviohx-topaz-face-upscale-4x.png	extracted
/Users/bear/Documents/CoWork/bear-textbooks/books/art/CivilRights-20260801T012005Z-1-001.zip	CivilRights/Topaz/qcwnlaymqun-topaz-upscale-4x.png	/Users/bear/Documents/CoWork/bear-textbooks/books/art/extracted/CivilRights-20260801T012005Z-1-001/CivilRights/Topaz/qcwnlaymqun-topaz-upscale-4x.png	extracted
/Users/bear/Documents/CoWork/bear-textbooks/books/art/CivilRights-20260801T012005Z-1-001.zip	CivilRights/Topaz/emkeylucgoz-topaz-face-upscale-4x.png	/Users/bear/Documents/CoWork/bear-textbooks/books/art/extracted/CivilRights-20260801T012005Z-1-001/CivilRights/Topaz/emkeylucgoz-topaz-face-upscale-4x.png	extracted
/Users/bear/Documents/CoWork/bear-textbooks/books/art/CivilRights-20260801T012005Z-1-001.zip	CivilRights/Topaz/gysfxqmffpf-topaz-face-upscale-4x.png	/Users/bear/Documents/CoWork/bear-textbooks/books/art/extracted/CivilRights-20260801T012005Z-1-001/CivilRights/Topaz/gysfxqmffpf-topaz-face-upscale-4x.png	extracted
/Users/bear/Documents/CoWork/bear-textbooks/books/art/CivilRights-20260801T012005Z-1-001.zip	CivilRights/JPG/xkiczqlcdkd.png	/Users/bear/Documents/CoWork/bear-textbooks/books/art/extracted/CivilRights-20260801T012005Z-1-001/CivilRights/JPG/xkiczqlcdkd.png	extracted
/Users/bear/Documents/CoWork/bear-textbooks/books/art/CivilRights-20260801T012005Z-1-001.zip	CivilRights/JPG/sfijjwwogfa.png	/Users/bear/Documents/CoWork/bear-textbooks/books/art/extracted/CivilRights-20260801T012005Z-1-001/CivilRights/JPG/sfijjwwogfa.png	extracted
/Users/bear/Documents/CoWork/bear-textbooks/books/art/CivilRights-20260801T012005Z-1-001.zip	CivilRights/Topaz/dyenklqhtex-topaz-upscale-4x.png	/Users/bear/Documents/CoWork/bear-textbooks/books/art/extracted/CivilRights-20260801T012005Z-1-001/CivilRights/Topaz/dyenklqhtex-topaz-upscale-4x.png	extracted
/Users/bear/Documents/CoWork/bear-textbooks/books/art/CivilRights-20260801T012005Z-1-001.zip	CivilRights/Topaz/bxlifarjank-topaz-face-upscale-4x.png	/Users/bear/Documents/CoWork/bear-textbooks/books/art/extracted/CivilRights-20260801T012005Z-1-001/CivilRights/Topaz/bxlifarjank-topaz-face-upscale-4x.png	extracted
/Users/bear/Documents/CoWork/bear-textbooks/books/art/CivilRights-20260801T012005Z-1-001.zip	CivilRights/Topaz/euwizpslbdj-topaz-upscale-4x.png	/Users/bear/Documents/CoWork/bear-textbooks/books/art/extracted/CivilRights-20260801T012005Z-1-001/CivilRights/Topaz/euwizpslbdj-topaz-upscale-4x.png	extracted
/Users/bear/Documents/CoWork/bear-textbooks/books/art/CivilRights-20260801T012005Z-1-001.zip	CivilRights/JPG/bxlifarjank.png	/Users/bear/Documents/CoWork/bear-textbooks/books/art/extracted/CivilRights-20260801T012005Z-1-001/CivilRights/JPG/bxlifarjank.png	extracted
/Users/bear/Documents/CoWork/bear-textbooks/books/art/CivilRights-20260801T012005Z-1-001.zip	CivilRights/Topaz/uehpqtijnwr-topaz-face-upscale-4x.png	/Users/bear/Documents/CoWork/bear-textbooks/books/art/extracted/CivilRights-20260801T012005Z-1-001/CivilRights/Topaz/uehpqtijnwr-topaz-face-upscale-4x.png	extracted
/Users/bear/Documents/CoWork/bear-textbooks/books/art/CivilRights-20260801T012005Z-1-001.zip	CivilRights/JPG/lhfwvbalikh.png	/Users/bear/Documents/CoWork/bear-textbooks/books/art/extracted/CivilRights-20260801T012005Z-1-001/CivilRights/JPG/lhfwvbalikh.png	extracted
/Users/bear/Documents/CoWork/bear-textbooks/books/art/CivilRights-20260801T012005Z-1-001.zip	CivilRights/Topaz/fvrlkadjhuy-topaz-upscale-4x.png	/Users/bear/Documents/CoWork/bear-textbooks/books/art/extracted/CivilRights-20260801T012005Z-1-001/CivilRights/Topaz/fvrlkadjhuy-topaz-upscale-4x.png	extracted
/Users/bear/Documents/CoWork/bear-textbooks/books/art/CivilRights-20260801T012005Z-1-001.zip	CivilRights/Topaz/rxohgduhhmu-topaz-upscale-4x.png	/Users/bear/Documents/CoWork/bear-textbooks/books/art/extracted/CivilRights-20260801T012005Z-1-001/CivilRights/Topaz/rxohgduhhmu-topaz-upscale-4x.png	extracted
/Users/bear/Documents/CoWork/bear-textbooks/books/art/CivilRights-20260801T012005Z-1-001.zip	CivilRights/JPG/ginyswkxldl.png	/Users/bear/Documents/CoWork/bear-textbooks/books/art/extracted/CivilRights-20260801T012005Z-1-001/CivilRights/JPG/ginyswkxldl.png	extracted
/Users/bear/Documents/CoWork/bear-textbooks/books/art/CivilRights-20260801T012005Z-1-001.zip	CivilRights/Topaz/eqrtlbwwubz-topaz-upscale-4x.png	/Users/bear/Documents/CoWork/bear-textbooks/books/art/extracted/CivilRights-20260801T012005Z-1-001/CivilRights/Topaz/eqrtlbwwubz-topaz-upscale-4x.png	extracted
/Users/bear/Documents/CoWork/bear-textbooks/books/art/CivilRights-20260801T012005Z-1-001.zip	CivilRights/JPG/clisrxbibwu.png	/Users/bear/Documents/CoWork/bear-textbooks/books/art/extracted/CivilRights-20260801T012005Z-1-001/CivilRights/JPG/clisrxbibwu.png	extracted
/Users/bear/Documents/CoWork/bear-textbooks/books/art/CivilRights-20260801T012005Z-1-001.zip	CivilRights/JPG/ekbchiqjvbl.png	/Users/bear/Documents/CoWork/bear-textbooks/books/art/extracted/CivilRights-20260801T012005Z-1-001/CivilRights/JPG/ekbchiqjvbl.png	extracted
/Users/bear/Documents/CoWork/bear-textbooks/books/art/CivilRights-20260801T012005Z-1-001.zip	CivilRights/JPG/hzmgfpeoazr.png	/Users/bear/Documents/CoWork/bear-textbooks/books/art/extracted/CivilRights-20260801T012005Z-1-001/CivilRights/JPG/hzmgfpeoazr.png	extracted
/Users/bear/Documents/CoWork/bear-textbooks/books/art/CivilRights-20260801T012005Z-1-001.zip	CivilRights/JPG/lucrhhzydkt.png	/Users/bear/Documents/CoWork/bear-textbooks/books/art/extracted/CivilRights-20260801T012005Z-1-001/CivilRights/JPG/lucrhhzydkt.png	extracted
/Users/bear/Documents/CoWork/bear-textbooks/books/art/CivilRights-20260801T012005Z-1-001.zip	CivilRights/Topaz/cqjgihfxbkx-topaz-face-upscale-4x.png	/Users/bear/Documents/CoWork/bear-textbooks/books/art/extracted/CivilRights-20260801T012005Z-1-001/CivilRights/Topaz/cqjgihfxbkx-topaz-face-upscale-4x.png	extracted
/Users/bear/Documents/CoWork/bear-textbooks/books/art/CivilRights-20260801T012005Z-1-001.zip	CivilRights/Topaz/hzmgfpeoazr-topaz-face-upscale-4x.png	/Users/bear/Documents/CoWork/bear-textbooks/books/art/extracted/CivilRights-20260801T012005Z-1-001/CivilRights/Topaz/hzmgfpeoazr-topaz-face-upscale-4x.png	extracted
/Users/bear/Documents/CoWork/bear-textbooks/books/art/CivilRights-20260801T012005Z-1-001.zip	CivilRights/JPG/icfhnembimu.png	/Users/bear/Documents/CoWork/bear-textbooks/books/art/extracted/CivilRights-20260801T012005Z-1-001/CivilRights/JPG/icfhnembimu.png	extracted
/Users/bear/Documents/CoWork/bear-textbooks/books/art/CivilRights-20260801T012005Z-1-001.zip	CivilRights/JPG/ldsrfpfljee.png	/Users/bear/Documents/CoWork/bear-textbooks/books/art/extracted/CivilRights-20260801T012005Z-1-001/CivilRights/JPG/ldsrfpfljee.png	extracted
/Users/bear/Documents/CoWork/bear-textbooks/books/art/CivilRights-20260801T012005Z-1-001.zip	CivilRights/Topaz/wkshvminlqw-topaz-face-upscale-4x.png	/Users/bear/Documents/CoWork/bear-textbooks/books/art/extracted/CivilRights-20260801T012005Z-1-001/CivilRights/Topaz/wkshvminlqw-topaz-face-upscale-4x.png	extracted
/Users/bear/Documents/CoWork/bear-textbooks/books/art/CivilRights-20260801T012005Z-1-001.zip	CivilRights/Topaz/aeycxqubnnh-topaz-denoise-face-upscale-4x.png	/Users/bear/Documents/CoWork/bear-textbooks/books/art/extracted/CivilRights-20260801T012005Z-1-001/CivilRights/Topaz/aeycxqubnnh-topaz-denoise-face-upscale-4x.png	extracted
/Users/bear/Documents/CoWork/bear-textbooks/books/art/CivilRights-20260801T012005Z-1-001.zip	CivilRights/Topaz/ldsrfpfljee-topaz-denoise-face-upscale-4x.png	/Users/bear/Documents/CoWork/bear-textbooks/books/art/extracted/CivilRights-20260801T012005Z-1-001/CivilRights/Topaz/ldsrfpfljee-topaz-denoise-face-upscale-4x.png	extracted
/Users/bear/Documents/CoWork/bear-textbooks/books/art/CivilRights-20260801T012005Z-1-001.zip	CivilRights/Topaz/ekbchiqjvbl-topaz-face-upscale-4x.png	/Users/bear/Documents/CoWork/bear-textbooks/books/art/extracted/CivilRights-20260801T012005Z-1-001/CivilRights/Topaz/ekbchiqjvbl-topaz-face-upscale-4x.png	extracted
/Users/bear/Documents/CoWork/bear-textbooks/books/art/CivilRights-20260801T012005Z-1-001.zip	CivilRights/Topaz/rhtoccskjwc-topaz-upscale-4x.png	/Users/bear/Documents/CoWork/bear-textbooks/books/art/extracted/CivilRights-20260801T012005Z-1-001/CivilRights/Topaz/rhtoccskjwc-topaz-upscale-4x.png	extracted
/Users/bear/Documents/CoWork/bear-textbooks/books/art/CivilRights-20260801T012005Z-1-001.zip	CivilRights/Topaz/zebzgndditd-topaz-face-upscale-4x.png	/Users/bear/Documents/CoWork/bear-textbooks/books/art/extracted/CivilRights-20260801T012005Z-1-001/CivilRights/Topaz/zebzgndditd-topaz-face-upscale-4x.png	extracted
/Users/bear/Documents/CoWork/bear-textbooks/books/art/CivilRights-20260801T012005Z-1-001.zip	CivilRights/Topaz/htsxtehxoyb-topaz-upscale-4x.png	/Users/bear/Documents/CoWork/bear-textbooks/books/art/extracted/CivilRights-20260801T012005Z-1-001/CivilRights/Topaz/htsxtehxoyb-topaz-upscale-4x.png	extracted
/Users/bear/Documents/CoWork/bear-textbooks/books/art/CivilRights-20260801T012005Z-1-001.zip	CivilRights/Topaz/lixbhavzmff-topaz-face-upscale-4x.png	/Users/bear/Documents/CoWork/bear-textbooks/books/art/extracted/CivilRights-20260801T012005Z-1-001/CivilRights/Topaz/lixbhavzmff-topaz-face-upscale-4x.png	extracted
/Users/bear/Documents/CoWork/bear-textbooks/books/art/CivilRights-20260801T012005Z-1-001.zip	CivilRights/Topaz/00_humanitarians.ai_black_and_white_photograph_ofa_young_Sidney__120c5929-c42d-4871-a38c-36c8fbab0fd2_0-topaz-face-upscale-3.4x.png	/Users/bear/Documents/CoWork/bear-textbooks/books/art/extracted/CivilRights-20260801T012005Z-1-001/CivilRights/Topaz/00_humanitarians.ai_black_and_white_photograph_ofa_young_Sidney__120c5929-c42d-4871-a38c-36c8fbab0fd2_0-topaz-face-upscale-3.4x.png	extracted
/Users/bear/Documents/CoWork/bear-textbooks/books/art/CivilRights-20260801T012005Z-1-001.zip	CivilRights/Topaz/humanitarians.ai_black_and_white_photograph_ofa_young_Sidney__120c5929-c42d-4871-a38c-36c8fbab0fd2_0-topaz-face-upscale-3.4x.png	/Users/bear/Documents/CoWork/bear-textbooks/books/art/extracted/CivilRights-20260801T012005Z-1-001/CivilRights/Topaz/humanitarians.ai_black_and_white_photograph_ofa_young_Sidney__120c5929-c42d-4871-a38c-36c8fbab0fd2_0-topaz-face-upscale-3.4x.png	extracted
/Users/bear/Documents/CoWork/bear-textbooks/books/art/CivilRights-20260801T012005Z-1-001.zip	CivilRights/Topaz/prtwrciihdl-topaz-upscale-4x.png	/Users/bear/Documents/CoWork/bear-textbooks/books/art/extracted/CivilRights-20260801T012005Z-1-001/CivilRights/Topaz/prtwrciihdl-topaz-upscale-4x.png	extracted
/Users/bear/Documents/CoWork/bear-textbooks/books/art/CivilRights-20260801T012005Z-1-001.zip	CivilRights/Topaz/icfhnembimu-topaz-face-upscale-4x.png	/Users/bear/Documents/CoWork/bear-textbooks/books/art/extracted/CivilRights-20260801T012005Z-1-001/CivilRights/Topaz/icfhnembimu-topaz-face-upscale-4x.png	extracted
/Users/bear/Documents/CoWork/bear-textbooks/books/art/CivilRights-20260801T012005Z-1-001.zip	CivilRights/Topaz/isgqksbloem-topaz-face-upscale-4x.png	/Users/bear/Documents/CoWork/bear-textbooks/books/art/extracted/CivilRights-20260801T012005Z-1-001/CivilRights/Topaz/isgqksbloem-topaz-face-upscale-4x.png	extracted
/Users/bear/Documents/CoWork/bear-textbooks/books/art/CivilRights-20260801T012005Z-1-001.zip	CivilRights/Topaz/igxtydxgzsr-topaz-face-upscale-4x.png	/Users/bear/Documents/CoWork/bear-textbooks/books/art/extracted/CivilRights-20260801T012005Z-1-001/CivilRights/Topaz/igxtydxgzsr-topaz-face-upscale-4x.png	extracted
/Users/bear/Documents/CoWork/bear-textbooks/books/art/CivilRights-20260801T012005Z-1-001.zip	CivilRights/Topaz/ginyswkxldl-topaz-upscale-4x.png	/Users/bear/Documents/CoWork/bear-textbooks/books/art/extracted/CivilRights-20260801T012005Z-1-001/CivilRights/Topaz/ginyswkxldl-topaz-upscale-4x.png	extracted
/Users/bear/Documents/CoWork/bear-textbooks/books/art/CivilRights-20260801T012005Z-1-001.zip	CivilRights/Topaz/clisrxbibwu-topaz-face-upscale-4x.png	/Users/bear/Documents/CoWork/bear-textbooks/books/art/extracted/CivilRights-20260801T012005Z-1-001/CivilRights/Topaz/clisrxbibwu-topaz-face-upscale-4x.png	extracted
/Users/bear/Documents/CoWork/bear-textbooks/books/art/CivilRights-20260801T012005Z-1-001.zip	CivilRights/Topaz/gypjwuqcbrd-topaz-face-upscale-4x.png	/Users/bear/Documents/CoWork/bear-textbooks/books/art/extracted/CivilRights-20260801T012005Z-1-001/CivilRights/Topaz/gypjwuqcbrd-topaz-face-upscale-4x.png	extracted
/Users/bear/Documents/CoWork/bear-textbooks/books/art/CivilRights-20260801T012005Z-1-001.zip	CivilRights/Topaz/xkiczqlcdkd-topaz-face-upscale-4x.png	/Users/bear/Documents/CoWork/bear-textbooks/books/art/extracted/CivilRights-20260801T012005Z-1-001/CivilRights/Topaz/xkiczqlcdkd-topaz-face-upscale-4x.png	extracted
/Users/bear/Documents/CoWork/bear-textbooks/books/art/CivilRights-20260801T012005Z-1-001.zip	CivilRights/Topaz/pwffqddmfpv-topaz-upscale-4x.png	/Users/bear/Documents/CoWork/bear-textbooks/books/art/extracted/CivilRights-20260801T012005Z-1-001/CivilRights/Topaz/pwffqddmfpv-topaz-upscale-4x.png	extracted
/Users/bear/Documents/CoWork/bear-textbooks/books/art/CivilRights-20260801T012005Z-1-001.zip	CivilRights/Topaz/dqavsdvkmrr-topaz-upscale-4x.png	/Users/bear/Documents/CoWork/bear-textbooks/books/art/extracted/CivilRights-20260801T012005Z-1-001/CivilRights/Topaz/dqavsdvkmrr-topaz-upscale-4x.png	extracted
/Users/bear/Documents/CoWork/bear-textbooks/books/art/CivilRights-20260801T012005Z-1-001.zip	CivilRights/Topaz/nckavvkgopr-topaz-face-upscale-4x.png	/Users/bear/Documents/CoWork/bear-textbooks/books/art/extracted/CivilRights-20260801T012005Z-1-001/CivilRights/Topaz/nckavvkgopr-topaz-face-upscale-4x.png	extracted
/Users/bear/Documents/CoWork/bear-textbooks/books/art/CivilRights-20260801T012005Z-1-001.zip	CivilRights/Topaz/fitwhqengpx-topaz-face-upscale-4x.png	/Users/bear/Documents/CoWork/bear-textbooks/books/art/extracted/CivilRights-20260801T012005Z-1-001/CivilRights/Topaz/fitwhqengpx-topaz-face-upscale-4x.png	extracted
/Users/bear/Documents/CoWork/bear-textbooks/books/art/CivilRights-20260801T012005Z-1-001.zip	CivilRights/Topaz/rqevfadewyf-topaz-upscale-4x.png	/Users/bear/Documents/CoWork/bear-textbooks/books/art/extracted/CivilRights-20260801T012005Z-1-001/CivilRights/Topaz/rqevfadewyf-topaz-upscale-4x.png	extracted
/Users/bear/Documents/CoWork/bear-textbooks/books/art/CivilRights-20260801T012005Z-1-001.zip	CivilRights/Topaz/xjjjusitkad-topaz-upscale-4x.png	/Users/bear/Documents/CoWork/bear-textbooks/books/art/extracted/CivilRights-20260801T012005Z-1-001/CivilRights/Topaz/xjjjusitkad-topaz-upscale-4x.png	extracted
/Users/bear/Documents/CoWork/bear-textbooks/books/art/CivilRights-20260801T012005Z-1-001.zip	CivilRights/Topaz/lucrhhzydkt-topaz-upscale-4x.png	/Users/bear/Documents/CoWork/bear-textbooks/books/art/extracted/CivilRights-20260801T012005Z-1-001/CivilRights/Topaz/lucrhhzydkt-topaz-upscale-4x.png	extracted
/Users/bear/Documents/CoWork/bear-textbooks/books/art/R_63_Claude Monet_New-002.zip	R_63_Claude Monet_New/The_Church_of_San_Giorgio_Maggiore.jpg	/Users/bear/Documents/CoWork/bear-textbooks/books/art/extracted/R_63_Claude Monet_New-002/R_63_Claude Monet_New/The_Church_of_San_Giorgio_Maggiore.jpg	extracted
/Users/bear/Documents/CoWork/bear-textbooks/books/art/R_63_Claude Monet_New-002.zip	R_63_Claude Monet_New/Wind_Effect_Series_of_The_Poplarst.jpg	/Users/bear/Documents/CoWork/bear-textbooks/books/art/extracted/R_63_Claude Monet_New-002/R_63_Claude Monet_New/Wind_Effect_Series_of_The_Poplarst.jpg	extracted
/Users/bear/Documents/CoWork/bear-textbooks/books/art/R_63_Claude Monet_New-002.zip	R_63_Claude Monet_New/I╠éle_aux_Fleurs_near_Ve╠ütheuil.jpg	/Users/bear/Documents/CoWork/bear-textbooks/books/art/extracted/R_63_Claude Monet_New-002/R_63_Claude Monet_New/I╠éle_aux_Fleurs_near_Ve╠ütheuil.jpg	extracted
/Users/bear/Documents/CoWork/bear-textbooks/books/art/R_63_Claude Monet_New-002.zip	R_63_Claude Monet_New/Adolphe_in_the_Garden_of_Le_Coteau_at_Sainte-Adresse_1867.jpg	/Users/bear/Documents/CoWork/bear-textbooks/books/art/extracted/R_63_Claude Monet_New-002/R_63_Claude Monet_New/Adolphe_in_the_Garden_of_Le_Coteau_at_Sainte-Adresse_1867.jpg	extracted
/Users/bear/Documents/CoWork/bear-textbooks/books/art/R_63_Claude Monet_New-002.zip	R_63_Claude Monet_New/Canal_a╠Ç_Zaandam_1871.jpg	/Users/bear/Documents/CoWork/bear-textbooks/books/art/extracted/R_63_Claude Monet_New-002/R_63_Claude Monet_New/Canal_a╠Ç_Zaandam_1871.jpg	extracted
/Users/bear/Documents/CoWork/bear-textbooks/books/art/R_63_Claude Monet_New-002.zip	R_63_Claude Monet_New/Camille_on_the_Beach_in_Trouville.jpg	/Users/bear/Documents/CoWork/bear-textbooks/books/art/extracted/R_63_Claude Monet_New-002/R_63_Claude Monet_New/Camille_on_the_Beach_in_Trouville.jpg	extracted
/Users/bear/Documents/CoWork/bear-textbooks/books/art/R_63_Claude Monet_New-002.zip	R_63_Claude Monet_New/The_Luncheont.jpg	/Users/bear/Documents/CoWork/bear-textbooks/books/art/extracted/R_63_Claude Monet_New-002/R_63_Claude Monet_New/The_Luncheont.jpg	extracted
/Users/bear/Documents/CoWork/bear-textbooks/books/art/R_63_Claude Monet_New-002.zip	R_63_Claude Monet_New/Les_peupliers.jpg	/Users/bear/Documents/CoWork/bear-textbooks/books/art/extracted/R_63_Claude Monet_New-002/R_63_Claude Monet_New/Les_peupliers.jpg	extracted
/Users/bear/Documents/CoWork/bear-textbooks/books/art/R_63_Claude Monet_New-002.zip	R_63_Claude Monet_New/Le_Bassin_des_Nympheast.jpg	/Users/bear/Documents/CoWork/bear-textbooks/books/art/extracted/R_63_Claude Monet_New-002/R_63_Claude Monet_New/Le_Bassin_des_Nympheast.jpg	extracted
/Users/bear/Documents/CoWork/bear-textbooks/books/art/R_63_Claude Monet_New-002.zip	R_63_Claude Monet_New/Argenteuil_c.1872.jpg	/Users/bear/Documents/CoWork/bear-textbooks/books/art/extracted/R_63_Claude Monet_New-002/R_63_Claude Monet_New/Argenteuil_c.1872.jpg	extracted
/Users/bear/Documents/CoWork/bear-textbooks/books/art/R_63_Claude Monet_New-002.zip	R_63_Claude Monet_New/In_the_Woods_at_Giverny-_Blanche_Hoschede╠ü_at_Her_Easel_with_Suzanne_Hoschede╠ü_Readingt.jpg	/Users/bear/Documents/CoWork/bear-textbooks/books/art/extracted/R_63_Claude Monet_New-002/R_63_Claude Monet_New/In_the_Woods_at_Giverny-_Blanche_Hoschede╠ü_at_Her_Easel_with_Suzanne_Hoschede╠ü_Readingt.jpg	extracted
/Users/bear/Documents/CoWork/bear-textbooks/books/art/R_63_Claude Monet_New-002.zip	R_63_Claude Monet_New/A_Cart_on_the_Snowy_Road_at_Honfleur_1865_or_1867.jpg	/Users/bear/Documents/CoWork/bear-textbooks/books/art/extracted/R_63_Claude Monet_New-002/R_63_Claude Monet_New/A_Cart_on_the_Snowy_Road_at_Honfleur_1865_or_1867.jpg	extracted
/Users/bear/Documents/CoWork/bear-textbooks/books/art/R_63_Claude Monet_New-002.zip	R_63_Claude Monet_New/Cliffs_and_Sea_Sainte-Adresse_c._1864.jpg	/Users/bear/Documents/CoWork/bear-textbooks/books/art/extracted/R_63_Claude Monet_New-002/R_63_Claude Monet_New/Cliffs_and_Sea_Sainte-Adresse_c._1864.jpg	extracted
/Users/bear/Documents/CoWork/bear-textbooks/books/art/R_63_Claude Monet_New-002.zip	R_63_Claude Monet_New/Rouen_Cathedral_West_Fac╠ºadet.jpg	/Users/bear/Documents/CoWork/bear-textbooks/books/art/extracted/R_63_Claude Monet_New-002/R_63_Claude Monet_New/Rouen_Cathedral_West_Fac╠ºadet.jpg	extracted
/Users/bear/Documents/CoWork/bear-textbooks/books/art/R_63_Claude Monet_New-002.zip	R_63_Claude Monet_New/ArgenteuilBasinWithASingleSailboat.jpg	/Users/bear/Documents/CoWork/bear-textbooks/books/art/extracted/R_63_Claude Monet_New-002/R_63_Claude Monet_New/ArgenteuilBasinWithASingleSailboat.jpg	extracted
/Users/bear/Documents/CoWork/bear-textbooks/books/art/R_63_Claude Monet_New-002.zip	R_63_Claude Monet_New/Rouen_Cathedral_at_noon_1894.jpg	/Users/bear/Documents/CoWork/bear-textbooks/books/art/extracted/R_63_Claude Monet_New-002/R_63_Claude Monet_New/Rouen_Cathedral_at_noon_1894.jpg	extracted
/Users/bear/Documents/CoWork/bear-textbooks/books/art/R_63_Claude Monet_New-002.zip	R_63_Claude Monet_New/The_Beach_at_Trouville.jpg	/Users/bear/Documents/CoWork/bear-textbooks/books/art/extracted/R_63_Claude Monet_New-002/R_63_Claude Monet_New/The_Beach_at_Trouville.jpg	extracted
/Users/bear/Documents/CoWork/bear-textbooks/books/art/R_63_Claude Monet_New-002.zip	R_63_Claude Monet_New/Ladies_in_Flowerst.jpg	/Users/bear/Documents/CoWork/bear-textbooks/books/art/extracted/R_63_Claude Monet_New-002/R_63_Claude Monet_New/Ladies_in_Flowerst.jpg	extracted
/Users/bear/Documents/CoWork/bear-textbooks/books/art/R_63_Claude Monet_New-002.zip	R_63_Claude Monet_New/Waterloo_Bridge_in_Londont.jpg	/Users/bear/Documents/CoWork/bear-textbooks/books/art/extracted/R_63_Claude Monet_New-002/R_63_Claude Monet_New/Waterloo_Bridge_in_Londont.jpg	extracted
/Users/bear/Documents/CoWork/bear-textbooks/books/art/R_63_Claude Monet_New-002.zip	R_63_Claude Monet_New/River_at_Lavacourt.jpg	/Users/bear/Documents/CoWork/bear-textbooks/books/art/extracted/R_63_Claude Monet_New-002/R_63_Claude Monet_New/River_at_Lavacourt.jpg	extracted
/Users/bear/Documents/CoWork/bear-textbooks/books/art/R_63_Claude Monet_New-002.zip	R_63_Claude Monet_New/Ve╠ütheuil_en_hiver.jpg	/Users/bear/Documents/CoWork/bear-textbooks/books/art/extracted/R_63_Claude Monet_New-002/R_63_Claude Monet_New/Ve╠ütheuil_en_hiver.jpg	extracted
/Users/bear/Documents/CoWork/bear-textbooks/books/art/R_63_Claude Monet_New-002.zip	R_63_Claude Monet_New/The_Young_Ladies_of_Giverny.jpg	/Users/bear/Documents/CoWork/bear-textbooks/books/art/extracted/R_63_Claude Monet_New-002/R_63_Claude Monet_New/The_Young_Ladies_of_Giverny.jpg	extracted
/Users/bear/Documents/CoWork/bear-textbooks/books/art/R_63_Claude Monet_New-002.zip	R_63_Claude Monet_New/Henry_Malfroy_-_Venice_a_View_to_San_Giorgio_Maggiore.jpg	/Users/bear/Documents/CoWork/bear-textbooks/books/art/extracted/R_63_Claude Monet_New-002/R_63_Claude Monet_New/Henry_Malfroy_-_Venice_a_View_to_San_Giorgio_Maggiore.jpg	extracted
/Users/bear/Documents/CoWork/bear-textbooks/books/art/R_63_Claude Monet_New-002.zip	R_63_Claude Monet_New/La maison du pe╠écheur_1882.jpg	/Users/bear/Documents/CoWork/bear-textbooks/books/art/extracted/R_63_Claude Monet_New-002/R_63_Claude Monet_New/La maison du pe╠écheur_1882.jpg	extracted
/Users/bear/Documents/CoWork/bear-textbooks/books/art/R_63_Claude Monet_New-002.zip	R_63_Claude Monet_New/Day_Lilies_by_Muse╠üe_Marmottan_Monet.jpg	/Users/bear/Documents/CoWork/bear-textbooks/books/art/extracted/R_63_Claude Monet_New-002/R_63_Claude Monet_New/Day_Lilies_by_Muse╠üe_Marmottan_Monet.jpg	extracted
/Users/bear/Documents/CoWork/bear-textbooks/books/art/R_63_Claude Monet_New-002.zip	R_63_Claude Monet_New/Rue_de_la_Bavole_Honfleurt.jpg	/Users/bear/Documents/CoWork/bear-textbooks/books/art/extracted/R_63_Claude Monet_New-002/R_63_Claude Monet_New/Rue_de_la_Bavole_Honfleurt.jpg	extracted
/Users/bear/Documents/CoWork/bear-textbooks/books/art/R_63_Claude Monet_New-002.zip	R_63_Claude Monet_New/St._Germain_l'Auxerrois_a╠Ç_Parist.jpg	/Users/bear/Documents/CoWork/bear-textbooks/books/art/extracted/R_63_Claude Monet_New-002/R_63_Claude Monet_New/St._Germain_l'Auxerrois_a╠Ç_Parist.jpg	extracted
/Users/bear/Documents/CoWork/bear-textbooks/books/art/R_63_Claude Monet_New-002.zip	R_63_Claude Monet_New/The_Rue_Montorgueil_in_Paris_1878.jpg	/Users/bear/Documents/CoWork/bear-textbooks/books/art/extracted/R_63_Claude Monet_New-002/R_63_Claude Monet_New/The_Rue_Montorgueil_in_Paris_1878.jpg	extracted
/Users/bear/Documents/CoWork/bear-textbooks/books/art/R_63_Claude Monet_New-002.zip	R_63_Claude Monet_New/The_Four_Trees.jpg	/Users/bear/Documents/CoWork/bear-textbooks/books/art/extracted/R_63_Claude Monet_New-002/R_63_Claude Monet_New/The_Four_Trees.jpg	extracted
/Users/bear/Documents/CoWork/bear-textbooks/books/art/R_63_Claude Monet_New-002.zip	R_63_Claude Monet_New/Rouen_Cathedral-_Setting_Sun_Symphony_in_Grey_and_Pink.jpg	/Users/bear/Documents/CoWork/bear-textbooks/books/art/extracted/R_63_Claude Monet_New-002/R_63_Claude Monet_New/Rouen_Cathedral-_Setting_Sun_Symphony_in_Grey_and_Pink.jpg	extracted
/Users/bear/Documents/CoWork/bear-textbooks/books/art/R_63_Claude Monet_New-002.zip	R_63_Claude Monet_New/Rouen_Cathedral_Fac╠ºade_and_Tour_d'Albane.jpg	/Users/bear/Documents/CoWork/bear-textbooks/books/art/extracted/R_63_Claude Monet_New-002/R_63_Claude Monet_New/Rouen_Cathedral_Fac╠ºade_and_Tour_d'Albane.jpg	extracted
/Users/bear/Documents/CoWork/bear-textbooks/books/art/R_63_Claude Monet_New-002.zip	R_63_Claude Monet_New/Spring in Giverny_1890.jpg	/Users/bear/Documents/CoWork/bear-textbooks/books/art/extracted/R_63_Claude Monet_New-002/R_63_Claude Monet_New/Spring in Giverny_1890.jpg	extracted
/Users/bear/Documents/CoWork/bear-textbooks/books/art/R_63_Claude Monet_New-002.zip	R_63_Claude Monet_New/Chrysanthemums.jpg	/Users/bear/Documents/CoWork/bear-textbooks/books/art/extracted/R_63_Claude Monet_New-002/R_63_Claude Monet_New/Chrysanthemums.jpg	extracted
/Users/bear/Documents/CoWork/bear-textbooks/books/art/R_63_Claude Monet_New-002.zip	R_63_Claude Monet_New/The_Argenteuil_Bridget.jpg	/Users/bear/Documents/CoWork/bear-textbooks/books/art/extracted/R_63_Claude Monet_New-002/R_63_Claude Monet_New/The_Argenteuil_Bridget.jpg	extracted
/Users/bear/Documents/CoWork/bear-textbooks/books/art/R_63_Claude Monet_New-002.zip	R_63_Claude Monet_New/le_bassin_dargenteuil.jpg	/Users/bear/Documents/CoWork/bear-textbooks/books/art/extracted/R_63_Claude Monet_New-002/R_63_Claude Monet_New/le_bassin_dargenteuil.jpg	extracted
/Users/bear/Documents/CoWork/bear-textbooks/books/art/R_63_Claude Monet_New-002.zip	R_63_Claude Monet_New/Springtimet.jpg	/Users/bear/Documents/CoWork/bear-textbooks/books/art/extracted/R_63_Claude Monet_New-002/R_63_Claude Monet_New/Springtimet.jpg	extracted
/Users/bear/Documents/CoWork/bear-textbooks/books/art/R_63_Claude Monet_New-002.zip	R_63_Claude Monet_New/Snow_at_Argenteuil_1875.jpg	/Users/bear/Documents/CoWork/bear-textbooks/books/art/extracted/R_63_Claude Monet_New-002/R_63_Claude Monet_New/Snow_at_Argenteuil_1875.jpg	extracted
/Users/bear/Documents/CoWork/bear-textbooks/books/art/R_63_Claude Monet_New-002.zip	R_63_Claude Monet_New/La_Vague_Verte.jpg	/Users/bear/Documents/CoWork/bear-textbooks/books/art/extracted/R_63_Claude Monet_New-002/R_63_Claude Monet_New/La_Vague_Verte.jpg	extracted
/Users/bear/Documents/CoWork/bear-textbooks/books/art/R_63_Claude Monet_New-002.zip	R_63_Claude Monet_New/Winter_Landscape_with_Evening_Skyt.jpg	/Users/bear/Documents/CoWork/bear-textbooks/books/art/extracted/R_63_Claude Monet_New-002/R_63_Claude Monet_New/Winter_Landscape_with_Evening_Skyt.jpg	extracted
/Users/bear/Documents/CoWork/bear-textbooks/books/art/R_63_Claude Monet_New-002.zip	R_63_Claude Monet_New/Seerosen.jpg	/Users/bear/Documents/CoWork/bear-textbooks/books/art/extracted/R_63_Claude Monet_New-002/R_63_Claude Monet_New/Seerosen.jpg	extracted
/Users/bear/Documents/CoWork/bear-textbooks/books/art/R_63_Claude Monet_New-002.zip	R_63_Claude Monet_New/Poppy_Fieldt_1.jpg	/Users/bear/Documents/CoWork/bear-textbooks/books/art/extracted/R_63_Claude Monet_New-002/R_63_Claude Monet_New/Poppy_Fieldt_1.jpg	extracted
/Users/bear/Documents/CoWork/bear-textbooks/books/art/R_63_Claude Monet_New-002.zip	R_63_Claude Monet_New/Still_Life_with_Flowers_and_Fruitt.jpg	/Users/bear/Documents/CoWork/bear-textbooks/books/art/extracted/R_63_Claude Monet_New-002/R_63_Claude Monet_New/Still_Life_with_Flowers_and_Fruitt.jpg	extracted
/Users/bear/Documents/CoWork/bear-textbooks/books/art/R_63_Claude Monet_New-002.zip	R_63_Claude Monet_New/Jerusalem_Artichoke_Flowers_1880.jpg	/Users/bear/Documents/CoWork/bear-textbooks/books/art/extracted/R_63_Claude Monet_New-002/R_63_Claude Monet_New/Jerusalem_Artichoke_Flowers_1880.jpg	extracted
/Users/bear/Documents/CoWork/bear-textbooks/books/art/R_63_Claude Monet_New-002.zip	R_63_Claude Monet_New/Barque-Marmottan.jpg	/Users/bear/Documents/CoWork/bear-textbooks/books/art/extracted/R_63_Claude Monet_New-002/R_63_Claude Monet_New/Barque-Marmottan.jpg	extracted
/Users/bear/Documents/CoWork/bear-textbooks/books/art/R_63_Claude Monet_New-002.zip	R_63_Claude Monet_New/Flower_Beds_at_Ve╠ütheuilt.jpg	/Users/bear/Documents/CoWork/bear-textbooks/books/art/extracted/R_63_Claude Monet_New-002/R_63_Claude Monet_New/Flower_Beds_at_Ve╠ütheuilt.jpg	extracted
/Users/bear/Documents/CoWork/bear-textbooks/books/art/R_63_Claude Monet_New-002.zip	R_63_Claude Monet_New/Lavacourt-Sunshine-and-Snow.jpg	/Users/bear/Documents/CoWork/bear-textbooks/books/art/extracted/R_63_Claude Monet_New-002/R_63_Claude Monet_New/Lavacourt-Sunshine-and-Snow.jpg	extracted
/Users/bear/Documents/CoWork/bear-textbooks/books/art/R_63_Claude Monet_New-002.zip	R_63_Claude Monet_New/Le_De╠üjeuner_sur_l'herbe_1866.jpg	/Users/bear/Documents/CoWork/bear-textbooks/books/art/extracted/R_63_Claude Monet_New-002/R_63_Claude Monet_New/Le_De╠üjeuner_sur_l'herbe_1866.jpg	extracted
/Users/bear/Documents/CoWork/bear-textbooks/books/art/R_63_Claude Monet_New-002.zip	R_63_Claude Monet_New/Jar_of_Peachest.jpg	/Users/bear/Documents/CoWork/bear-textbooks/books/art/extracted/R_63_Claude Monet_New-002/R_63_Claude Monet_New/Jar_of_Peachest.jpg	extracted
/Users/bear/Documents/CoWork/bear-textbooks/books/art/R_63_Claude Monet_New-002.zip	R_63_Claude Monet_New/Arrival_of_the_Normandy_Traint.jpg	/Users/bear/Documents/CoWork/bear-textbooks/books/art/extracted/R_63_Claude Monet_New-002/R_63_Claude Monet_New/Arrival_of_the_Normandy_Traint.jpg	extracted
/Users/bear/Documents/CoWork/bear-textbooks/books/art/R_63_Claude Monet_New-002.zip	R_63_Claude Monet_New/Paysage_a╠Ç_Port-Goulphar.jpg	/Users/bear/Documents/CoWork/bear-textbooks/books/art/extracted/R_63_Claude Monet_New-002/R_63_Claude Monet_New/Paysage_a╠Ç_Port-Goulphar.jpg	extracted
/Users/bear/Documents/CoWork/bear-textbooks/books/art/R_63_Claude Monet_New-002.zip	R_63_Claude Monet_New/Waterliliest.jpg	/Users/bear/Documents/CoWork/bear-textbooks/books/art/extracted/R_63_Claude Monet_New-002/R_63_Claude Monet_New/Waterliliest.jpg	extracted
/Users/bear/Documents/CoWork/bear-textbooks/books/art/R_63_Claude Monet_New-002.zip	R_63_Claude Monet_New/Boulevard_des_Capucinest.jpg	/Users/bear/Documents/CoWork/bear-textbooks/books/art/extracted/R_63_Claude Monet_New-002/R_63_Claude Monet_New/Boulevard_des_Capucinest.jpg	extracted
/Users/bear/Documents/CoWork/bear-textbooks/books/art/R_63_Claude Monet_New-002.zip	R_63_Claude Monet_New/The_Water_Lilies_-_Setting_Sunt.jpg	/Users/bear/Documents/CoWork/bear-textbooks/books/art/extracted/R_63_Claude Monet_New-002/R_63_Claude Monet_New/The_Water_Lilies_-_Setting_Sunt.jpg	extracted
/Users/bear/Documents/CoWork/bear-textbooks/books/art/R_63_Claude Monet_New-002.zip	R_63_Claude Monet_New/Ponte_Japonesa.jpg	/Users/bear/Documents/CoWork/bear-textbooks/books/art/extracted/R_63_Claude Monet_New-002/R_63_Claude Monet_New/Ponte_Japonesa.jpg	extracted
/Users/bear/Documents/CoWork/bear-textbooks/books/art/R_63_Claude Monet_New-002.zip	R_63_Claude Monet_New/Rough_weather_at_E╠ütretatt.jpg	/Users/bear/Documents/CoWork/bear-textbooks/books/art/extracted/R_63_Claude Monet_New-002/R_63_Claude Monet_New/Rough_weather_at_E╠ütretatt.jpg	extracted
/Users/bear/Documents/CoWork/bear-textbooks/books/art/R_63_Claude Monet_New-002.zip	R_63_Claude Monet_New/Sonnenaufgang_bei_Etretat.jpg	/Users/bear/Documents/CoWork/bear-textbooks/books/art/extracted/R_63_Claude Monet_New-002/R_63_Claude Monet_New/Sonnenaufgang_bei_Etretat.jpg	extracted
/Users/bear/Documents/CoWork/bear-textbooks/books/art/R_63_Claude Monet_New-002.zip	R_63_Claude Monet_New/The_Doge's_Palace_Seen_from_San_Giorgio_Maggiore.jpg	/Users/bear/Documents/CoWork/bear-textbooks/books/art/extracted/R_63_Claude Monet_New-002/R_63_Claude Monet_New/The_Doge's_Palace_Seen_from_San_Giorgio_Maggiore.jpg	extracted
/Users/bear/Documents/CoWork/bear-textbooks/books/art/R_63_Claude Monet_New-002.zip	R_63_Claude Monet_New/Peony_Gardent.jpg	/Users/bear/Documents/CoWork/bear-textbooks/books/art/extracted/R_63_Claude Monet_New-002/R_63_Claude Monet_New/Peony_Gardent.jpg	extracted
/Users/bear/Documents/CoWork/bear-textbooks/books/art/R_63_Claude Monet_New-002.zip	R_63_Claude Monet_New/Quai_du_Louvre_1867.jpg	/Users/bear/Documents/CoWork/bear-textbooks/books/art/extracted/R_63_Claude Monet_New-002/R_63_Claude Monet_New/Quai_du_Louvre_1867.jpg	extracted
/Users/bear/Documents/CoWork/bear-textbooks/books/art/R_63_Claude Monet_New-002.zip	R_63_Claude Monet_New/Antibes-das-Fort.jpg	/Users/bear/Documents/CoWork/bear-textbooks/books/art/extracted/R_63_Claude Monet_New-002/R_63_Claude Monet_New/Antibes-das-Fort.jpg	extracted
/Users/bear/Documents/CoWork/bear-textbooks/books/art/R_63_Claude Monet_New-002.zip	R_63_Claude Monet_New/Water_Lilies.jpg	/Users/bear/Documents/CoWork/bear-textbooks/books/art/extracted/R_63_Claude Monet_New-002/R_63_Claude Monet_New/Water_Lilies.jpg	extracted
/Users/bear/Documents/CoWork/bear-textbooks/books/art/R_63_Claude Monet_New-002.zip	R_63_Claude Monet_New/Ve╠ütheuil.jpg	/Users/bear/Documents/CoWork/bear-textbooks/books/art/extracted/R_63_Claude Monet_New-002/R_63_Claude Monet_New/Ve╠ütheuil.jpg	extracted
/Users/bear/Documents/CoWork/bear-textbooks/books/art/R_63_Claude Monet_New-002.zip	R_63_Claude Monet_New/The_Beach_at_Sainte-Adresset.jpg	/Users/bear/Documents/CoWork/bear-textbooks/books/art/extracted/R_63_Claude Monet_New-002/R_63_Claude Monet_New/The_Beach_at_Sainte-Adresset.jpg	extracted
/Users/bear/Documents/CoWork/bear-textbooks/books/art/R_63_Claude Monet_New-002.zip	R_63_Claude Monet_New/Effet_de_Neige_Le_Matin_1891.jpg	/Users/bear/Documents/CoWork/bear-textbooks/books/art/extracted/R_63_Claude Monet_New-002/R_63_Claude Monet_New/Effet_de_Neige_Le_Matin_1891.jpg	extracted
/Users/bear/Documents/CoWork/bear-textbooks/books/art/R_63_Claude Monet_New-002.zip	R_63_Claude Monet_New/The_Portal_of_Rouen_Cathedral_in_Morning_Light_1894.jpg	/Users/bear/Documents/CoWork/bear-textbooks/books/art/extracted/R_63_Claude Monet_New-002/R_63_Claude Monet_New/The_Portal_of_Rouen_Cathedral_in_Morning_Light_1894.jpg	extracted
/Users/bear/Documents/CoWork/bear-textbooks/books/art/R_63_Claude Monet_New-002.zip	R_63_Claude Monet_New/Bridge_at_Argenteuil_on_a_Gray_Day_c.1876.jpg	/Users/bear/Documents/CoWork/bear-textbooks/books/art/extracted/R_63_Claude Monet_New-002/R_63_Claude Monet_New/Bridge_at_Argenteuil_on_a_Gray_Day_c.1876.jpg	extracted
/Users/bear/Documents/CoWork/bear-textbooks/books/art/R_63_Claude Monet_New-002.zip	R_63_Claude Monet_New/Bazille_and_Camille_Study_for_De╠üjeuner_sur_l'Herbe.jpg	/Users/bear/Documents/CoWork/bear-textbooks/books/art/extracted/R_63_Claude Monet_New-002/R_63_Claude Monet_New/Bazille_and_Camille_Study_for_De╠üjeuner_sur_l'Herbe.jpg	extracted
/Users/bear/Documents/CoWork/bear-textbooks/books/art/R_63_Claude Monet_New-002.zip	R_63_Claude Monet_New/Boulevard_He╠üloise_Argenteuil.jpg	/Users/bear/Documents/CoWork/bear-textbooks/books/art/extracted/R_63_Claude Monet_New-002/R_63_Claude Monet_New/Boulevard_He╠üloise_Argenteuil.jpg	extracted
/Users/bear/Documents/CoWork/bear-textbooks/books/art/R_63_Claude Monet_New-002.zip	R_63_Claude Monet_New/Bouquet of Sunflowers_1881.jpg	/Users/bear/Documents/CoWork/bear-textbooks/books/art/extracted/R_63_Claude Monet_New-002/R_63_Claude Monet_New/Bouquet of Sunflowers_1881.jpg	extracted
/Users/bear/Documents/CoWork/bear-textbooks/books/art/R_63_Claude Monet_New-002.zip	R_63_Claude Monet_New/La_Pointe_du_Petit_Ailly.jpg	/Users/bear/Documents/CoWork/bear-textbooks/books/art/extracted/R_63_Claude Monet_New-002/R_63_Claude Monet_New/La_Pointe_du_Petit_Ailly.jpg	extracted
/Users/bear/Documents/CoWork/bear-textbooks/books/art/R_63_Claude Monet_New-002.zip	R_63_Claude Monet_New/Rouen_Seine-Maritime.jpg	/Users/bear/Documents/CoWork/bear-textbooks/books/art/extracted/R_63_Claude Monet_New-002/R_63_Claude Monet_New/Rouen_Seine-Maritime.jpg	extracted
/Users/bear/Documents/CoWork/bear-textbooks/books/art/R_63_Claude Monet_New-002.zip	R_63_Claude Monet_New/Ninfee_rosa_by_1897-1899.jpg	/Users/bear/Documents/CoWork/bear-textbooks/books/art/extracted/R_63_Claude Monet_New-002/R_63_Claude Monet_New/Ninfee_rosa_by_1897-1899.jpg	extracted
/Users/bear/Documents/CoWork/bear-textbooks/books/art/R_63_Claude Monet_New-002.zip	R_63_Claude Monet_New/E╠ütretat_The_Beach_and_the_Falaise_d'Amont.jpg	/Users/bear/Documents/CoWork/bear-textbooks/books/art/extracted/R_63_Claude Monet_New-002/R_63_Claude Monet_New/E╠ütretat_The_Beach_and_the_Falaise_d'Amont.jpg	extracted
/Users/bear/Documents/CoWork/bear-textbooks/books/art/R_63_Claude Monet_New-002.zip	R_63_Claude Monet_New/Sandvika Norway._1895.jpg	/Users/bear/Documents/CoWork/bear-textbooks/books/art/extracted/R_63_Claude Monet_New-002/R_63_Claude Monet_New/Sandvika Norway._1895.jpg	extracted
/Users/bear/Documents/CoWork/bear-textbooks/books/art/R_63_Claude Monet_New-002.zip	R_63_Claude Monet_New/The_Path_through_the_Irises.jpg	/Users/bear/Documents/CoWork/bear-textbooks/books/art/extracted/R_63_Claude Monet_New-002/R_63_Claude Monet_New/The_Path_through_the_Irises.jpg	extracted
/Users/bear/Documents/CoWork/bear-textbooks/books/art/R_63_Claude Monet_New-002.zip	R_63_Claude Monet_New/Le_Pont_d`_Argenteuilt.jpg	/Users/bear/Documents/CoWork/bear-textbooks/books/art/extracted/R_63_Claude Monet_New-002/R_63_Claude Monet_New/Le_Pont_d`_Argenteuilt.jpg	extracted
/Users/bear/Documents/CoWork/bear-textbooks/books/art/R_63_Claude Monet_New-002.zip	R_63_Claude Monet_New/Reflections_of_Clouds_on_the_Water-Lily_Pond.jpg	/Users/bear/Documents/CoWork/bear-textbooks/books/art/extracted/R_63_Claude Monet_New-002/R_63_Claude Monet_New/Reflections_of_Clouds_on_the_Water-Lily_Pond.jpg	extracted
/Users/bear/Documents/CoWork/bear-textbooks/books/art/R_63_Claude Monet_New-002.zip	R_63_Claude Monet_New/Poppy_Field_in_a_Hollow_near_Givernyt.jpg	/Users/bear/Documents/CoWork/bear-textbooks/books/art/extracted/R_63_Claude Monet_New-002/R_63_Claude Monet_New/Poppy_Field_in_a_Hollow_near_Givernyt.jpg	extracted
/Users/bear/Documents/CoWork/bear-textbooks/books/art/R_63_Claude Monet_New-002.zip	R_63_Claude Monet_New/The_Cathedral_in_Rouen._The_portal_Grey_Weathert.jpg	/Users/bear/Documents/CoWork/bear-textbooks/books/art/extracted/R_63_Claude Monet_New-002/R_63_Claude Monet_New/The_Cathedral_in_Rouen._The_portal_Grey_Weathert.jpg	extracted
/Users/bear/Documents/CoWork/bear-textbooks/books/art/R_63_Claude Monet_New-002.zip	R_63_Claude Monet_New/The_Water-Lily_Pond_1899.jpg	/Users/bear/Documents/CoWork/bear-textbooks/books/art/extracted/R_63_Claude Monet_New-002/R_63_Claude Monet_New/The_Water-Lily_Pond_1899.jpg	extracted
/Users/bear/Documents/CoWork/bear-textbooks/books/art/R_63_Claude Monet_New-002.zip	R_63_Claude Monet_New/Ho╠étel_des_roches_noires._Trouvillet.jpg	/Users/bear/Documents/CoWork/bear-textbooks/books/art/extracted/R_63_Claude Monet_New-002/R_63_Claude Monet_New/Ho╠étel_des_roches_noires._Trouvillet.jpg	extracted
/Users/bear/Documents/CoWork/bear-textbooks/books/art/R_63_Claude Monet_New-002.zip	R_63_Claude Monet_New/Soleil_couchant_sur_la_Seine_a╠Ç_Lavacourt.jpg	/Users/bear/Documents/CoWork/bear-textbooks/books/art/extracted/R_63_Claude Monet_New-002/R_63_Claude Monet_New/Soleil_couchant_sur_la_Seine_a╠Ç_Lavacourt.jpg	extracted
/Users/bear/Documents/CoWork/bear-textbooks/books/art/R_63_Claude Monet_New-002.zip	R_63_Claude Monet_New/The_Willows_1880.jpg	/Users/bear/Documents/CoWork/bear-textbooks/books/art/extracted/R_63_Claude Monet_New-002/R_63_Claude Monet_New/The_Willows_1880.jpg	extracted
/Users/bear/Documents/CoWork/bear-textbooks/books/art/R_63_Claude Monet_New-002.zip	R_63_Claude Monet_New/Poppy_Fields_near_Argenteuil.jpg	/Users/bear/Documents/CoWork/bear-textbooks/books/art/extracted/R_63_Claude Monet_New-002/R_63_Claude Monet_New/Poppy_Fields_near_Argenteuil.jpg	extracted
/Users/bear/Documents/CoWork/bear-textbooks/books/art/R_63_Claude Monet_New-002.zip	R_63_Claude Monet_New/Le_Grand_Canal.jpg	/Users/bear/Documents/CoWork/bear-textbooks/books/art/extracted/R_63_Claude Monet_New-002/R_63_Claude Monet_New/Le_Grand_Canal.jpg	extracted
/Users/bear/Documents/CoWork/bear-textbooks/books/art/R_63_Claude Monet_New-002.zip	R_63_Claude Monet_New/Pond_with_Water_Liliest.jpg	/Users/bear/Documents/CoWork/bear-textbooks/books/art/extracted/R_63_Claude Monet_New-002/R_63_Claude Monet_New/Pond_with_Water_Liliest.jpg	extracted
/Users/bear/Documents/CoWork/bear-textbooks/books/art/R_63_Claude Monet_New-002.zip	R_63_Claude Monet_New/Ice_breaking_up_on_the_Seine_near_Bennecourtt.jpg	/Users/bear/Documents/CoWork/bear-textbooks/books/art/extracted/R_63_Claude Monet_New-002/R_63_Claude Monet_New/Ice_breaking_up_on_the_Seine_near_Bennecourtt.jpg	extracted
/Users/bear/Documents/CoWork/bear-textbooks/books/art/R_63_Claude Monet_New-002.zip	R_63_Claude Monet_New/The_Houses_of_Parliament_Sunset_1903.jpg	/Users/bear/Documents/CoWork/bear-textbooks/books/art/extracted/R_63_Claude Monet_New-002/R_63_Claude Monet_New/The_Houses_of_Parliament_Sunset_1903.jpg	extracted
/Users/bear/Documents/CoWork/bear-textbooks/books/art/R_63_Claude Monet_New-002.zip	R_63_Claude Monet_New/route_a_louveciennes_neige_fondante_soleil_couchant.jpg	/Users/bear/Documents/CoWork/bear-textbooks/books/art/extracted/R_63_Claude Monet_New-002/R_63_Claude Monet_New/route_a_louveciennes_neige_fondante_soleil_couchant.jpg	extracted
/Users/bear/Documents/CoWork/bear-textbooks/books/art/R_63_Claude Monet_New-002.zip	R_63_Claude Monet_New/La_Pointe_de_la_He╠Çve_at_Low_Tidet.jpg	/Users/bear/Documents/CoWork/bear-textbooks/books/art/extracted/R_63_Claude Monet_New-002/R_63_Claude Monet_New/La_Pointe_de_la_He╠Çve_at_Low_Tidet.jpg	extracted
/Users/bear/Documents/CoWork/bear-textbooks/books/art/R_63_Claude Monet_New-002.zip	R_63_Claude Monet_New/The_Duck_Pond.jpg	/Users/bear/Documents/CoWork/bear-textbooks/books/art/extracted/R_63_Claude Monet_New-002/R_63_Claude Monet_New/The_Duck_Pond.jpg	extracted
/Users/bear/Documents/CoWork/bear-textbooks/books/art/R_63_Claude Monet_New-002.zip	R_63_Claude Monet_New/The_Seine_at_Ve╠ütheuil_1880.jpg	/Users/bear/Documents/CoWork/bear-textbooks/books/art/extracted/R_63_Claude Monet_New-002/R_63_Claude Monet_New/The_Seine_at_Ve╠ütheuil_1880.jpg	extracted
/Users/bear/Documents/CoWork/bear-textbooks/books/art/R_63_Claude Monet_New-002.zip	R_63_Claude Monet_New/Nymphe╠üas_1908.jpg	/Users/bear/Documents/CoWork/bear-textbooks/books/art/extracted/R_63_Claude Monet_New-002/R_63_Claude Monet_New/Nymphe╠üas_1908.jpg	extracted
/Users/bear/Documents/CoWork/bear-textbooks/books/art/R_63_Claude Monet_New-002.zip	R_63_Claude Monet_New/Stacks_of_Wheat_End_of_Summer.jpg	/Users/bear/Documents/CoWork/bear-textbooks/books/art/extracted/R_63_Claude Monet_New-002/R_63_Claude Monet_New/Stacks_of_Wheat_End_of_Summer.jpg	extracted
/Users/bear/Documents/CoWork/bear-textbooks/books/art/R_63_Claude Monet_New-002.zip	R_63_Claude Monet_New/Valley_of_the_Creuse_Gray_Day.jpg	/Users/bear/Documents/CoWork/bear-textbooks/books/art/extracted/R_63_Claude Monet_New-002/R_63_Claude Monet_New/Valley_of_the_Creuse_Gray_Day.jpg	extracted
/Users/bear/Documents/CoWork/bear-textbooks/books/art/R_63_Claude Monet_New-002.zip	R_63_Claude Monet_New/A Corner in the Garden at Montgeron_1986.jpg	/Users/bear/Documents/CoWork/bear-textbooks/books/art/extracted/R_63_Claude Monet_New-002/R_63_Claude Monet_New/A Corner in the Garden at Montgeron_1986.jpg	extracted
/Users/bear/Documents/CoWork/bear-textbooks/books/art/R_63_Claude Monet_New-002.zip	R_63_Claude Monet_New/Claude_Monet_Waterloo_Bridge_1901.jpg	/Users/bear/Documents/CoWork/bear-textbooks/books/art/extracted/R_63_Claude Monet_New-002/R_63_Claude Monet_New/Claude_Monet_Waterloo_Bridge_1901.jpg	extracted
/Users/bear/Documents/CoWork/bear-textbooks/books/art/R_63_Claude Monet_New-002.zip	R_63_Claude Monet_New/Water_Lily_Pond.jpg	/Users/bear/Documents/CoWork/bear-textbooks/books/art/extracted/R_63_Claude Monet_New-002/R_63_Claude Monet_New/Water_Lily_Pond.jpg	extracted
/Users/bear/Documents/CoWork/bear-textbooks/books/art/R_63_Claude Monet_New-002.zip	R_63_Claude Monet_New/The_Windmill_on_the_Onbekende_Gracht.jpg	/Users/bear/Documents/CoWork/bear-textbooks/books/art/extracted/R_63_Claude Monet_New-002/R_63_Claude Monet_New/The_Windmill_on_the_Onbekende_Gracht.jpg	extracted
/Users/bear/Documents/CoWork/bear-textbooks/books/art/R_63_Claude Monet_New-002.zip	R_63_Claude Monet_New/Mount_Kolsa╠ès.jpg	/Users/bear/Documents/CoWork/bear-textbooks/books/art/extracted/R_63_Claude Monet_New-002/R_63_Claude Monet_New/Mount_Kolsa╠ès.jpg	extracted
/Users/bear/Documents/CoWork/bear-textbooks/books/art/R_63_Claude Monet_New-002.zip	R_63_Claude Monet_New/La_Seine_a╠Ç_Ve╠ütheuil_1879.jpg	/Users/bear/Documents/CoWork/bear-textbooks/books/art/extracted/R_63_Claude Monet_New-002/R_63_Claude Monet_New/La_Seine_a╠Ç_Ve╠ütheuil_1879.jpg	extracted
/Users/bear/Documents/CoWork/bear-textbooks/books/art/R_63_Claude Monet_New-002.zip	R_63_Claude Monet_New/Agapanthus.jpg	/Users/bear/Documents/CoWork/bear-textbooks/books/art/extracted/R_63_Claude Monet_New-002/R_63_Claude Monet_New/Agapanthus.jpg	extracted
/Users/bear/Documents/CoWork/bear-textbooks/books/art/R_63_Claude Monet_New-002.zip	R_63_Claude Monet_New/Water_Liliest_1.jpg	/Users/bear/Documents/CoWork/bear-textbooks/books/art/extracted/R_63_Claude Monet_New-002/R_63_Claude Monet_New/Water_Liliest_1.jpg	extracted
/Users/bear/Documents/CoWork/bear-textbooks/books/art/R_63_Claude Monet_New-002.zip	R_63_Claude Monet_New/Irises_1914-17.jpg	/Users/bear/Documents/CoWork/bear-textbooks/books/art/extracted/R_63_Claude Monet_New-002/R_63_Claude Monet_New/Irises_1914-17.jpg	extracted
/Users/bear/Documents/CoWork/bear-textbooks/books/art/R_63_Claude Monet_New-002.zip	R_63_Claude Monet_New/The_Japanese_bridget.jpg	/Users/bear/Documents/CoWork/bear-textbooks/books/art/extracted/R_63_Claude Monet_New-002/R_63_Claude Monet_New/The_Japanese_bridget.jpg	extracted
/Users/bear/Documents/CoWork/bear-textbooks/books/art/R_63_Claude Monet_New-002.zip	R_63_Claude Monet_New/Angler_auf_der_Seine_bei_Poissy.jpg	/Users/bear/Documents/CoWork/bear-textbooks/books/art/extracted/R_63_Claude Monet_New-002/R_63_Claude Monet_New/Angler_auf_der_Seine_bei_Poissy.jpg	extracted
/Users/bear/Documents/CoWork/bear-textbooks/books/art/R_63_Claude Monet_New-002.zip	R_63_Claude Monet_New/Peupliers_au_bord_de_lΓÇÖEpte.jpg	/Users/bear/Documents/CoWork/bear-textbooks/books/art/extracted/R_63_Claude Monet_New-002/R_63_Claude Monet_New/Peupliers_au_bord_de_lΓÇÖEpte.jpg	extracted
/Users/bear/Documents/CoWork/bear-textbooks/books/art/R_63_Claude Monet_New-002.zip	R_63_Claude Monet_New/deux_femmes_en_barque.jpg	/Users/bear/Documents/CoWork/bear-textbooks/books/art/extracted/R_63_Claude Monet_New-002/R_63_Claude Monet_New/deux_femmes_en_barque.jpg	extracted
/Users/bear/Documents/CoWork/bear-textbooks/books/art/R_63_Claude Monet_New-002.zip	R_63_Claude Monet_New/Camille_in_the_Garden_at_Argenteuil.jpg	/Users/bear/Documents/CoWork/bear-textbooks/books/art/extracted/R_63_Claude Monet_New-002/R_63_Claude Monet_New/Camille_in_the_Garden_at_Argenteuil.jpg	extracted
/Users/bear/Documents/CoWork/bear-textbooks/books/art/R_63_Claude Monet_New-002.zip	R_63_Claude Monet_New/Le_Boulevard_de_Pontoise_a╠Ç_Argenteuil_1875.jpg	/Users/bear/Documents/CoWork/bear-textbooks/books/art/extracted/R_63_Claude Monet_New-002/R_63_Claude Monet_New/Le_Boulevard_de_Pontoise_a╠Ç_Argenteuil_1875.jpg	extracted
/Users/bear/Documents/CoWork/bear-textbooks/books/art/R_63_Claude Monet_New-002.zip	R_63_Claude Monet_New/La_Gare_Saint-Lazaret.jpg	/Users/bear/Documents/CoWork/bear-textbooks/books/art/extracted/R_63_Claude Monet_New-002/R_63_Claude Monet_New/La_Gare_Saint-Lazaret.jpg	extracted
/Users/bear/Documents/CoWork/bear-textbooks/books/art/R_63_Claude Monet_New-002.zip	R_63_Claude Monet_New/Grainstack_Sun_in_the_Mistt.jpg	/Users/bear/Documents/CoWork/bear-textbooks/books/art/extracted/R_63_Claude Monet_New-002/R_63_Claude Monet_New/Grainstack_Sun_in_the_Mistt.jpg	extracted
/Users/bear/Documents/CoWork/bear-textbooks/books/art/R_63_Claude Monet_New-002.zip	R_63_Claude Monet_New/Rapids_on_the_Petite_Creuse_at_Fresselines.jpg	/Users/bear/Documents/CoWork/bear-textbooks/books/art/extracted/R_63_Claude Monet_New-002/R_63_Claude Monet_New/Rapids_on_the_Petite_Creuse_at_Fresselines.jpg	extracted
/Users/bear/Documents/CoWork/bear-textbooks/books/art/R_63_Claude Monet_New-002.zip	R_63_Claude Monet_New/La_Seine_pre╠Çs_de_Ve╠ütheuil_1878.jpg	/Users/bear/Documents/CoWork/bear-textbooks/books/art/extracted/R_63_Claude Monet_New-002/R_63_Claude Monet_New/La_Seine_pre╠Çs_de_Ve╠ütheuil_1878.jpg	extracted
/Users/bear/Documents/CoWork/bear-textbooks/books/art/R_63_Claude Monet_New-002.zip	R_63_Claude Monet_New/Spring_by_the_Seinet.jpg	/Users/bear/Documents/CoWork/bear-textbooks/books/art/extracted/R_63_Claude Monet_New-002/R_63_Claude Monet_New/Spring_by_the_Seinet.jpg	extracted
/Users/bear/Documents/CoWork/bear-textbooks/books/art/R_63_Claude Monet_New-002.zip	R_63_Claude Monet_New/The_Magpiet.jpg	/Users/bear/Documents/CoWork/bear-textbooks/books/art/extracted/R_63_Claude Monet_New-002/R_63_Claude Monet_New/The_Magpiet.jpg	extracted
/Users/bear/Documents/CoWork/bear-textbooks/books/art/R_63_Claude Monet_New-002.zip	R_63_Claude Monet_New/Wisteriat.jpg	/Users/bear/Documents/CoWork/bear-textbooks/books/art/extracted/R_63_Claude Monet_New-002/R_63_Claude Monet_New/Wisteriat.jpg	extracted
/Users/bear/Documents/CoWork/bear-textbooks/books/art/R_63_Claude Monet_New-002.zip	R_63_Claude Monet_New/The_Japanese_Footbridge_and_the_Water_Lily_Pool.jpg	/Users/bear/Documents/CoWork/bear-textbooks/books/art/extracted/R_63_Claude Monet_New-002/R_63_Claude Monet_New/The_Japanese_Footbridge_and_the_Water_Lily_Pool.jpg	extracted
/Users/bear/Documents/CoWork/bear-textbooks/books/art/R_63_Claude Monet_New-002.zip	R_63_Claude Monet_New/Water_Liliest_2.jpg	/Users/bear/Documents/CoWork/bear-textbooks/books/art/extracted/R_63_Claude Monet_New-002/R_63_Claude Monet_New/Water_Liliest_2.jpg	extracted
/Users/bear/Documents/CoWork/bear-textbooks/books/art/R_63_Claude Monet_New-002.zip	R_63_Claude Monet_New/The_Promenade_with_the_Railroad_Bridge.jpg	/Users/bear/Documents/CoWork/bear-textbooks/books/art/extracted/R_63_Claude Monet_New-002/R_63_Claude Monet_New/The_Promenade_with_the_Railroad_Bridge.jpg	extracted
/Users/bear/Documents/CoWork/bear-textbooks/books/art/R_63_Claude Monet_New-002.zip	R_63_Claude Monet_New/Water-Lilies_1916.jpg	/Users/bear/Documents/CoWork/bear-textbooks/books/art/extracted/R_63_Claude Monet_New-002/R_63_Claude Monet_New/Water-Lilies_1916.jpg	extracted
/Users/bear/Documents/CoWork/bear-textbooks/books/art/R_63_Claude Monet_New-002.zip	R_63_Claude Monet_New/Haystacks_end_of_Summert.jpg	/Users/bear/Documents/CoWork/bear-textbooks/books/art/extracted/R_63_Claude Monet_New-002/R_63_Claude Monet_New/Haystacks_end_of_Summert.jpg	extracted
/Users/bear/Documents/CoWork/bear-textbooks/books/art/R_63_Claude Monet_New-002.zip	R_63_Claude Monet_New/Water-Lilies_Setting_Sun.jpg	/Users/bear/Documents/CoWork/bear-textbooks/books/art/extracted/R_63_Claude Monet_New-002/R_63_Claude Monet_New/Water-Lilies_Setting_Sun.jpg	extracted
/Users/bear/Documents/CoWork/bear-textbooks/books/art/R_63_Claude Monet_New-002.zip	R_63_Claude Monet_New/Le_Parlement.jpg	/Users/bear/Documents/CoWork/bear-textbooks/books/art/extracted/R_63_Claude Monet_New-002/R_63_Claude Monet_New/Le_Parlement.jpg	extracted
/Users/bear/Documents/CoWork/bear-textbooks/books/art/R_63_Claude Monet_New-002.zip	R_63_Claude Monet_New/vue_du_village_de_giverny.jpg	/Users/bear/Documents/CoWork/bear-textbooks/books/art/extracted/R_63_Claude Monet_New-002/R_63_Claude Monet_New/vue_du_village_de_giverny.jpg	extracted
/Users/bear/Documents/CoWork/bear-textbooks/books/art/R_63_Claude Monet_New-002.zip	R_63_Claude Monet_New/Bordighera.jpg	/Users/bear/Documents/CoWork/bear-textbooks/books/art/extracted/R_63_Claude Monet_New-002/R_63_Claude Monet_New/Bordighera.jpg	extracted
/Users/bear/Documents/CoWork/bear-textbooks/books/art/R_63_Claude Monet_New-002.zip	R_63_Claude Monet_New/Carrie╠Çres-Saint-Denis.jpg	/Users/bear/Documents/CoWork/bear-textbooks/books/art/extracted/R_63_Claude Monet_New-002/R_63_Claude Monet_New/Carrie╠Çres-Saint-Denis.jpg	extracted
/Users/bear/Documents/CoWork/bear-textbooks/books/art/R_63_Claude Monet_New-002.zip	R_63_Claude Monet_New/Rocks_at_Belle-lle_Port-Domoist.jpg	/Users/bear/Documents/CoWork/bear-textbooks/books/art/extracted/R_63_Claude Monet_New-002/R_63_Claude Monet_New/Rocks_at_Belle-lle_Port-Domoist.jpg	extracted
/Users/bear/Documents/CoWork/bear-textbooks/books/art/R_63_Claude Monet_New-002.zip	R_63_Claude Monet_New/Wildenstein.jpg	/Users/bear/Documents/CoWork/bear-textbooks/books/art/extracted/R_63_Claude Monet_New-002/R_63_Claude Monet_New/Wildenstein.jpg	extracted
/Users/bear/Documents/CoWork/bear-textbooks/books/art/R_63_Claude Monet_New-002.zip	R_63_Claude Monet_New/Port-Goulphar_Belle-I╠élet.jpg	/Users/bear/Documents/CoWork/bear-textbooks/books/art/extracted/R_63_Claude Monet_New-002/R_63_Claude Monet_New/Port-Goulphar_Belle-I╠élet.jpg	extracted
/Users/bear/Documents/CoWork/bear-textbooks/books/art/R_63_Claude Monet_New-002.zip	R_63_Claude Monet_New/Waterloo_Bridget.jpg	/Users/bear/Documents/CoWork/bear-textbooks/books/art/extracted/R_63_Claude Monet_New-002/R_63_Claude Monet_New/Waterloo_Bridget.jpg	extracted
/Users/bear/Documents/CoWork/bear-textbooks/books/art/R_63_Claude Monet_New-002.zip	R_63_Claude Monet_New/Stack_of_Wheat_Thaw_Sunset.jpg	/Users/bear/Documents/CoWork/bear-textbooks/books/art/extracted/R_63_Claude Monet_New-002/R_63_Claude Monet_New/Stack_of_Wheat_Thaw_Sunset.jpg	extracted
/Users/bear/Documents/CoWork/bear-textbooks/books/art/R_63_Claude Monet_New-002.zip	R_63_Claude Monet_New/Lady in the Garden_1867.jpg	/Users/bear/Documents/CoWork/bear-textbooks/books/art/extracted/R_63_Claude Monet_New-002/R_63_Claude Monet_New/Lady in the Garden_1867.jpg	extracted
/Users/bear/Documents/CoWork/bear-textbooks/books/art/R_63_Claude Monet_New-002.zip	R_63_Claude Monet_New/The_Artist's_Garden_at_Ve╠ütheuil_1881.jpg	/Users/bear/Documents/CoWork/bear-textbooks/books/art/extracted/R_63_Claude Monet_New-002/R_63_Claude Monet_New/The_Artist's_Garden_at_Ve╠ütheuil_1881.jpg	extracted
/Users/bear/Documents/CoWork/bear-textbooks/books/art/R_63_Claude Monet_New-002.zip	R_63_Claude Monet_New/Road_of_La_Roche-Guyont.jpg	/Users/bear/Documents/CoWork/bear-textbooks/books/art/extracted/R_63_Claude Monet_New-002/R_63_Claude Monet_New/Road_of_La_Roche-Guyont.jpg	extracted
/Users/bear/Documents/CoWork/bear-textbooks/books/art/R_63_Claude Monet_New-002.zip	R_63_Claude Monet_New/Spring_Fruit_Trees_in_Bloom.jpg	/Users/bear/Documents/CoWork/bear-textbooks/books/art/extracted/R_63_Claude Monet_New-002/R_63_Claude Monet_New/Spring_Fruit_Trees_in_Bloom.jpg	extracted
/Users/bear/Documents/CoWork/bear-textbooks/books/art/R_63_Claude Monet_New-002.zip	R_63_Claude Monet_New/Sandvika Norway_02_1895.jpg	/Users/bear/Documents/CoWork/bear-textbooks/books/art/extracted/R_63_Claude Monet_New-002/R_63_Claude Monet_New/Sandvika Norway_02_1895.jpg	extracted
/Users/bear/Documents/CoWork/bear-textbooks/books/art/R_63_Claude Monet_New-002.zip	R_63_Claude Monet_New/The_Gare_St-Lazare_1877.jpg	/Users/bear/Documents/CoWork/bear-textbooks/books/art/extracted/R_63_Claude Monet_New-002/R_63_Claude Monet_New/The_Gare_St-Lazare_1877.jpg	extracted
/Users/bear/Documents/CoWork/bear-textbooks/books/art/R_63_Claude Monet_New-002.zip	R_63_Claude Monet_New/Jean_on_his_Hobby_Horse.jpg	/Users/bear/Documents/CoWork/bear-textbooks/books/art/extracted/R_63_Claude Monet_New-002/R_63_Claude Monet_New/Jean_on_his_Hobby_Horse.jpg	extracted
/Users/bear/Documents/CoWork/bear-textbooks/books/art/R_63_Claude Monet_New-002.zip	R_63_Claude Monet_New/Train_in_the_Countrysidet.jpg	/Users/bear/Documents/CoWork/bear-textbooks/books/art/extracted/R_63_Claude Monet_New-002/R_63_Claude Monet_New/Train_in_the_Countrysidet.jpg	extracted
/Users/bear/Documents/CoWork/bear-textbooks/books/art/R_63_Claude Monet_New-002.zip	R_63_Claude Monet_New/The_House_on_the_River_Zaan_in_Zaandam.jpg	/Users/bear/Documents/CoWork/bear-textbooks/books/art/extracted/R_63_Claude Monet_New-002/R_63_Claude Monet_New/The_House_on_the_River_Zaan_in_Zaandam.jpg	extracted
/Users/bear/Documents/CoWork/bear-textbooks/books/art/R_63_Claude Monet_New-002.zip	R_63_Claude Monet_New/Le_rio_de_la_salute.jpg	/Users/bear/Documents/CoWork/bear-textbooks/books/art/extracted/R_63_Claude Monet_New-002/R_63_Claude Monet_New/Le_rio_de_la_salute.jpg	extracted
/Users/bear/Documents/CoWork/bear-textbooks/books/art/R_63_Claude Monet_New-002.zip	R_63_Claude Monet_New/Bemberg_Fondation_Toulouse_1869.jpg	/Users/bear/Documents/CoWork/bear-textbooks/books/art/extracted/R_63_Claude Monet_New-002/R_63_Claude Monet_New/Bemberg_Fondation_Toulouse_1869.jpg	extracted
/Users/bear/Documents/CoWork/bear-textbooks/books/art/R_63_Claude Monet_New-002.zip	R_63_Claude Monet_New/L'e╠üglise_de_Vernon.jpg	/Users/bear/Documents/CoWork/bear-textbooks/books/art/extracted/R_63_Claude Monet_New-002/R_63_Claude Monet_New/L'e╠üglise_de_Vernon.jpg	extracted
/Users/bear/Documents/CoWork/bear-textbooks/books/art/R_63_Claude Monet_New-002.zip	R_63_Claude Monet_New/The_Gare_Saint-Lazare;_Arrival_of_a_Train_1877.jpg	/Users/bear/Documents/CoWork/bear-textbooks/books/art/extracted/R_63_Claude Monet_New-002/R_63_Claude Monet_New/The_Gare_Saint-Lazare;_Arrival_of_a_Train_1877.jpg	extracted
/Users/bear/Documents/CoWork/bear-textbooks/books/art/R_63_Claude Monet_New-002.zip	R_63_Claude Monet_New/The_Japanese_Footbridge_1899.jpg	/Users/bear/Documents/CoWork/bear-textbooks/books/art/extracted/R_63_Claude Monet_New-002/R_63_Claude Monet_New/The_Japanese_Footbridge_1899.jpg	extracted
/Users/bear/Documents/CoWork/bear-textbooks/books/art/R_63_Claude Monet_New-002.zip	R_63_Claude Monet_New/Eugenie_Graff_Madame_Paul_1882.jpg	/Users/bear/Documents/CoWork/bear-textbooks/books/art/extracted/R_63_Claude Monet_New-002/R_63_Claude Monet_New/Eugenie_Graff_Madame_Paul_1882.jpg	extracted
/Users/bear/Documents/CoWork/bear-textbooks/books/art/R_63_Claude Monet_New-002.zip	R_63_Claude Monet_New/Zaandam_1871.jpg	/Users/bear/Documents/CoWork/bear-textbooks/books/art/extracted/R_63_Claude Monet_New-002/R_63_Claude Monet_New/Zaandam_1871.jpg	extracted
/Users/bear/Documents/CoWork/bear-textbooks/books/art/R_63_Claude Monet_New-002.zip	R_63_Claude Monet_New/La Me╠üditerrane╠üe_1888.jpg	/Users/bear/Documents/CoWork/bear-textbooks/books/art/extracted/R_63_Claude Monet_New-002/R_63_Claude Monet_New/La Me╠üditerrane╠üe_1888.jpg	extracted
/Users/bear/Documents/CoWork/bear-textbooks/books/art/R_63_Claude Monet_New-002.zip	R_63_Claude Monet_New/Sunrise.jpg	/Users/bear/Documents/CoWork/bear-textbooks/books/art/extracted/R_63_Claude Monet_New-002/R_63_Claude Monet_New/Sunrise.jpg	extracted
/Users/bear/Documents/CoWork/bear-textbooks/books/art/R_63_Claude Monet_New-002.zip	R_63_Claude Monet_New/Tulip Fields at Sassenheim_1886.jpg	/Users/bear/Documents/CoWork/bear-textbooks/books/art/extracted/R_63_Claude Monet_New-002/R_63_Claude Monet_New/Tulip Fields at Sassenheim_1886.jpg	extracted
/Users/bear/Documents/CoWork/bear-textbooks/books/art/R_63_Claude Monet_New-002.zip	R_63_Claude Monet_New/The_Artist's_House_at_Argenteuilo.jpg	/Users/bear/Documents/CoWork/bear-textbooks/books/art/extracted/R_63_Claude Monet_New-002/R_63_Claude Monet_New/The_Artist's_House_at_Argenteuilo.jpg	extracted
/Users/bear/Documents/CoWork/bear-textbooks/books/art/R_63_Claude Monet_New-002.zip	R_63_Claude Monet_New/View_of_the_Prins_Hendrikkade_and_the_Kromme_Waal_in_Amsterdamt.jpg	/Users/bear/Documents/CoWork/bear-textbooks/books/art/extracted/R_63_Claude Monet_New-002/R_63_Claude Monet_New/View_of_the_Prins_Hendrikkade_and_the_Kromme_Waal_in_Amsterdamt.jpg	extracted
/Users/bear/Documents/CoWork/bear-textbooks/books/art/R_63_Claude Monet_New-002.zip	R_63_Claude Monet_New/La_Corniche_bij_Monaco.jpg	/Users/bear/Documents/CoWork/bear-textbooks/books/art/extracted/R_63_Claude Monet_New-002/R_63_Claude Monet_New/La_Corniche_bij_Monaco.jpg	extracted
/Users/bear/Documents/CoWork/bear-textbooks/books/art/R_63_Claude Monet_New-002.zip	R_63_Claude Monet_New/Interior_after_Dinner_1868-1869.jpg	/Users/bear/Documents/CoWork/bear-textbooks/books/art/extracted/R_63_Claude Monet_New-002/R_63_Claude Monet_New/Interior_after_Dinner_1868-1869.jpg	extracted
/Users/bear/Documents/CoWork/bear-textbooks/books/art/R_63_Claude Monet_New-002.zip	R_63_Claude Monet_New/Venice_Palazzo_Dario_1908.jpg	/Users/bear/Documents/CoWork/bear-textbooks/books/art/extracted/R_63_Claude Monet_New-002/R_63_Claude Monet_New/Venice_Palazzo_Dario_1908.jpg	extracted
/Users/bear/Documents/CoWork/bear-textbooks/books/art/R_63_Claude Monet_New-002.zip	R_63_Claude Monet_New/Waterliliest_1.jpg	/Users/bear/Documents/CoWork/bear-textbooks/books/art/extracted/R_63_Claude Monet_New-002/R_63_Claude Monet_New/Waterliliest_1.jpg	extracted
/Users/bear/Documents/CoWork/bear-textbooks/books/art/R_63_Claude Monet_New-002.zip	R_63_Claude Monet_New/Parc_Monceau.jpg	/Users/bear/Documents/CoWork/bear-textbooks/books/art/extracted/R_63_Claude Monet_New-002/R_63_Claude Monet_New/Parc_Monceau.jpg	extracted
/Users/bear/Documents/CoWork/bear-textbooks/books/art/R_63_Claude Monet_New-002.zip	R_63_Claude Monet_New/Poplars_in_the_Sunt.jpg	/Users/bear/Documents/CoWork/bear-textbooks/books/art/extracted/R_63_Claude Monet_New-002/R_63_Claude Monet_New/Poplars_in_the_Sunt.jpg	extracted
/Users/bear/Documents/CoWork/bear-textbooks/books/art/R_63_Claude Monet_New-002.zip	R_63_Claude Monet_New/Water_Lilies_Nymphe╠üast.jpg	/Users/bear/Documents/CoWork/bear-textbooks/books/art/extracted/R_63_Claude Monet_New-002/R_63_Claude Monet_New/Water_Lilies_Nymphe╠üast.jpg	extracted
/Users/bear/Documents/CoWork/bear-textbooks/books/art/R_63_Claude Monet_New-002.zip	R_63_Claude Monet_New/Caricature_of_a_Man_Standing.jpg	/Users/bear/Documents/CoWork/bear-textbooks/books/art/extracted/R_63_Claude Monet_New-002/R_63_Claude Monet_New/Caricature_of_a_Man_Standing.jpg	extracted
/Users/bear/Documents/CoWork/bear-textbooks/books/art/R_63_Claude Monet_New-002.zip	R_63_Claude Monet_New/The_Japanese_Bridge.jpg	/Users/bear/Documents/CoWork/bear-textbooks/books/art/extracted/R_63_Claude Monet_New-002/R_63_Claude Monet_New/The_Japanese_Bridge.jpg	extracted
/Users/bear/Documents/CoWork/bear-textbooks/books/art/R_63_Claude Monet_New-002.zip	R_63_Claude Monet_New/Port-Domois_Belle-Isle_1887.jpg	/Users/bear/Documents/CoWork/bear-textbooks/books/art/extracted/R_63_Claude Monet_New-002/R_63_Claude Monet_New/Port-Domois_Belle-Isle_1887.jpg	extracted
/Users/bear/Documents/CoWork/bear-textbooks/books/art/R_63_Claude Monet_New-002.zip	R_63_Claude Monet_New/Water Lilies, Evening Effect_1897-1899.jpg	/Users/bear/Documents/CoWork/bear-textbooks/books/art/extracted/R_63_Claude Monet_New-002/R_63_Claude Monet_New/Water Lilies, Evening Effect_1897-1899.jpg	extracted
/Users/bear/Documents/CoWork/bear-textbooks/books/art/R_63_Claude Monet_New-002.zip	R_63_Claude Monet_New/Mer_agite╠üe_a╠Ç_Etretat.jpg	/Users/bear/Documents/CoWork/bear-textbooks/books/art/extracted/R_63_Claude Monet_New-002/R_63_Claude Monet_New/Mer_agite╠üe_a╠Ç_Etretat.jpg	extracted
/Users/bear/Documents/CoWork/bear-textbooks/books/art/R_63_Claude Monet_New-002.zip	R_63_Claude Monet_New/Mills_at_Westzijderveld_near_Zaandamt.jpg	/Users/bear/Documents/CoWork/bear-textbooks/books/art/extracted/R_63_Claude Monet_New-002/R_63_Claude Monet_New/Mills_at_Westzijderveld_near_Zaandamt.jpg	extracted
/Users/bear/Documents/CoWork/bear-textbooks/books/art/R_63_Claude Monet_New-002.zip	R_63_Claude Monet_New/Three_Fishing_Boatst.jpg	/Users/bear/Documents/CoWork/bear-textbooks/books/art/extracted/R_63_Claude Monet_New-002/R_63_Claude Monet_New/Three_Fishing_Boatst.jpg	extracted
/Users/bear/Documents/CoWork/bear-textbooks/books/art/R_63_Claude Monet_New-002.zip	R_63_Claude Monet_New/Haystacks_Effect_of_Snow_and_Sun.jpg	/Users/bear/Documents/CoWork/bear-textbooks/books/art/extracted/R_63_Claude Monet_New-002/R_63_Claude Monet_New/Haystacks_Effect_of_Snow_and_Sun.jpg	extracted
/Users/bear/Documents/CoWork/bear-textbooks/books/art/R_63_Claude Monet_New-002.zip	R_63_Claude Monet_New/Road_at_La_Cave╠üe_Pourvillet.jpg	/Users/bear/Documents/CoWork/bear-textbooks/books/art/extracted/R_63_Claude Monet_New-002/R_63_Claude Monet_New/Road_at_La_Cave╠üe_Pourvillet.jpg	extracted
/Users/bear/Documents/CoWork/bear-textbooks/books/art/R_63_Claude Monet_New-002.zip	R_63_Claude Monet_New/The_ArtistΓÇÖs_Garden_in_Giverny.jpg	/Users/bear/Documents/CoWork/bear-textbooks/books/art/extracted/R_63_Claude Monet_New-002/R_63_Claude Monet_New/The_ArtistΓÇÖs_Garden_in_Giverny.jpg	extracted
/Users/bear/Documents/CoWork/bear-textbooks/books/art/R_63_Claude Monet_New-002.zip	R_63_Claude Monet_New/The_Water-lily_Pondt.jpg	/Users/bear/Documents/CoWork/bear-textbooks/books/art/extracted/R_63_Claude Monet_New-002/R_63_Claude Monet_New/The_Water-lily_Pondt.jpg	extracted
/Users/bear/Documents/CoWork/bear-textbooks/books/art/R_63_Claude Monet_New-002.zip	R_63_Claude Monet_New/La_Grenouille╠üre.jpg	/Users/bear/Documents/CoWork/bear-textbooks/books/art/extracted/R_63_Claude Monet_New-002/R_63_Claude Monet_New/La_Grenouille╠üre.jpg	extracted
/Users/bear/Documents/CoWork/bear-textbooks/books/art/R_63_Claude Monet_New-002.zip	R_63_Claude Monet_New/La_Seine_a╠Ç_Ve╠ütheuil.jpg	/Users/bear/Documents/CoWork/bear-textbooks/books/art/extracted/R_63_Claude Monet_New-002/R_63_Claude Monet_New/La_Seine_a╠Ç_Ve╠ütheuil.jpg	extracted
/Users/bear/Documents/CoWork/bear-textbooks/books/art/R_63_Claude Monet_New-002.zip	R_63_Claude Monet_New/A_Corner_of_the_Apartmentt.jpg	/Users/bear/Documents/CoWork/bear-textbooks/books/art/extracted/R_63_Claude Monet_New-002/R_63_Claude Monet_New/A_Corner_of_the_Apartmentt.jpg	extracted
/Users/bear/Documents/CoWork/bear-textbooks/books/art/R_63_Claude Monet_New-002.zip	R_63_Claude Monet_New/Water_Lilies_ca._1914ΓÇô1917.jpg	/Users/bear/Documents/CoWork/bear-textbooks/books/art/extracted/R_63_Claude Monet_New-002/R_63_Claude Monet_New/Water_Lilies_ca._1914ΓÇô1917.jpg	extracted
/Users/bear/Documents/CoWork/bear-textbooks/books/art/R_63_Claude Monet_New-002.zip	R_63_Claude Monet_New/Le_Palais_Ducal_1908.jpg	/Users/bear/Documents/CoWork/bear-textbooks/books/art/extracted/R_63_Claude Monet_New-002/R_63_Claude Monet_New/Le_Palais_Ducal_1908.jpg	extracted
/Users/bear/Documents/CoWork/bear-textbooks/books/art/R_63_Claude Monet_New-002.zip	R_63_Claude Monet_New/le_panier_de_pommes.jpg	/Users/bear/Documents/CoWork/bear-textbooks/books/art/extracted/R_63_Claude Monet_New-002/R_63_Claude Monet_New/le_panier_de_pommes.jpg	extracted
/Users/bear/Documents/CoWork/bear-textbooks/books/art/R_63_Claude Monet_New-002.zip	R_63_Claude Monet_New/Morning_on_the_Seinet.jpg	/Users/bear/Documents/CoWork/bear-textbooks/books/art/extracted/R_63_Claude Monet_New-002/R_63_Claude Monet_New/Morning_on_the_Seinet.jpg	extracted
/Users/bear/Documents/CoWork/bear-textbooks/books/art/R_63_Claude Monet_New-002.zip	R_63_Claude Monet_New/The_Artist's_Garden_in_Argenteuil_1873.jpg	/Users/bear/Documents/CoWork/bear-textbooks/books/art/extracted/R_63_Claude Monet_New-002/R_63_Claude Monet_New/The_Artist's_Garden_in_Argenteuil_1873.jpg	extracted
/Users/bear/Documents/CoWork/bear-textbooks/books/art/R_63_Claude Monet_New-002.zip	R_63_Claude Monet_New/Woman_Seated_under_the_Willows_1880.jpg	/Users/bear/Documents/CoWork/bear-textbooks/books/art/extracted/R_63_Claude Monet_New-002/R_63_Claude Monet_New/Woman_Seated_under_the_Willows_1880.jpg	extracted
/Users/bear/Documents/CoWork/bear-textbooks/books/art/R_63_Claude Monet_New-002.zip	R_63_Claude Monet_New/Waterloo_Bridge_London_at_Dusk_1904.jpg	/Users/bear/Documents/CoWork/bear-textbooks/books/art/extracted/R_63_Claude Monet_New-002/R_63_Claude Monet_New/Waterloo_Bridge_London_at_Dusk_1904.jpg	extracted
/Users/bear/Documents/CoWork/bear-textbooks/books/art/R_63_Claude Monet_New-002.zip	R_63_Claude Monet_New/On_the_Boatt.jpg	/Users/bear/Documents/CoWork/bear-textbooks/books/art/extracted/R_63_Claude Monet_New-002/R_63_Claude Monet_New/On_the_Boatt.jpg	extracted
/Users/bear/Documents/CoWork/bear-textbooks/books/art/R_63_Claude Monet_New-002.zip	R_63_Claude Monet_New/Stack_of_Wheat_Snow_Effect_Overcast_Day.jpg	/Users/bear/Documents/CoWork/bear-textbooks/books/art/extracted/R_63_Claude Monet_New-002/R_63_Claude Monet_New/Stack_of_Wheat_Snow_Effect_Overcast_Day.jpg	extracted
/Users/bear/Documents/CoWork/bear-textbooks/books/art/R_63_Claude Monet_New-002.zip	R_63_Claude Monet_New/The_Japanese_Footbridge.jpg	/Users/bear/Documents/CoWork/bear-textbooks/books/art/extracted/R_63_Claude Monet_New-002/R_63_Claude Monet_New/The_Japanese_Footbridge.jpg	extracted
/Users/bear/Documents/CoWork/bear-textbooks/books/art/R_63_Claude Monet_New-002.zip	R_63_Claude Monet_New/Waterliliest_2.jpg	/Users/bear/Documents/CoWork/bear-textbooks/books/art/extracted/R_63_Claude Monet_New-002/R_63_Claude Monet_New/Waterliliest_2.jpg	extracted
/Users/bear/Documents/CoWork/bear-textbooks/books/art/R_63_Claude Monet_New-002.zip	R_63_Claude Monet_New/Gardener's_House_at_Antibes_1888.jpg	/Users/bear/Documents/CoWork/bear-textbooks/books/art/extracted/R_63_Claude Monet_New-002/R_63_Claude Monet_New/Gardener's_House_at_Antibes_1888.jpg	extracted
/Users/bear/Documents/CoWork/bear-textbooks/books/art/R_63_Claude Monet_New-002.zip	R_63_Claude Monet_New/Camille.jpg	/Users/bear/Documents/CoWork/bear-textbooks/books/art/extracted/R_63_Claude Monet_New-002/R_63_Claude Monet_New/Camille.jpg	extracted
/Users/bear/Documents/CoWork/bear-textbooks/books/art/R_63_Claude Monet_New-002.zip	R_63_Claude Monet_New/Le_Givre_1880.jpg	/Users/bear/Documents/CoWork/bear-textbooks/books/art/extracted/R_63_Claude Monet_New-002/R_63_Claude Monet_New/Le_Givre_1880.jpg	extracted
/Users/bear/Documents/CoWork/bear-textbooks/books/art/R_63_Claude Monet_New-002.zip	R_63_Claude Monet_New/Still_Life_with_Bottle_Carafe_Bread_and_Wine_c.1862-1863.jpg	/Users/bear/Documents/CoWork/bear-textbooks/books/art/extracted/R_63_Claude Monet_New-002/R_63_Claude Monet_New/Still_Life_with_Bottle_Carafe_Bread_and_Wine_c.1862-1863.jpg	extracted
/Users/bear/Documents/CoWork/bear-textbooks/books/art/R_63_Claude Monet_New-002.zip	R_63_Claude Monet_New/The_Cliff_of_Aval.jpg	/Users/bear/Documents/CoWork/bear-textbooks/books/art/extracted/R_63_Claude Monet_New-002/R_63_Claude Monet_New/The_Cliff_of_Aval.jpg	extracted
/Users/bear/Documents/CoWork/bear-textbooks/books/art/R_63_Claude Monet_New-002.zip	R_63_Claude Monet_New/Water_Liliest_cropped.jpg	/Users/bear/Documents/CoWork/bear-textbooks/books/art/extracted/R_63_Claude Monet_New-002/R_63_Claude Monet_New/Water_Liliest_cropped.jpg	extracted
/Users/bear/Documents/CoWork/bear-textbooks/books/art/R_63_Claude Monet_New-002.zip	R_63_Claude Monet_New/milieu_du_jour.jpg	/Users/bear/Documents/CoWork/bear-textbooks/books/art/extracted/R_63_Claude Monet_New-002/R_63_Claude Monet_New/milieu_du_jour.jpg	extracted
/Users/bear/Documents/CoWork/bear-textbooks/books/art/R_63_Claude Monet_New-002.zip	R_63_Claude Monet_New/Cliffs_at_Pourville_1882.jpg	/Users/bear/Documents/CoWork/bear-textbooks/books/art/extracted/R_63_Claude Monet_New-002/R_63_Claude Monet_New/Cliffs_at_Pourville_1882.jpg	extracted
/Users/bear/Documents/CoWork/bear-textbooks/books/art/R_63_Claude Monet_New-002.zip	R_63_Claude Monet_New/Apples_and_Grapes.jpg	/Users/bear/Documents/CoWork/bear-textbooks/books/art/extracted/R_63_Claude Monet_New-002/R_63_Claude Monet_New/Apples_and_Grapes.jpg	extracted
/Users/bear/Documents/CoWork/bear-textbooks/books/art/R_63_Claude Monet_New-002.zip	R_63_Claude Monet_New/Albertina_2018_The_Water_Lily_Pond.jpg	/Users/bear/Documents/CoWork/bear-textbooks/books/art/extracted/R_63_Claude Monet_New-002/R_63_Claude Monet_New/Albertina_2018_The_Water_Lily_Pond.jpg	extracted
/Users/bear/Documents/CoWork/bear-textbooks/books/art/R_63_Claude Monet_New-002.zip	R_63_Claude Monet_New/Antibes.jpg	/Users/bear/Documents/CoWork/bear-textbooks/books/art/extracted/R_63_Claude Monet_New-002/R_63_Claude Monet_New/Antibes.jpg	extracted
/Users/bear/Documents/CoWork/bear-textbooks/books/art/R_63_Claude Monet_New-002.zip	R_63_Claude Monet_New/L'E╠üte╠üt.jpg	/Users/bear/Documents/CoWork/bear-textbooks/books/art/extracted/R_63_Claude Monet_New-002/R_63_Claude Monet_New/L'E╠üte╠üt.jpg	extracted
/Users/bear/Documents/CoWork/bear-textbooks/books/art/R_63_Claude Monet_New-002.zip	R_63_Claude Monet_New/the-bodmer-oak-fontainebleau.jpg	/Users/bear/Documents/CoWork/bear-textbooks/books/art/extracted/R_63_Claude Monet_New-002/R_63_Claude Monet_New/the-bodmer-oak-fontainebleau.jpg	extracted
/Users/bear/Documents/CoWork/bear-textbooks/books/art/R_63_Claude Monet_New-002.zip	R_63_Claude Monet_New/Rouen_Cathedral_in_the_evening_1894.jpg	/Users/bear/Documents/CoWork/bear-textbooks/books/art/extracted/R_63_Claude Monet_New-002/R_63_Claude Monet_New/Rouen_Cathedral_in_the_evening_1894.jpg	extracted
/Users/bear/Documents/CoWork/bear-textbooks/books/art/R_63_Claude Monet_New-002.zip	R_63_Claude Monet_New/Stacks_of_Wheat_End_of_Day_Autumn.jpg	/Users/bear/Documents/CoWork/bear-textbooks/books/art/extracted/R_63_Claude Monet_New-002/R_63_Claude Monet_New/Stacks_of_Wheat_End_of_Day_Autumn.jpg	extracted
/Users/bear/Documents/CoWork/bear-textbooks/books/art/R_63_Claude Monet_New-002.zip	R_63_Claude Monet_New/Val-Saint-Nicolas_near_Dieppe.jpg	/Users/bear/Documents/CoWork/bear-textbooks/books/art/extracted/R_63_Claude Monet_New-002/R_63_Claude Monet_New/Val-Saint-Nicolas_near_Dieppe.jpg	extracted
/Users/bear/Documents/CoWork/bear-textbooks/books/art/R_63_Claude Monet_New-002.zip	R_63_Claude Monet_New/effet_de_neige_a_giverny.jpg	/Users/bear/Documents/CoWork/bear-textbooks/books/art/extracted/R_63_Claude Monet_New-002/R_63_Claude Monet_New/effet_de_neige_a_giverny.jpg	extracted
/Users/bear/Documents/CoWork/bear-textbooks/books/art/R_63_Claude Monet_New-002.zip	R_63_Claude Monet_New/The Japanese Footbridge.jpg	/Users/bear/Documents/CoWork/bear-textbooks/books/art/extracted/R_63_Claude Monet_New-002/R_63_Claude Monet_New/The Japanese Footbridge.jpg	extracted
/Users/bear/Documents/CoWork/bear-textbooks/books/art/R_63_Claude Monet_New-002.zip	R_63_Claude Monet_New/Yellow_Irisest.jpg	/Users/bear/Documents/CoWork/bear-textbooks/books/art/extracted/R_63_Claude Monet_New-002/R_63_Claude Monet_New/Yellow_Irisest.jpg	extracted
/Users/bear/Documents/CoWork/bear-textbooks/books/art/R_63_Claude Monet_New-002.zip	R_63_Claude Monet_New/Entre╠üe_du_port_de_Trouville.jpg	/Users/bear/Documents/CoWork/bear-textbooks/books/art/extracted/R_63_Claude Monet_New-002/R_63_Claude Monet_New/Entre╠üe_du_port_de_Trouville.jpg	extracted
/Users/bear/Documents/CoWork/bear-textbooks/books/art/R_63_Claude Monet_New-002.zip	R_63_Claude Monet_New/Bloemen_Rijksmuseum.jpg	/Users/bear/Documents/CoWork/bear-textbooks/books/art/extracted/R_63_Claude Monet_New-002/R_63_Claude Monet_New/Bloemen_Rijksmuseum.jpg	extracted
/Users/bear/Documents/CoWork/bear-textbooks/books/art/R_63_Claude Monet_New-002.zip	R_63_Claude Monet_New/Chemin_de_halage_a╠Ç_Argenteuil_Towpath_at_Argenteuil_Winter_1875-1876.jpg	/Users/bear/Documents/CoWork/bear-textbooks/books/art/extracted/R_63_Claude Monet_New-002/R_63_Claude Monet_New/Chemin_de_halage_a╠Ç_Argenteuil_Towpath_at_Argenteuil_Winter_1875-1876.jpg	extracted
/Users/bear/Documents/CoWork/bear-textbooks/books/art/R_63_Claude Monet_New-002.zip	R_63_Claude Monet_New/Poplars_at_Giverny_Sunrise.jpg	/Users/bear/Documents/CoWork/bear-textbooks/books/art/extracted/R_63_Claude Monet_New-002/R_63_Claude Monet_New/Poplars_at_Giverny_Sunrise.jpg	extracted
/Users/bear/Documents/CoWork/bear-textbooks/books/art/R_63_Claude Monet_New-002.zip	R_63_Claude Monet_New/la_seine_a_port-villez.jpg	/Users/bear/Documents/CoWork/bear-textbooks/books/art/extracted/R_63_Claude Monet_New-002/R_63_Claude Monet_New/la_seine_a_port-villez.jpg	extracted
/Users/bear/Documents/CoWork/bear-textbooks/books/art/R_63_Claude Monet_New-002.zip	R_63_Claude Monet_New/Cap_Martin_near_Menton_1884.jpg	/Users/bear/Documents/CoWork/bear-textbooks/books/art/extracted/R_63_Claude Monet_New-002/R_63_Claude Monet_New/Cap_Martin_near_Menton_1884.jpg	extracted
/Users/bear/Documents/CoWork/bear-textbooks/books/art/R_63_Claude Monet_New-002.zip	R_63_Claude Monet_New/The_Parc_Monceau.jpg	/Users/bear/Documents/CoWork/bear-textbooks/books/art/extracted/R_63_Claude Monet_New-002/R_63_Claude Monet_New/The_Parc_Monceau.jpg	extracted
/Users/bear/Documents/CoWork/bear-textbooks/books/art/R_63_Claude Monet_New-002.zip	R_63_Claude Monet_New/Pine Trees.jpg	/Users/bear/Documents/CoWork/bear-textbooks/books/art/extracted/R_63_Claude Monet_New-002/R_63_Claude Monet_New/Pine Trees.jpg	extracted
/Users/bear/Documents/CoWork/bear-textbooks/books/art/R_63_Claude Monet_New-002.zip	R_63_Claude Monet_New/Hyde_Park_c.1871.jpg	/Users/bear/Documents/CoWork/bear-textbooks/books/art/extracted/R_63_Claude Monet_New-002/R_63_Claude Monet_New/Hyde_Park_c.1871.jpg	extracted
/Users/bear/Documents/CoWork/bear-textbooks/books/art/R_63_Claude Monet_New-002.zip	R_63_Claude Monet_New/View_of_Ve╠ütheuil.jpg	/Users/bear/Documents/CoWork/bear-textbooks/books/art/extracted/R_63_Claude Monet_New-002/R_63_Claude Monet_New/View_of_Ve╠ütheuil.jpg	extracted
/Users/bear/Documents/CoWork/bear-textbooks/books/art/R_63_Claude Monet_New-002.zip	R_63_Claude Monet_New/Charing_Cross_Bridget 2.jpg	/Users/bear/Documents/CoWork/bear-textbooks/books/art/extracted/R_63_Claude Monet_New-002/R_63_Claude Monet_New/Charing_Cross_Bridget 2.jpg	extracted
/Users/bear/Documents/CoWork/bear-textbooks/books/art/R_63_Claude Monet_New-002.zip	R_63_Claude Monet_New/Cliff_Walk_at_Pourvillet.jpg	/Users/bear/Documents/CoWork/bear-textbooks/books/art/extracted/R_63_Claude Monet_New-002/R_63_Claude Monet_New/Cliff_Walk_at_Pourvillet.jpg	extracted
/Users/bear/Documents/CoWork/bear-textbooks/books/art/R_63_Claude Monet_New-002.zip	R_63_Claude Monet_New/Street_in_Sainte-Adresse_1867.jpg	/Users/bear/Documents/CoWork/bear-textbooks/books/art/extracted/R_63_Claude Monet_New-002/R_63_Claude Monet_New/Street_in_Sainte-Adresse_1867.jpg	extracted
/Users/bear/Documents/CoWork/bear-textbooks/books/art/R_63_Claude Monet_New-002.zip	R_63_Claude Monet_New/The_Manneporte_near_E╠ütretat.jpg	/Users/bear/Documents/CoWork/bear-textbooks/books/art/extracted/R_63_Claude Monet_New-002/R_63_Claude Monet_New/The_Manneporte_near_E╠ütretat.jpg	extracted
/Users/bear/Documents/CoWork/bear-textbooks/books/art/R_63_Claude Monet_New-002.zip	R_63_Claude Monet_New/Ve╠ütheuilt_1.jpg	/Users/bear/Documents/CoWork/bear-textbooks/books/art/extracted/R_63_Claude Monet_New-002/R_63_Claude Monet_New/Ve╠ütheuilt_1.jpg	extracted
/Users/bear/Documents/CoWork/bear-textbooks/books/art/R_63_Claude Monet_New-002.zip	R_63_Claude Monet_New/The_Seine_at_Lavacourt.jpg	/Users/bear/Documents/CoWork/bear-textbooks/books/art/extracted/R_63_Claude Monet_New-002/R_63_Claude Monet_New/The_Seine_at_Lavacourt.jpg	extracted
/Users/bear/Documents/CoWork/bear-textbooks/books/art/R_63_Claude Monet_New-002.zip	R_63_Claude Monet_New/Rouen_Cathedral_The_Portal_Sunlight.jpg	/Users/bear/Documents/CoWork/bear-textbooks/books/art/extracted/R_63_Claude Monet_New-002/R_63_Claude Monet_New/Rouen_Cathedral_The_Portal_Sunlight.jpg	extracted
/Users/bear/Documents/CoWork/bear-textbooks/books/art/R_63_Claude Monet_New-002.zip	R_63_Claude Monet_New/The_Doges_Palace.jpg	/Users/bear/Documents/CoWork/bear-textbooks/books/art/extracted/R_63_Claude Monet_New-002/R_63_Claude Monet_New/The_Doges_Palace.jpg	extracted
/Users/bear/Documents/CoWork/bear-textbooks/books/art/R_63_Claude Monet_New-002.zip	R_63_Claude Monet_New/The_Departure_of_the_Boats_E╠ütretat.jpg	/Users/bear/Documents/CoWork/bear-textbooks/books/art/extracted/R_63_Claude Monet_New-002/R_63_Claude Monet_New/The_Departure_of_the_Boats_E╠ütretat.jpg	extracted
/Users/bear/Documents/CoWork/bear-textbooks/books/art/R_63_Claude Monet_New-002.zip	R_63_Claude Monet_New/Houses_of_Parliament_Sunlight_Effect_Le_Parlement_effet_de_soleil.jpg	/Users/bear/Documents/CoWork/bear-textbooks/books/art/extracted/R_63_Claude Monet_New-002/R_63_Claude Monet_New/Houses_of_Parliament_Sunlight_Effect_Le_Parlement_effet_de_soleil.jpg	extracted
/Users/bear/Documents/CoWork/bear-textbooks/books/art/R_63_Claude Monet_New-002.zip	R_63_Claude Monet_New/The_Red_Kerchief.jpg	/Users/bear/Documents/CoWork/bear-textbooks/books/art/extracted/R_63_Claude Monet_New-002/R_63_Claude Monet_New/The_Red_Kerchief.jpg	extracted
/Users/bear/Documents/CoWork/bear-textbooks/books/art/R_63_Claude Monet_New-002.zip	R_63_Claude Monet_New/Stacks_of_Wheat_Sunset_Snow_Effect.jpg	/Users/bear/Documents/CoWork/bear-textbooks/books/art/extracted/R_63_Claude Monet_New-002/R_63_Claude Monet_New/Stacks_of_Wheat_Sunset_Snow_Effect.jpg	extracted
/Users/bear/Documents/CoWork/bear-textbooks/books/art/R_63_Claude Monet_New-002.zip	R_63_Claude Monet_New/Boats_on_the_Beach_at_E╠ütretat.jpg	/Users/bear/Documents/CoWork/bear-textbooks/books/art/extracted/R_63_Claude Monet_New-002/R_63_Claude Monet_New/Boats_on_the_Beach_at_E╠ütretat.jpg	extracted
/Users/bear/Documents/CoWork/bear-textbooks/books/art/R_63_Claude Monet_New-002.zip	R_63_Claude Monet_New/Voiliers_sur_la_Seine_1874.jpg	/Users/bear/Documents/CoWork/bear-textbooks/books/art/extracted/R_63_Claude Monet_New-002/R_63_Claude Monet_New/Voiliers_sur_la_Seine_1874.jpg	extracted
/Users/bear/Documents/CoWork/bear-textbooks/books/art/R_63_Claude Monet_New-002.zip	R_63_Claude Monet_New/Palm_Trees_at_Bordighera.jpg	/Users/bear/Documents/CoWork/bear-textbooks/books/art/extracted/R_63_Claude Monet_New-002/R_63_Claude Monet_New/Palm_Trees_at_Bordighera.jpg	extracted
/Users/bear/Documents/CoWork/bear-textbooks/books/art/R_63_Claude Monet_New-002.zip	R_63_Claude Monet_New/The_Water_Lilies_-_Green_Reflectionst.jpg	/Users/bear/Documents/CoWork/bear-textbooks/books/art/extracted/R_63_Claude Monet_New-002/R_63_Claude Monet_New/The_Water_Lilies_-_Green_Reflectionst.jpg	extracted
/Users/bear/Documents/CoWork/bear-textbooks/books/art/R_63_Claude Monet_New-002.zip	R_63_Claude Monet_New/Port_of_Le_Havret.jpg	/Users/bear/Documents/CoWork/bear-textbooks/books/art/extracted/R_63_Claude Monet_New-002/R_63_Claude Monet_New/Port_of_Le_Havret.jpg	extracted
/Users/bear/Documents/CoWork/bear-textbooks/books/art/R_63_Claude Monet_New-002.zip	R_63_Claude Monet_New/waterloo_bridge_soleil.jpg	/Users/bear/Documents/CoWork/bear-textbooks/books/art/extracted/R_63_Claude Monet_New-002/R_63_Claude Monet_New/waterloo_bridge_soleil.jpg	extracted
/Users/bear/Documents/CoWork/bear-textbooks/books/art/R_63_Claude Monet_New-002.zip	R_63_Claude Monet_New/Walk_Road_of_the_Farm_Saint-Sime╠üon.jpg	/Users/bear/Documents/CoWork/bear-textbooks/books/art/extracted/R_63_Claude Monet_New-002/R_63_Claude Monet_New/Walk_Road_of_the_Farm_Saint-Sime╠üon.jpg	extracted
/Users/bear/Documents/CoWork/bear-textbooks/books/art/R_63_Claude Monet_New-002.zip	R_63_Claude Monet_New/Neige_a╠Ç_Argenteuil_1874-75.jpg	/Users/bear/Documents/CoWork/bear-textbooks/books/art/extracted/R_63_Claude Monet_New-002/R_63_Claude Monet_New/Neige_a╠Ç_Argenteuil_1874-75.jpg	extracted
/Users/bear/Documents/CoWork/bear-textbooks/books/art/R_63_Claude Monet_New-002.zip	R_63_Claude Monet_New/The_Water_Lilies_-_The_Two_Willowst.jpg	/Users/bear/Documents/CoWork/bear-textbooks/books/art/extracted/R_63_Claude Monet_New-002/R_63_Claude Monet_New/The_Water_Lilies_-_The_Two_Willowst.jpg	extracted
/Users/bear/Documents/CoWork/bear-textbooks/books/art/R_63_Claude Monet_New-002.zip	R_63_Claude Monet_New/Flowering_Plum_Treest.jpg	/Users/bear/Documents/CoWork/bear-textbooks/books/art/extracted/R_63_Claude Monet_New-002/R_63_Claude Monet_New/Flowering_Plum_Treest.jpg	extracted
/Users/bear/Documents/CoWork/bear-textbooks/books/art/R_63_Claude Monet_New-002.zip	R_63_Claude Monet_New/Charing_Cross_Bridget.jpg	/Users/bear/Documents/CoWork/bear-textbooks/books/art/extracted/R_63_Claude Monet_New-002/R_63_Claude Monet_New/Charing_Cross_Bridget.jpg	extracted
/Users/bear/Documents/CoWork/bear-textbooks/books/art/R_63_Claude Monet_New-002.zip	R_63_Claude Monet_New/leglise_a_vetheuil.jpg	/Users/bear/Documents/CoWork/bear-textbooks/books/art/extracted/R_63_Claude Monet_New-002/R_63_Claude Monet_New/leglise_a_vetheuil.jpg	extracted
/Users/bear/Documents/CoWork/bear-textbooks/books/art/R_63_Claude Monet_New-002.zip	R_63_Claude Monet_New/Haystackst.jpg	/Users/bear/Documents/CoWork/bear-textbooks/books/art/extracted/R_63_Claude Monet_New-002/R_63_Claude Monet_New/Haystackst.jpg	extracted
/Users/bear/Documents/CoWork/bear-textbooks/books/art/R_63_Claude Monet_New-002.zip	R_63_Claude Monet_New/Eine_Allee_in_Monets_Garten_in_Giverny_1902.jpg	/Users/bear/Documents/CoWork/bear-textbooks/books/art/extracted/R_63_Claude Monet_New-002/R_63_Claude Monet_New/Eine_Allee_in_Monets_Garten_in_Giverny_1902.jpg	extracted
/Users/bear/Documents/CoWork/bear-textbooks/books/art/R_63_Claude Monet_New-002.zip	R_63_Claude Monet_New/The_Stroller.jpg	/Users/bear/Documents/CoWork/bear-textbooks/books/art/extracted/R_63_Claude Monet_New-002/R_63_Claude Monet_New/The_Stroller.jpg	extracted
/Users/bear/Documents/CoWork/bear-textbooks/books/art/R_63_Claude Monet_New-002.zip	R_63_Claude Monet_New/Nymphe╠üas.jpg	/Users/bear/Documents/CoWork/bear-textbooks/books/art/extracted/R_63_Claude Monet_New-002/R_63_Claude Monet_New/Nymphe╠üas.jpg	extracted
/Users/bear/Documents/CoWork/bear-textbooks/books/art/R_63_Claude Monet_New-002.zip	R_63_Claude Monet_New/A_Seascape_Shipping_by_Moonlightt.jpg	/Users/bear/Documents/CoWork/bear-textbooks/books/art/extracted/R_63_Claude Monet_New-002/R_63_Claude Monet_New/A_Seascape_Shipping_by_Moonlightt.jpg	extracted
/Users/bear/Documents/CoWork/bear-textbooks/books/art/R_63_Claude Monet_New-002.zip	R_63_Claude Monet_New/Landscape_The_Parc_Monceau.jpg	/Users/bear/Documents/CoWork/bear-textbooks/books/art/extracted/R_63_Claude Monet_New-002/R_63_Claude Monet_New/Landscape_The_Parc_Monceau.jpg	extracted
/Users/bear/Documents/CoWork/bear-textbooks/books/art/R_63_Claude Monet_New-002.zip	R_63_Claude Monet_New/Regattas_at_Argenteuilt.jpg	/Users/bear/Documents/CoWork/bear-textbooks/books/art/extracted/R_63_Claude Monet_New-002/R_63_Claude Monet_New/Regattas_at_Argenteuilt.jpg	extracted
/Users/bear/Documents/CoWork/bear-textbooks/books/art/R_63_Claude Monet_New-002.zip	R_63_Claude Monet_New/Sur_les_planches_de_Trouville_ho╠étel_des_Roches_Noires.jpg	/Users/bear/Documents/CoWork/bear-textbooks/books/art/extracted/R_63_Claude Monet_New-002/R_63_Claude Monet_New/Sur_les_planches_de_Trouville_ho╠étel_des_Roches_Noires.jpg	extracted
/Users/bear/Documents/CoWork/bear-textbooks/books/art/R_63_Claude Monet_New-002.zip	R_63_Claude Monet_New/banks_fjord_christiania_1895.jpg	/Users/bear/Documents/CoWork/bear-textbooks/books/art/extracted/R_63_Claude Monet_New-002/R_63_Claude Monet_New/banks_fjord_christiania_1895.jpg	extracted
/Users/bear/Documents/CoWork/bear-textbooks/books/art/R_63_Claude Monet_New-002.zip	R_63_Claude Monet_New/Heavy_Sea_at_Pourvillet.jpg	/Users/bear/Documents/CoWork/bear-textbooks/books/art/extracted/R_63_Claude Monet_New-002/R_63_Claude Monet_New/Heavy_Sea_at_Pourvillet.jpg	extracted
/Users/bear/Documents/CoWork/bear-textbooks/books/art/R_63_Claude Monet_New-002.zip	R_63_Claude Monet_New/Falaise_de_Pourville_le_matin.jpg	/Users/bear/Documents/CoWork/bear-textbooks/books/art/extracted/R_63_Claude Monet_New-002/R_63_Claude Monet_New/Falaise_de_Pourville_le_matin.jpg	extracted
/Users/bear/Documents/CoWork/bear-textbooks/books/art/R_63_Claude Monet_New-002.zip	R_63_Claude Monet_New/Waterloo_Bridge_Gray_Day_1903.jpg	/Users/bear/Documents/CoWork/bear-textbooks/books/art/extracted/R_63_Claude Monet_New-002/R_63_Claude Monet_New/Waterloo_Bridge_Gray_Day_1903.jpg	extracted
/Users/bear/Documents/CoWork/bear-textbooks/books/art/R_63_Claude Monet_New-002.zip	R_63_Claude Monet_New/Under_the_Pines_evening_1888.jpg	/Users/bear/Documents/CoWork/bear-textbooks/books/art/extracted/R_63_Claude Monet_New-002/R_63_Claude Monet_New/Under_the_Pines_evening_1888.jpg	extracted
/Users/bear/Documents/CoWork/bear-textbooks/books/art/R_63_Claude Monet_New-002.zip	R_63_Claude Monet_New/View of Ve╠ütheuil .jpg	/Users/bear/Documents/CoWork/bear-textbooks/books/art/extracted/R_63_Claude Monet_New-002/R_63_Claude Monet_New/View of Ve╠ütheuil .jpg	extracted
/Users/bear/Documents/CoWork/bear-textbooks/books/art/R_63_Claude Monet_New-002.zip	R_63_Claude Monet_New/Morning_Haze_1888.jpg	/Users/bear/Documents/CoWork/bear-textbooks/books/art/extracted/R_63_Claude Monet_New-002/R_63_Claude Monet_New/Morning_Haze_1888.jpg	extracted
/Users/bear/Documents/CoWork/bear-textbooks/books/art/R_63_Claude Monet_New-002.zip	R_63_Claude Monet_New/Blue_Water_Liliest.jpg	/Users/bear/Documents/CoWork/bear-textbooks/books/art/extracted/R_63_Claude Monet_New-002/R_63_Claude Monet_New/Blue_Water_Liliest.jpg	extracted
/Users/bear/Documents/CoWork/bear-textbooks/books/art/R_63_Claude Monet_New-002.zip	R_63_Claude Monet_New/Rouen_Cathedrale_Belgrade.jpg	/Users/bear/Documents/CoWork/bear-textbooks/books/art/extracted/R_63_Claude Monet_New-002/R_63_Claude Monet_New/Rouen_Cathedrale_Belgrade.jpg	extracted
/Users/bear/Documents/CoWork/bear-textbooks/books/art/R_63_Claude Monet_New-002.zip	R_63_Claude Monet_New/Ve╠ütheuil_in_Summer.jpg	/Users/bear/Documents/CoWork/bear-textbooks/books/art/extracted/R_63_Claude Monet_New-002/R_63_Claude Monet_New/Ve╠ütheuil_in_Summer.jpg	extracted
/Users/bear/Documents/CoWork/bear-textbooks/books/art/R_63_Claude Monet_New-002.zip	R_63_Claude Monet_New/Study_of_Five_Boys_circa_1864.jpg	/Users/bear/Documents/CoWork/bear-textbooks/books/art/extracted/R_63_Claude Monet_New-002/R_63_Claude Monet_New/Study_of_Five_Boys_circa_1864.jpg	extracted
/Users/bear/Documents/CoWork/bear-textbooks/books/art/R_63_Claude Monet_New-002.zip	R_63_Claude Monet_New/Poplarst.jpg	/Users/bear/Documents/CoWork/bear-textbooks/books/art/extracted/R_63_Claude Monet_New-002/R_63_Claude Monet_New/Poplarst.jpg	extracted
/Users/bear/Documents/CoWork/bear-textbooks/books/art/R_63_Claude Monet_New-002.zip	R_63_Claude Monet_New/Poppy_Fieldt.jpg	/Users/bear/Documents/CoWork/bear-textbooks/books/art/extracted/R_63_Claude Monet_New-002/R_63_Claude Monet_New/Poppy_Fieldt.jpg	extracted
/Users/bear/Documents/CoWork/bear-textbooks/books/art/R_63_Claude Monet_New-002.zip	R_63_Claude Monet_New/Water_Lilies_and_Japanese_Bridget.jpg	/Users/bear/Documents/CoWork/bear-textbooks/books/art/extracted/R_63_Claude Monet_New-002/R_63_Claude Monet_New/Water_Lilies_and_Japanese_Bridget.jpg	extracted
/Users/bear/Documents/CoWork/bear-textbooks/books/art/R_63_Claude Monet_New-002.zip	R_63_Claude Monet_New/The_Water_Lily_Pond_c._1917-19.jpg	/Users/bear/Documents/CoWork/bear-textbooks/books/art/extracted/R_63_Claude Monet_New-002/R_63_Claude Monet_New/The_Water_Lily_Pond_c._1917-19.jpg	extracted
/Users/bear/Documents/CoWork/bear-textbooks/books/art/R_63_Claude Monet_New-002.zip	R_63_Claude Monet_New/Villas_at_Bordigherat.jpg	/Users/bear/Documents/CoWork/bear-textbooks/books/art/extracted/R_63_Claude Monet_New-002/R_63_Claude Monet_New/Villas_at_Bordigherat.jpg	extracted
/Users/bear/Documents/CoWork/bear-textbooks/books/art/R_63_Claude Monet_New-002.zip	R_63_Claude Monet_New/Ve╠ütheuilt.jpg	/Users/bear/Documents/CoWork/bear-textbooks/books/art/extracted/R_63_Claude Monet_New-002/R_63_Claude Monet_New/Ve╠ütheuilt.jpg	extracted
/Users/bear/Documents/CoWork/bear-textbooks/books/art/R_63_Claude Monet_New-002.zip	R_63_Claude Monet_New/Palazzo_da_Mula_Venice_1908.jpg	/Users/bear/Documents/CoWork/bear-textbooks/books/art/extracted/R_63_Claude Monet_New-002/R_63_Claude Monet_New/Palazzo_da_Mula_Venice_1908.jpg	extracted
/Users/bear/Documents/CoWork/bear-textbooks/books/art/R_63_Claude Monet_New-002.zip	R_63_Claude Monet_New/Japanese_Bridge.jpg	/Users/bear/Documents/CoWork/bear-textbooks/books/art/extracted/R_63_Claude Monet_New-002/R_63_Claude Monet_New/Japanese_Bridge.jpg	extracted
/Users/bear/Documents/CoWork/bear-textbooks/books/art/R_63_Claude Monet_New-002.zip	R_63_Claude Monet_New/water-lilies_1919.jpg	/Users/bear/Documents/CoWork/bear-textbooks/books/art/extracted/R_63_Claude Monet_New-002/R_63_Claude Monet_New/water-lilies_1919.jpg	extracted
/Users/bear/Documents/CoWork/bear-textbooks/books/art/R_63_Claude Monet_New-002.zip	R_63_Claude Monet_New/Charing-Cross_Bridge_in_Londont.jpg	/Users/bear/Documents/CoWork/bear-textbooks/books/art/extracted/R_63_Claude Monet_New-002/R_63_Claude Monet_New/Charing-Cross_Bridge_in_Londont.jpg	extracted
/Users/bear/Documents/CoWork/bear-textbooks/books/art/R_63_Claude Monet_New-002.zip	R_63_Claude Monet_New/The_Thames_at_Westminster_1871.jpg	/Users/bear/Documents/CoWork/bear-textbooks/books/art/extracted/R_63_Claude Monet_New-002/R_63_Claude Monet_New/The_Thames_at_Westminster_1871.jpg	extracted
/Users/bear/Documents/CoWork/bear-textbooks/books/art/R_63_Claude Monet_New-002.zip	R_63_Claude Monet_New/Weeping_Willowt.jpg	/Users/bear/Documents/CoWork/bear-textbooks/books/art/extracted/R_63_Claude Monet_New-002/R_63_Claude Monet_New/Weeping_Willowt.jpg	extracted
/Users/bear/Documents/CoWork/bear-textbooks/books/art/R_63_Claude Monet_New-002.zip	R_63_Claude Monet_New/The_Bodmer_Oak.jpg	/Users/bear/Documents/CoWork/bear-textbooks/books/art/extracted/R_63_Claude Monet_New-002/R_63_Claude Monet_New/The_Bodmer_Oak.jpg	extracted
/Users/bear/Documents/CoWork/bear-textbooks/books/art/R_63_Claude Monet_New-002.zip	R_63_Claude Monet_New/Les_maisons_bleues.jpg	/Users/bear/Documents/CoWork/bear-textbooks/books/art/extracted/R_63_Claude Monet_New-002/R_63_Claude Monet_New/Les_maisons_bleues.jpg	extracted
/Users/bear/Documents/CoWork/bear-textbooks/books/art/R_63_Claude Monet_New-002.zip	R_63_Claude Monet_New/The_Church_at_Varengeville_Grey_Weather_1882.jpg	/Users/bear/Documents/CoWork/bear-textbooks/books/art/extracted/R_63_Claude Monet_New-002/R_63_Claude Monet_New/The_Church_at_Varengeville_Grey_Weather_1882.jpg	extracted
/Users/bear/Documents/CoWork/bear-textbooks/books/art/R_63_Claude Monet_New-002.zip	R_63_Claude Monet_New/Jardin_a╠Ç_Sainte-Adresse.jpg	/Users/bear/Documents/CoWork/bear-textbooks/books/art/extracted/R_63_Claude Monet_New-002/R_63_Claude Monet_New/Jardin_a╠Ç_Sainte-Adresse.jpg	extracted
/Users/bear/Documents/CoWork/bear-textbooks/books/art/R_63_Claude Monet_New-002.zip	R_63_Claude Monet_New/Bathers_at_La_Grenouille╠Çre.jpg	/Users/bear/Documents/CoWork/bear-textbooks/books/art/extracted/R_63_Claude Monet_New-002/R_63_Claude Monet_New/Bathers_at_La_Grenouille╠Çre.jpg	extracted
/Users/bear/Documents/CoWork/bear-textbooks/books/art/R_63_Claude Monet_New-002.zip	R_63_Claude Monet_New/Le_Pont_d'Argenteuil.jpg	/Users/bear/Documents/CoWork/bear-textbooks/books/art/extracted/R_63_Claude Monet_New-002/R_63_Claude Monet_New/Le_Pont_d'Argenteuil.jpg	extracted
/Users/bear/Documents/CoWork/bear-textbooks/books/art/R_63_Claude Monet_New-002.zip	R_63_Claude Monet_New/Bassin_d'Argenteuilt.jpg	/Users/bear/Documents/CoWork/bear-textbooks/books/art/extracted/R_63_Claude Monet_New-002/R_63_Claude Monet_New/Bassin_d'Argenteuilt.jpg	extracted
/Users/bear/Documents/CoWork/bear-textbooks/books/art/R_63_Claude Monet_New-002.zip	R_63_Claude Monet_New/impression_sunrise_1872.jpg	/Users/bear/Documents/CoWork/bear-textbooks/books/art/extracted/R_63_Claude Monet_New-002/R_63_Claude Monet_New/impression_sunrise_1872.jpg	extracted
/Users/bear/Documents/CoWork/bear-textbooks/books/art/R_63_Claude Monet_New-002.zip	R_63_Claude Monet_New/Sainte-Adresse_1867.jpg	/Users/bear/Documents/CoWork/bear-textbooks/books/art/extracted/R_63_Claude Monet_New-002/R_63_Claude Monet_New/Sainte-Adresse_1867.jpg	extracted
/Users/bear/Documents/CoWork/bear-textbooks/books/art/R_63_Claude Monet_New-002.zip	R_63_Claude Monet_New/Morning_on_the_Seinet_01.jpg	/Users/bear/Documents/CoWork/bear-textbooks/books/art/extracted/R_63_Claude Monet_New-002/R_63_Claude Monet_New/Morning_on_the_Seinet_01.jpg	extracted
/Users/bear/Documents/CoWork/bear-textbooks/books/art/R_63_Claude Monet_New-002.zip	R_63_Claude Monet_New/Rue Saint-Denis with Flags_1878.jpg	/Users/bear/Documents/CoWork/bear-textbooks/books/art/extracted/R_63_Claude Monet_New-002/R_63_Claude Monet_New/Rue Saint-Denis with Flags_1878.jpg	extracted
/Users/bear/Documents/CoWork/bear-textbooks/books/art/R_63_Claude Monet_New-002.zip	R_63_Claude Monet_New/la_berge_du_petit-gennevilliers_soleil_couchant.jpg	/Users/bear/Documents/CoWork/bear-textbooks/books/art/extracted/R_63_Claude Monet_New-002/R_63_Claude Monet_New/la_berge_du_petit-gennevilliers_soleil_couchant.jpg	extracted
/Users/bear/Documents/CoWork/bear-textbooks/books/art/R_63_Claude Monet_New-002.zip	R_63_Claude Monet_New/Spring_Flowers.jpg	/Users/bear/Documents/CoWork/bear-textbooks/books/art/extracted/R_63_Claude Monet_New-002/R_63_Claude Monet_New/Spring_Flowers.jpg	extracted
/Users/bear/Documents/CoWork/bear-textbooks/books/art/R_63_Claude Monet_New-002.zip	R_63_Claude Monet_New/Stack_of_Wheat.jpg	/Users/bear/Documents/CoWork/bear-textbooks/books/art/extracted/R_63_Claude Monet_New-002/R_63_Claude Monet_New/Stack_of_Wheat.jpg	extracted
/Users/bear/Documents/CoWork/bear-textbooks/books/art/R_63_Claude Monet_New-002.zip	R_63_Claude Monet_New/Bateau_couche╠ü_a╠Ç_mare╠üe_basse_1881.jpg	/Users/bear/Documents/CoWork/bear-textbooks/books/art/extracted/R_63_Claude Monet_New-002/R_63_Claude Monet_New/Bateau_couche╠ü_a╠Ç_mare╠üe_basse_1881.jpg	extracted
/Users/bear/Documents/CoWork/bear-textbooks/books/art/R_63_Claude Monet_New-002.zip	R_63_Claude Monet_New/Meule_pre╠Çs_de_Giverny_1889.jpg	/Users/bear/Documents/CoWork/bear-textbooks/books/art/extracted/R_63_Claude Monet_New-002/R_63_Claude Monet_New/Meule_pre╠Çs_de_Giverny_1889.jpg	extracted
/Users/bear/Documents/CoWork/bear-textbooks/books/art/R_63_Claude Monet_New-002.zip	R_63_Claude Monet_New/Nymphe╠üas_1905.jpg	/Users/bear/Documents/CoWork/bear-textbooks/books/art/extracted/R_63_Claude Monet_New-002/R_63_Claude Monet_New/Nymphe╠üas_1905.jpg	extracted
/Users/bear/Documents/CoWork/bear-textbooks/books/art/R_63_Claude Monet_New-002.zip	R_63_Claude Monet_New/Path_in_the_Wheat_Fields_at_Pourville.jpg	/Users/bear/Documents/CoWork/bear-textbooks/books/art/extracted/R_63_Claude Monet_New-002/R_63_Claude Monet_New/Path_in_the_Wheat_Fields_at_Pourville.jpg	extracted
/Users/bear/Documents/CoWork/bear-textbooks/books/art/R_63_Claude Monet_New-002.zip	R_63_Claude Monet_New/Ve╠ütheuil_1901.jpg	/Users/bear/Documents/CoWork/bear-textbooks/books/art/extracted/R_63_Claude Monet_New-002/R_63_Claude Monet_New/Ve╠ütheuil_1901.jpg	extracted
/Users/bear/Documents/CoWork/bear-textbooks/books/art/R_63_Claude Monet_New-002.zip	R_63_Claude Monet_New/Saint-Georges_majeur_au_cre╠üpuscule.jpg	/Users/bear/Documents/CoWork/bear-textbooks/books/art/extracted/R_63_Claude Monet_New-002/R_63_Claude Monet_New/Saint-Georges_majeur_au_cre╠üpuscule.jpg	extracted
/Users/bear/Documents/CoWork/bear-textbooks/books/art/R_63_Claude Monet_New-002.zip	R_63_Claude Monet_New/Low_Tide_at_Pourville.jpg	/Users/bear/Documents/CoWork/bear-textbooks/books/art/extracted/R_63_Claude Monet_New-002/R_63_Claude Monet_New/Low_Tide_at_Pourville.jpg	extracted
/Users/bear/Documents/CoWork/bear-textbooks/books/art/R_63_Claude Monet_New-002.zip	R_63_Claude Monet_New/Nymphe╠üas_W_1698.jpg	/Users/bear/Documents/CoWork/bear-textbooks/books/art/extracted/R_63_Claude Monet_New-002/R_63_Claude Monet_New/Nymphe╠üas_W_1698.jpg	extracted
/Users/bear/Documents/CoWork/bear-textbooks/books/art/R_63_Claude Monet_New-002.zip	R_63_Claude Monet_New/La_cathe╠üdrale_de_Rouen.jpg	/Users/bear/Documents/CoWork/bear-textbooks/books/art/extracted/R_63_Claude Monet_New-002/R_63_Claude Monet_New/La_cathe╠üdrale_de_Rouen.jpg	extracted
/Users/bear/Documents/CoWork/bear-textbooks/books/art/R_63_Claude Monet_New-002.zip	R_63_Claude Monet_New/Water_Lilies_Agapanthus.jpg	/Users/bear/Documents/CoWork/bear-textbooks/books/art/extracted/R_63_Claude Monet_New-002/R_63_Claude Monet_New/Water_Lilies_Agapanthus.jpg	extracted
/Users/bear/Documents/CoWork/bear-textbooks/books/art/R_63_Claude Monet_New-002.zip	R_63_Claude Monet_New/The_Coalment.jpg	/Users/bear/Documents/CoWork/bear-textbooks/books/art/extracted/R_63_Claude Monet_New-002/R_63_Claude Monet_New/The_Coalment.jpg	extracted
/Users/bear/Documents/CoWork/bear-textbooks/books/art/R_63_Claude Monet_New-002.zip	R_63_Claude Monet_New/Haystacks.jpg	/Users/bear/Documents/CoWork/bear-textbooks/books/art/extracted/R_63_Claude Monet_New-002/R_63_Claude Monet_New/Haystacks.jpg	extracted
/Users/bear/Documents/CoWork/bear-textbooks/books/art/R_63_Claude Monet_New-002.zip	R_63_Claude Monet_New/Grainstack_in_the_Sunlight_1891.jpg	/Users/bear/Documents/CoWork/bear-textbooks/books/art/extracted/R_63_Claude Monet_New-002/R_63_Claude Monet_New/Grainstack_in_the_Sunlight_1891.jpg	extracted
/Users/bear/Documents/CoWork/bear-textbooks/books/art/R_63_Claude Monet_New-002.zip	R_63_Claude Monet_New/Claude_Monnet.Coastal_landscape.jpg	/Users/bear/Documents/CoWork/bear-textbooks/books/art/extracted/R_63_Claude Monet_New-002/R_63_Claude Monet_New/Claude_Monnet.Coastal_landscape.jpg	extracted
/Users/bear/Documents/CoWork/bear-textbooks/books/art/R_63_Claude Monet_New-002.zip	R_63_Claude Monet_New/Der_Koch_Le_Pe╠Çre_Paul.jpg	/Users/bear/Documents/CoWork/bear-textbooks/books/art/extracted/R_63_Claude Monet_New-002/R_63_Claude Monet_New/Der_Koch_Le_Pe╠Çre_Paul.jpg	extracted
/Users/bear/Documents/CoWork/bear-textbooks/books/art/R_63_Claude Monet_New-002.zip	R_63_Claude Monet_New/Caricature_of_a_Man_with_a_Large_Nose_1855-56.jpg	/Users/bear/Documents/CoWork/bear-textbooks/books/art/extracted/R_63_Claude Monet_New-002/R_63_Claude Monet_New/Caricature_of_a_Man_with_a_Large_Nose_1855-56.jpg	extracted
/Users/bear/Documents/CoWork/bear-textbooks/books/art/R_63_Claude Monet_New-002.zip	R_63_Claude Monet_New/au_jardin_la_famille_de_lartiste.jpg	/Users/bear/Documents/CoWork/bear-textbooks/books/art/extracted/R_63_Claude Monet_New-002/R_63_Claude Monet_New/au_jardin_la_famille_de_lartiste.jpg	extracted
/Users/bear/Documents/CoWork/bear-textbooks/books/art/R_63_Claude Monet_New-002.zip	R_63_Claude Monet_New/Dr._Leclenche╠ü.jpg	/Users/bear/Documents/CoWork/bear-textbooks/books/art/extracted/R_63_Claude Monet_New-002/R_63_Claude Monet_New/Dr._Leclenche╠ü.jpg	extracted
/Users/bear/Documents/CoWork/bear-textbooks/books/art/R_63_Claude Monet_New-002.zip	R_63_Claude Monet_New/Fishing_nets_at_Pourvillet.jpg	/Users/bear/Documents/CoWork/bear-textbooks/books/art/extracted/R_63_Claude Monet_New-002/R_63_Claude Monet_New/Fishing_nets_at_Pourvillet.jpg	extracted
/Users/bear/Documents/CoWork/bear-textbooks/books/art/R_63_Claude Monet_New-002.zip	R_63_Claude Monet_New/The_Water_Lilies_-_Clear_Morning_with_Willowst.jpg	/Users/bear/Documents/CoWork/bear-textbooks/books/art/extracted/R_63_Claude Monet_New-002/R_63_Claude Monet_New/The_Water_Lilies_-_Clear_Morning_with_Willowst.jpg	extracted
/Users/bear/Documents/CoWork/bear-textbooks/books/art/R_63_Claude Monet_New-002.zip	R_63_Claude Monet_New/The Train in the Snow_1875.jpg	/Users/bear/Documents/CoWork/bear-textbooks/books/art/extracted/R_63_Claude Monet_New-002/R_63_Claude Monet_New/The Train in the Snow_1875.jpg	extracted
/Users/bear/Documents/CoWork/bear-textbooks/books/art/R_63_Claude Monet_New-002.zip	R_63_Claude Monet_New/Corner_of_Water_Lily_Pond.jpg	/Users/bear/Documents/CoWork/bear-textbooks/books/art/extracted/R_63_Claude Monet_New-002/R_63_Claude Monet_New/Corner_of_Water_Lily_Pond.jpg	extracted
/Users/bear/Documents/CoWork/bear-textbooks/books/art/R_63_Claude Monet_New-002.zip	R_63_Claude Monet_New/jeune_fille_dans_le_jardin_de_giverny.jpg	/Users/bear/Documents/CoWork/bear-textbooks/books/art/extracted/R_63_Claude Monet_New-002/R_63_Claude Monet_New/jeune_fille_dans_le_jardin_de_giverny.jpg	extracted
/Users/bear/Documents/CoWork/bear-textbooks/books/art/R_63_Claude Monet_New-002.zip	R_63_Claude Monet_New/Nymphe╠üas_Waterlilies.jpg	/Users/bear/Documents/CoWork/bear-textbooks/books/art/extracted/R_63_Claude Monet_New-002/R_63_Claude Monet_New/Nymphe╠üas_Waterlilies.jpg	extracted
/Users/bear/Documents/CoWork/bear-textbooks/books/art/R_63_Claude Monet_New-002.zip	R_63_Claude Monet_New/Woman_with_a_Parasol.jpg	/Users/bear/Documents/CoWork/bear-textbooks/books/art/extracted/R_63_Claude Monet_New-002/R_63_Claude Monet_New/Woman_with_a_Parasol.jpg	extracted
/Users/bear/Documents/CoWork/bear-textbooks/books/art/R_63_Claude Monet_New-002.zip	R_63_Claude Monet_New/canoaepte01.jpg	/Users/bear/Documents/CoWork/bear-textbooks/books/art/extracted/R_63_Claude Monet_New-002/R_63_Claude Monet_New/canoaepte01.jpg	extracted
/Users/bear/Documents/CoWork/bear-textbooks/books/art/R_63_Claude Monet_New-002.zip	R_63_Claude Monet_New/The Pont Neuf, Paris Jigsaw Puzzle_1873.jpg	/Users/bear/Documents/CoWork/bear-textbooks/books/art/extracted/R_63_Claude Monet_New-002/R_63_Claude Monet_New/The Pont Neuf, Paris Jigsaw Puzzle_1873.jpg	extracted
/Users/bear/Documents/CoWork/bear-textbooks/books/art/R_63_Claude Monet_New-002.zip	R_63_Claude Monet_New/La_Manneporte_E╠ütretat.jpg	/Users/bear/Documents/CoWork/bear-textbooks/books/art/extracted/R_63_Claude Monet_New-002/R_63_Claude Monet_New/La_Manneporte_E╠ütretat.jpg	extracted
/Users/bear/Documents/CoWork/bear-textbooks/books/art/R_63_Claude Monet_New-002.zip	R_63_Claude Monet_New/The_Saint-Lazare_Stationt.jpg	/Users/bear/Documents/CoWork/bear-textbooks/books/art/extracted/R_63_Claude Monet_New-002/R_63_Claude Monet_New/The_Saint-Lazare_Stationt.jpg	extracted
/Users/bear/Documents/CoWork/bear-textbooks/books/art/R_63_Claude Monet_New-002.zip	R_63_Claude Monet_New/The_Water-Lily_Pond.jpg	/Users/bear/Documents/CoWork/bear-textbooks/books/art/extracted/R_63_Claude Monet_New-002/R_63_Claude Monet_New/The_Water-Lily_Pond.jpg	extracted
/Users/bear/Documents/CoWork/bear-textbooks/books/art/R_63_Claude Monet_New-002.zip	R_63_Claude Monet_New/Haystacks-_Snow_Effectt.jpg	/Users/bear/Documents/CoWork/bear-textbooks/books/art/extracted/R_63_Claude Monet_New-002/R_63_Claude Monet_New/Haystacks-_Snow_Effectt.jpg	extracted
/Users/bear/Documents/CoWork/bear-textbooks/books/art/R_63_Claude Monet_New-002.zip	R_63_Claude Monet_New/Exte╠ürieur_de_la_gare_Saint-Lazare.jpg	/Users/bear/Documents/CoWork/bear-textbooks/books/art/extracted/R_63_Claude Monet_New-002/R_63_Claude Monet_New/Exte╠ürieur_de_la_gare_Saint-Lazare.jpg	extracted
/Users/bear/Documents/CoWork/bear-textbooks/books/art/R_63_Claude Monet_New-002.zip	R_63_Claude Monet_New/Boy_in_the_Country_1857.jpg	/Users/bear/Documents/CoWork/bear-textbooks/books/art/extracted/R_63_Claude Monet_New-002/R_63_Claude Monet_New/Boy_in_the_Country_1857.jpg	extracted
/Users/bear/Documents/CoWork/bear-textbooks/books/art/R_63_Claude Monet_New-002.zip	R_63_Claude Monet_New/Poppy_Field.jpg	/Users/bear/Documents/CoWork/bear-textbooks/books/art/extracted/R_63_Claude Monet_New-002/R_63_Claude Monet_New/Poppy_Field.jpg	extracted
/Users/bear/Documents/CoWork/bear-textbooks/books/art/R_63_Claude Monet_New-002.zip	R_63_Claude Monet_New/Ships_Riding_on_the_Seine_at_Rouen_by_1872.jpg	/Users/bear/Documents/CoWork/bear-textbooks/books/art/extracted/R_63_Claude Monet_New-002/R_63_Claude Monet_New/Ships_Riding_on_the_Seine_at_Rouen_by_1872.jpg	extracted
/Users/bear/Documents/CoWork/bear-textbooks/books/art/R_63_Claude Monet_New-002.zip	R_63_Claude Monet_New/E╠ütretat_Coucher_de_Soleil.jpg	/Users/bear/Documents/CoWork/bear-textbooks/books/art/extracted/R_63_Claude Monet_New-002/R_63_Claude Monet_New/E╠ütretat_Coucher_de_Soleil.jpg	extracted
/Users/bear/Documents/CoWork/bear-textbooks/books/art/R_63_Claude Monet_New-002.zip	R_63_Claude Monet_New/Das_Haus_in_den_Rosen.jpg	/Users/bear/Documents/CoWork/bear-textbooks/books/art/extracted/R_63_Claude Monet_New-002/R_63_Claude Monet_New/Das_Haus_in_den_Rosen.jpg	extracted
/Users/bear/Documents/CoWork/bear-textbooks/books/art/R_63_Claude Monet_New-002.zip	R_63_Claude Monet_New/Regnv├ªr_Etretatt.jpg	/Users/bear/Documents/CoWork/bear-textbooks/books/art/extracted/R_63_Claude Monet_New-002/R_63_Claude Monet_New/Regnv├ªr_Etretatt.jpg	extracted
/Users/bear/Documents/CoWork/bear-textbooks/books/art/R_63_Claude Monet_New-002.zip	R_63_Claude Monet_New/Banks_of_the_Seine_Ve╠ütheuil_1880.jpg	/Users/bear/Documents/CoWork/bear-textbooks/books/art/extracted/R_63_Claude Monet_New-002/R_63_Claude Monet_New/Banks_of_the_Seine_Ve╠ütheuil_1880.jpg	extracted
/Users/bear/Documents/CoWork/bear-textbooks/books/art/R_63_Claude Monet_New-002.zip	R_63_Claude Monet_New/The_Bridge_at_Argenteuil_1874.jpg	/Users/bear/Documents/CoWork/bear-textbooks/books/art/extracted/R_63_Claude Monet_New-002/R_63_Claude Monet_New/The_Bridge_at_Argenteuil_1874.jpg	extracted
/Users/bear/Documents/CoWork/bear-textbooks/books/art/R_63_Claude Monet_New-002.zip	R_63_Claude Monet_New/Still_Life_with_Pheasants_and_Ploverst.jpg	/Users/bear/Documents/CoWork/bear-textbooks/books/art/extracted/R_63_Claude Monet_New-002/R_63_Claude Monet_New/Still_Life_with_Pheasants_and_Ploverst.jpg	extracted
/Users/bear/Documents/CoWork/bear-textbooks/books/art/R_63_Claude Monet_New-002.zip	R_63_Claude Monet_New/la_plaine_de_gennevilliers.jpg	/Users/bear/Documents/CoWork/bear-textbooks/books/art/extracted/R_63_Claude Monet_New-002/R_63_Claude Monet_New/la_plaine_de_gennevilliers.jpg	extracted
/Users/bear/Documents/CoWork/bear-textbooks/books/art/R_63_Claude Monet_New-002.zip	R_63_Claude Monet_New/Le_Pont_de_Waterloo.jpg	/Users/bear/Documents/CoWork/bear-textbooks/books/art/extracted/R_63_Claude Monet_New-002/R_63_Claude Monet_New/Le_Pont_de_Waterloo.jpg	extracted
/Users/bear/Documents/CoWork/bear-textbooks/books/art/R_63_Claude Monet_New-002.zip	R_63_Claude Monet_New/The_Seine_at_Ve╠ütheuil.jpg	/Users/bear/Documents/CoWork/bear-textbooks/books/art/extracted/R_63_Claude Monet_New-002/R_63_Claude Monet_New/The_Seine_at_Ve╠ütheuil.jpg	extracted
/Users/bear/Documents/CoWork/bear-textbooks/books/art/R_63_Claude Monet_New-002.zip	R_63_Claude Monet_New/The_Houses_of_Parliament_Effect_of_Fog.jpg	/Users/bear/Documents/CoWork/bear-textbooks/books/art/extracted/R_63_Claude Monet_New-002/R_63_Claude Monet_New/The_Houses_of_Parliament_Effect_of_Fog.jpg	extracted
/Users/bear/Documents/CoWork/bear-textbooks/books/art/R_63_Claude Monet_New-002.zip	R_63_Claude Monet_New/Rouen_Cathedral_West_Fac╠ºade_Sunlightt.jpg	/Users/bear/Documents/CoWork/bear-textbooks/books/art/extracted/R_63_Claude Monet_New-002/R_63_Claude Monet_New/Rouen_Cathedral_West_Fac╠ºade_Sunlightt.jpg	extracted
/Users/bear/Documents/CoWork/bear-textbooks/books/art/R_63_Claude Monet_New-002.zip	R_63_Claude Monet_New/Pyramides_Port_Coton.jpg	/Users/bear/Documents/CoWork/bear-textbooks/books/art/extracted/R_63_Claude Monet_New-002/R_63_Claude Monet_New/Pyramides_Port_Coton.jpg	extracted
/Users/bear/Documents/CoWork/bear-textbooks/books/art/R_63_Claude Monet_New-002.zip	R_63_Claude Monet_New/The_Cradle_-_Camille_with_the_Artist's_Son_Jean_1867.jpg	/Users/bear/Documents/CoWork/bear-textbooks/books/art/extracted/R_63_Claude Monet_New-002/R_63_Claude Monet_New/The_Cradle_-_Camille_with_the_Artist's_Son_Jean_1867.jpg	extracted
/Users/bear/Documents/CoWork/bear-textbooks/books/art/R_63_Claude Monet_New-002.zip	R_63_Claude Monet_New/The_Petite_Creuse_River_1889.jpg	/Users/bear/Documents/CoWork/bear-textbooks/books/art/extracted/R_63_Claude Monet_New-002/R_63_Claude Monet_New/The_Petite_Creuse_River_1889.jpg	extracted
/Users/bear/Documents/CoWork/bear-textbooks/books/art/R_63_Claude Monet_New-002.zip	R_63_Claude Monet_New/Stacks_of_Wheat_1891.jpg	/Users/bear/Documents/CoWork/bear-textbooks/books/art/extracted/R_63_Claude Monet_New-002/R_63_Claude Monet_New/Stacks_of_Wheat_1891.jpg	extracted
/Users/bear/Documents/CoWork/bear-textbooks/books/art/R_63_Claude Monet_New-002.zip	R_63_Claude Monet_New/Poplars_on_the_Eptet.jpg	/Users/bear/Documents/CoWork/bear-textbooks/books/art/extracted/R_63_Claude Monet_New-002/R_63_Claude Monet_New/Poplars_on_the_Eptet.jpg	extracted
/Users/bear/Documents/CoWork/bear-textbooks/books/art/R_63_Claude Monet_New-002.zip	R_63_Claude Monet_New/Sailboats_on_the_Seine_detail_1874.jpg	/Users/bear/Documents/CoWork/bear-textbooks/books/art/extracted/R_63_Claude Monet_New-002/R_63_Claude Monet_New/Sailboats_on_the_Seine_detail_1874.jpg	extracted
/Users/bear/Documents/CoWork/bear-textbooks/books/art/R_63_Claude Monet_New-002.zip	R_63_Claude Monet_New/Shadows_on_the_Sea._The_Cliffs_at_Pourvillet.jpg	/Users/bear/Documents/CoWork/bear-textbooks/books/art/extracted/R_63_Claude Monet_New-002/R_63_Claude Monet_New/Shadows_on_the_Sea._The_Cliffs_at_Pourvillet.jpg	extracted
/Users/bear/Documents/CoWork/bear-textbooks/books/art/R_63_Claude Monet_New-002.zip	R_63_Claude Monet_New/San_Giorgio_Maggiore.jpg	/Users/bear/Documents/CoWork/bear-textbooks/books/art/extracted/R_63_Claude Monet_New-002/R_63_Claude Monet_New/San_Giorgio_Maggiore.jpg	extracted
/Users/bear/Documents/CoWork/bear-textbooks/books/art/R_63_Claude Monet_New-002.zip	R_63_Claude Monet_New/The_Water_Lilies_-_Tree_Reflectionst.jpg	/Users/bear/Documents/CoWork/bear-textbooks/books/art/extracted/R_63_Claude Monet_New-002/R_63_Claude Monet_New/The_Water_Lilies_-_Tree_Reflectionst.jpg	extracted
/Users/bear/Documents/CoWork/bear-textbooks/books/art/R_63_Claude Monet_New-002.zip	R_63_Claude Monet_New/The_Water_Lilies_-_The_Cloudst.jpg	/Users/bear/Documents/CoWork/bear-textbooks/books/art/extracted/R_63_Claude Monet_New-002/R_63_Claude Monet_New/The_Water_Lilies_-_The_Cloudst.jpg	extracted
/Users/bear/Documents/CoWork/bear-textbooks/books/art/R_63_Claude Monet_New-002.zip	R_63_Claude Monet_New/Aiguille_&_Porte_dΓÇÖAval_Etretat_-_Sunset_c.1883-85.jpg	/Users/bear/Documents/CoWork/bear-textbooks/books/art/extracted/R_63_Claude Monet_New-002/R_63_Claude Monet_New/Aiguille_&_Porte_dΓÇÖAval_Etretat_-_Sunset_c.1883-85.jpg	extracted
/Users/bear/Documents/CoWork/bear-textbooks/books/art/R_63_Claude Monet_New-002.zip	R_63_Claude Monet_New/The_Valley_of_the_Nervia.jpg	/Users/bear/Documents/CoWork/bear-textbooks/books/art/extracted/R_63_Claude Monet_New-002/R_63_Claude Monet_New/The_Valley_of_the_Nervia.jpg	extracted
/Users/bear/Documents/CoWork/bear-textbooks/books/art/R_63_Claude Monet_New-002.zip	R_63_Claude Monet_New/paris_marmottan_strand_trouville.jpg	/Users/bear/Documents/CoWork/bear-textbooks/books/art/extracted/R_63_Claude Monet_New-002/R_63_Claude Monet_New/paris_marmottan_strand_trouville.jpg	extracted
/Users/bear/Documents/CoWork/bear-textbooks/books/art/R_63_Claude Monet_New-002.zip	R_63_Claude Monet_New/The_Water_Lilies_-_Morningt.jpg	/Users/bear/Documents/CoWork/bear-textbooks/books/art/extracted/R_63_Claude Monet_New-002/R_63_Claude Monet_New/The_Water_Lilies_-_Morningt.jpg	extracted
/Users/bear/Documents/CoWork/bear-textbooks/books/art/R_63_Claude Monet_New-002.zip	R_63_Claude Monet_New/Automne_sur_la_Seine_Argenteuil_1873.jpg	/Users/bear/Documents/CoWork/bear-textbooks/books/art/extracted/R_63_Claude Monet_New-002/R_63_Claude Monet_New/Automne_sur_la_Seine_Argenteuil_1873.jpg	extracted
/Users/bear/Documents/CoWork/bear-textbooks/books/art/R_63_Claude Monet_New-002.zip	R_63_Claude Monet_New/On_the_Bank_of_the_Seine_Bennecourt.jpg	/Users/bear/Documents/CoWork/bear-textbooks/books/art/extracted/R_63_Claude Monet_New-002/R_63_Claude Monet_New/On_the_Bank_of_the_Seine_Bennecourt.jpg	extracted
/Users/bear/Documents/CoWork/bear-textbooks/books/art/R_63_Claude Monet_New-002.zip	R_63_Claude Monet_New/Countryside_landscape_with_trees.jpg	/Users/bear/Documents/CoWork/bear-textbooks/books/art/extracted/R_63_Claude Monet_New-002/R_63_Claude Monet_New/Countryside_landscape_with_trees.jpg	extracted
/Users/bear/Documents/CoWork/bear-textbooks/books/art/R_63_Claude Monet_New-002.zip	R_63_Claude Monet_New/The_Road_to_Ve╠ütheuilt.jpg	/Users/bear/Documents/CoWork/bear-textbooks/books/art/extracted/R_63_Claude Monet_New-002/R_63_Claude Monet_New/The_Road_to_Ve╠ütheuilt.jpg	extracted
/Users/bear/Documents/CoWork/bear-textbooks/books/art/R_63_Claude Monet_New-002.zip	R_63_Claude Monet_New/Bord_de_mer_et_falaises_de_Pourville_le_matin_1882.jpg	/Users/bear/Documents/CoWork/bear-textbooks/books/art/extracted/R_63_Claude Monet_New-002/R_63_Claude Monet_New/Bord_de_mer_et_falaises_de_Pourville_le_matin_1882.jpg	extracted
/Users/bear/Documents/CoWork/bear-textbooks/books/art/R_63_Claude Monet_New-002.zip	R_63_Claude Monet_New/The_Railroad_bridge_in_Argenteuilt.jpg	/Users/bear/Documents/CoWork/bear-textbooks/books/art/extracted/R_63_Claude Monet_New-002/R_63_Claude Monet_New/The_Railroad_bridge_in_Argenteuilt.jpg	extracted
/Users/bear/Documents/CoWork/bear-textbooks/books/art/R_63_Claude Monet_New-002.zip	R_63_Claude Monet_New/bateaux_dans_le_port_de_honfleur.jpg	/Users/bear/Documents/CoWork/bear-textbooks/books/art/extracted/R_63_Claude Monet_New-002/R_63_Claude Monet_New/bateaux_dans_le_port_de_honfleur.jpg	extracted
/Users/bear/Documents/CoWork/bear-textbooks/books/art/R_63_Claude Monet_New-002.zip	R_63_Claude Monet_New/Le_Grand_Canal_1.jpg	/Users/bear/Documents/CoWork/bear-textbooks/books/art/extracted/R_63_Claude Monet_New-002/R_63_Claude Monet_New/Le_Grand_Canal_1.jpg	extracted
/Users/bear/Documents/CoWork/bear-textbooks/books/art/R_63_Claude Monet_New-002.zip	R_63_Claude Monet_New/Tulpenvelden_vlak_bij_Den_Haag.jpg	/Users/bear/Documents/CoWork/bear-textbooks/books/art/extracted/R_63_Claude Monet_New-002/R_63_Claude Monet_New/Tulpenvelden_vlak_bij_Den_Haag.jpg	extracted
/Users/bear/Documents/CoWork/bear-textbooks/books/art/R_63_Claude Monet_New-002.zip	R_63_Claude Monet_New/The_Seine_at_Giverny_1897.jpg	/Users/bear/Documents/CoWork/bear-textbooks/books/art/extracted/R_63_Claude Monet_New-002/R_63_Claude Monet_New/The_Seine_at_Giverny_1897.jpg	extracted
/Users/bear/Documents/CoWork/bear-textbooks/books/art/R_63_Claude Monet_New-002.zip	R_63_Claude Monet_New/Water Lilies and Agapanthus_1923.jpg	/Users/bear/Documents/CoWork/bear-textbooks/books/art/extracted/R_63_Claude Monet_New-002/R_63_Claude Monet_New/Water Lilies and Agapanthus_1923.jpg	extracted
/Users/bear/Documents/CoWork/bear-textbooks/books/art/Stencil-20260801T011914Z-1-001.zip	Stencil/pjjiqvuwpby.png	/Users/bear/Documents/CoWork/bear-textbooks/books/art/extracted/Stencil-20260801T011914Z-1-001/Stencil/pjjiqvuwpby.png	extracted
/Users/bear/Documents/CoWork/bear-textbooks/books/art/Stencil-20260801T011914Z-1-001.zip	Stencil/qjsfusrlrik.png	/Users/bear/Documents/CoWork/bear-textbooks/books/art/extracted/Stencil-20260801T011914Z-1-001/Stencil/qjsfusrlrik.png	extracted
/Users/bear/Documents/CoWork/bear-textbooks/books/art/Stencil-20260801T011914Z-1-001.zip	Stencil/jqvgsrafwgd.png	/Users/bear/Documents/CoWork/bear-textbooks/books/art/extracted/Stencil-20260801T011914Z-1-001/Stencil/jqvgsrafwgd.png	extracted
/Users/bear/Documents/CoWork/bear-textbooks/books/art/Stencil-20260801T011914Z-1-001.zip	Stencil/yxirnpcpyzc.png	/Users/bear/Documents/CoWork/bear-textbooks/books/art/extracted/Stencil-20260801T011914Z-1-001/Stencil/yxirnpcpyzc.png	extracted
/Users/bear/Documents/CoWork/bear-textbooks/books/art/Stencil-20260801T011914Z-1-001.zip	Stencil/vvxqoyoldge.png	/Users/bear/Documents/CoWork/bear-textbooks/books/art/extracted/Stencil-20260801T011914Z-1-001/Stencil/vvxqoyoldge.png	extracted
/Users/bear/Documents/CoWork/bear-textbooks/books/art/Stencil-20260801T011914Z-1-001.zip	Stencil/pbefoshcmyy.png	/Users/bear/Documents/CoWork/bear-textbooks/books/art/extracted/Stencil-20260801T011914Z-1-001/Stencil/pbefoshcmyy.png	extracted
/Users/bear/Documents/CoWork/bear-textbooks/books/art/Stencil-20260801T011914Z-1-001.zip	Stencil/ykkjsbwrzfd.png	/Users/bear/Documents/CoWork/bear-textbooks/books/art/extracted/Stencil-20260801T011914Z-1-001/Stencil/ykkjsbwrzfd.png	extracted
/Users/bear/Documents/CoWork/bear-textbooks/books/art/Stencil-20260801T011914Z-1-001.zip	Stencil/edljrwrfumv.png	/Users/bear/Documents/CoWork/bear-textbooks/books/art/extracted/Stencil-20260801T011914Z-1-001/Stencil/edljrwrfumv.png	extracted
/Users/bear/Documents/CoWork/bear-textbooks/books/art/Still lifes_Vincent van Gogh_NEW-20260801T011932Z-1-001.zip	Still lifes_Vincent van Gogh_NEW/hmcqziezqkn.png	/Users/bear/Documents/CoWork/bear-textbooks/books/art/extracted/Still lifes_Vincent van Gogh_NEW-20260801T011932Z-1-001/Still lifes_Vincent van Gogh_NEW/hmcqziezqkn.png	extracted
/Users/bear/Documents/CoWork/bear-textbooks/books/art/Still lifes_Vincent van Gogh_NEW-20260801T011932Z-1-001.zip	Still lifes_Vincent van Gogh_NEW/tuflgwzgenu.png	/Users/bear/Documents/CoWork/bear-textbooks/books/art/extracted/Still lifes_Vincent van Gogh_NEW-20260801T011932Z-1-001/Still lifes_Vincent van Gogh_NEW/tuflgwzgenu.png	extracted
/Users/bear/Documents/CoWork/bear-textbooks/books/art/Still lifes_Vincent van Gogh_NEW-20260801T011932Z-1-001.zip	Still lifes_Vincent van Gogh_NEW/pntlxpshvbm.png	/Users/bear/Documents/CoWork/bear-textbooks/books/art/extracted/Still lifes_Vincent van Gogh_NEW-20260801T011932Z-1-001/Still lifes_Vincent van Gogh_NEW/pntlxpshvbm.png	extracted
/Users/bear/Documents/CoWork/bear-textbooks/books/art/Still lifes_Vincent van Gogh_NEW-20260801T011932Z-1-001.zip	Still lifes_Vincent van Gogh_NEW/eguhjzbagxr.png	/Users/bear/Documents/CoWork/bear-textbooks/books/art/extracted/Still lifes_Vincent van Gogh_NEW-20260801T011932Z-1-001/Still lifes_Vincent van Gogh_NEW/eguhjzbagxr.png	extracted
/Users/bear/Documents/CoWork/bear-textbooks/books/art/Still lifes_Vincent van Gogh_NEW-20260801T011932Z-1-001.zip	Still lifes_Vincent van Gogh_NEW/rmetdeunlar.png	/Users/bear/Documents/CoWork/bear-textbooks/books/art/extracted/Still lifes_Vincent van Gogh_NEW-20260801T011932Z-1-001/Still lifes_Vincent van Gogh_NEW/rmetdeunlar.png	extracted
/Users/bear/Documents/CoWork/bear-textbooks/books/art/Still lifes_Vincent van Gogh_NEW-20260801T011932Z-1-001.zip	Still lifes_Vincent van Gogh_NEW/djdgfgfnlgr.png	/Users/bear/Documents/CoWork/bear-textbooks/books/art/extracted/Still lifes_Vincent van Gogh_NEW-20260801T011932Z-1-001/Still lifes_Vincent van Gogh_NEW/djdgfgfnlgr.png	extracted
/Users/bear/Documents/CoWork/bear-textbooks/books/art/Still lifes_Vincent van Gogh_NEW-20260801T011932Z-1-001.zip	Still lifes_Vincent van Gogh_NEW/cmbepuukuqg.png	/Users/bear/Documents/CoWork/bear-textbooks/books/art/extracted/Still lifes_Vincent van Gogh_NEW-20260801T011932Z-1-001/Still lifes_Vincent van Gogh_NEW/cmbepuukuqg.png	extracted
/Users/bear/Documents/CoWork/bear-textbooks/books/art/Still lifes_Vincent van Gogh_NEW-20260801T011932Z-1-001.zip	Still lifes_Vincent van Gogh_NEW/jjaiwwevlve.png	/Users/bear/Documents/CoWork/bear-textbooks/books/art/extracted/Still lifes_Vincent van Gogh_NEW-20260801T011932Z-1-001/Still lifes_Vincent van Gogh_NEW/jjaiwwevlve.png	extracted
/Users/bear/Documents/CoWork/bear-textbooks/books/art/Still lifes_Vincent van Gogh_NEW-20260801T011932Z-1-001.zip	Still lifes_Vincent van Gogh_NEW/iywaukhhhyx.png	/Users/bear/Documents/CoWork/bear-textbooks/books/art/extracted/Still lifes_Vincent van Gogh_NEW-20260801T011932Z-1-001/Still lifes_Vincent van Gogh_NEW/iywaukhhhyx.png	extracted
/Users/bear/Documents/CoWork/bear-textbooks/books/art/Still lifes_Vincent van Gogh_NEW-20260801T011932Z-1-001.zip	Still lifes_Vincent van Gogh_NEW/iascchatnqz.png	/Users/bear/Documents/CoWork/bear-textbooks/books/art/extracted/Still lifes_Vincent van Gogh_NEW-20260801T011932Z-1-001/Still lifes_Vincent van Gogh_NEW/iascchatnqz.png	extracted
/Users/bear/Documents/CoWork/bear-textbooks/books/art/Still lifes_Vincent van Gogh_NEW-20260801T011932Z-1-001.zip	Still lifes_Vincent van Gogh_NEW/cugykiuypqf.png	/Users/bear/Documents/CoWork/bear-textbooks/books/art/extracted/Still lifes_Vincent van Gogh_NEW-20260801T011932Z-1-001/Still lifes_Vincent van Gogh_NEW/cugykiuypqf.png	extracted
/Users/bear/Documents/CoWork/bear-textbooks/books/art/Still lifes_Vincent van Gogh_NEW-20260801T011932Z-1-001.zip	Still lifes_Vincent van Gogh_NEW/xkdlvnzjkat.png	/Users/bear/Documents/CoWork/bear-textbooks/books/art/extracted/Still lifes_Vincent van Gogh_NEW-20260801T011932Z-1-001/Still lifes_Vincent van Gogh_NEW/xkdlvnzjkat.png	extracted
/Users/bear/Documents/CoWork/bear-textbooks/books/art/Still lifes_Vincent van Gogh_NEW-20260801T011932Z-1-001.zip	Still lifes_Vincent van Gogh_NEW/noslgutapzb.png	/Users/bear/Documents/CoWork/bear-textbooks/books/art/extracted/Still lifes_Vincent van Gogh_NEW-20260801T011932Z-1-001/Still lifes_Vincent van Gogh_NEW/noslgutapzb.png	extracted
/Users/bear/Documents/CoWork/bear-textbooks/books/art/Still lifes_Vincent van Gogh_NEW-20260801T011932Z-1-001.zip	Still lifes_Vincent van Gogh_NEW/secsntqggxc.png	/Users/bear/Documents/CoWork/bear-textbooks/books/art/extracted/Still lifes_Vincent van Gogh_NEW-20260801T011932Z-1-001/Still lifes_Vincent van Gogh_NEW/secsntqggxc.png	extracted
/Users/bear/Documents/CoWork/bear-textbooks/books/art/Still lifes_Vincent van Gogh_NEW-20260801T011932Z-1-001.zip	Still lifes_Vincent van Gogh_NEW/sorxwaioegg.png	/Users/bear/Documents/CoWork/bear-textbooks/books/art/extracted/Still lifes_Vincent van Gogh_NEW-20260801T011932Z-1-001/Still lifes_Vincent van Gogh_NEW/sorxwaioegg.png	extracted
/Users/bear/Documents/CoWork/bear-textbooks/books/art/Still lifes_Vincent van Gogh_NEW-20260801T011932Z-1-001.zip	Still lifes_Vincent van Gogh_NEW/nnommhxllsu.png	/Users/bear/Documents/CoWork/bear-textbooks/books/art/extracted/Still lifes_Vincent van Gogh_NEW-20260801T011932Z-1-001/Still lifes_Vincent van Gogh_NEW/nnommhxllsu.png	extracted
/Users/bear/Documents/CoWork/bear-textbooks/books/art/Still lifes_Vincent van Gogh_NEW-20260801T011932Z-1-001.zip	Still lifes_Vincent van Gogh_NEW/gbffvjxwssu.png	/Users/bear/Documents/CoWork/bear-textbooks/books/art/extracted/Still lifes_Vincent van Gogh_NEW-20260801T011932Z-1-001/Still lifes_Vincent van Gogh_NEW/gbffvjxwssu.png	extracted
/Users/bear/Documents/CoWork/bear-textbooks/books/art/Still lifes_Vincent van Gogh_NEW-20260801T011932Z-1-001.zip	Still lifes_Vincent van Gogh_NEW/zxugwnvlttb.png	/Users/bear/Documents/CoWork/bear-textbooks/books/art/extracted/Still lifes_Vincent van Gogh_NEW-20260801T011932Z-1-001/Still lifes_Vincent van Gogh_NEW/zxugwnvlttb.png	extracted
/Users/bear/Documents/CoWork/bear-textbooks/books/art/Still lifes_Vincent van Gogh_NEW-20260801T011932Z-1-001.zip	Still lifes_Vincent van Gogh_NEW/cfbqqghonpr.png	/Users/bear/Documents/CoWork/bear-textbooks/books/art/extracted/Still lifes_Vincent van Gogh_NEW-20260801T011932Z-1-001/Still lifes_Vincent van Gogh_NEW/cfbqqghonpr.png	extracted
/Users/bear/Documents/CoWork/bear-textbooks/books/art/Still lifes_Vincent van Gogh_NEW-20260801T011932Z-1-001.zip	Still lifes_Vincent van Gogh_NEW/oetklvcgnld.png	/Users/bear/Documents/CoWork/bear-textbooks/books/art/extracted/Still lifes_Vincent van Gogh_NEW-20260801T011932Z-1-001/Still lifes_Vincent van Gogh_NEW/oetklvcgnld.png	extracted
/Users/bear/Documents/CoWork/bear-textbooks/books/art/Still lifes_Vincent van Gogh_NEW-20260801T011932Z-1-001.zip	Still lifes_Vincent van Gogh_NEW/ujabouxpmce.png	/Users/bear/Documents/CoWork/bear-textbooks/books/art/extracted/Still lifes_Vincent van Gogh_NEW-20260801T011932Z-1-001/Still lifes_Vincent van Gogh_NEW/ujabouxpmce.png	extracted
/Users/bear/Documents/CoWork/bear-textbooks/books/art/Still lifes_Vincent van Gogh_NEW-20260801T011932Z-1-001.zip	Still lifes_Vincent van Gogh_NEW/wbfvgprmgap.png	/Users/bear/Documents/CoWork/bear-textbooks/books/art/extracted/Still lifes_Vincent van Gogh_NEW-20260801T011932Z-1-001/Still lifes_Vincent van Gogh_NEW/wbfvgprmgap.png	extracted
/Users/bear/Documents/CoWork/bear-textbooks/books/art/Still lifes_Vincent van Gogh_NEW-20260801T011932Z-1-001.zip	Still lifes_Vincent van Gogh_NEW/enadvwojqtt.png	/Users/bear/Documents/CoWork/bear-textbooks/books/art/extracted/Still lifes_Vincent van Gogh_NEW-20260801T011932Z-1-001/Still lifes_Vincent van Gogh_NEW/enadvwojqtt.png	extracted
/Users/bear/Documents/CoWork/bear-textbooks/books/art/Still lifes_Vincent van Gogh_NEW-20260801T011932Z-1-001.zip	Still lifes_Vincent van Gogh_NEW/mksxjdyqesx.png	/Users/bear/Documents/CoWork/bear-textbooks/books/art/extracted/Still lifes_Vincent van Gogh_NEW-20260801T011932Z-1-001/Still lifes_Vincent van Gogh_NEW/mksxjdyqesx.png	extracted
/Users/bear/Documents/CoWork/bear-textbooks/books/art/Still lifes_Vincent van Gogh_NEW-20260801T011932Z-1-001.zip	Still lifes_Vincent van Gogh_NEW/nbaraddnjjj.png	/Users/bear/Documents/CoWork/bear-textbooks/books/art/extracted/Still lifes_Vincent van Gogh_NEW-20260801T011932Z-1-001/Still lifes_Vincent van Gogh_NEW/nbaraddnjjj.png	extracted
/Users/bear/Documents/CoWork/bear-textbooks/books/art/Still lifes_Vincent van Gogh_NEW-20260801T011932Z-1-001.zip	Still lifes_Vincent van Gogh_NEW/xogjdhbwcvk.png	/Users/bear/Documents/CoWork/bear-textbooks/books/art/extracted/Still lifes_Vincent van Gogh_NEW-20260801T011932Z-1-001/Still lifes_Vincent van Gogh_NEW/xogjdhbwcvk.png	extracted
/Users/bear/Documents/CoWork/bear-textbooks/books/art/Still lifes_Vincent van Gogh_NEW-20260801T011932Z-1-001.zip	Still lifes_Vincent van Gogh_NEW/vssvcvrjuna.png	/Users/bear/Documents/CoWork/bear-textbooks/books/art/extracted/Still lifes_Vincent van Gogh_NEW-20260801T011932Z-1-001/Still lifes_Vincent van Gogh_NEW/vssvcvrjuna.png	extracted
/Users/bear/Documents/CoWork/bear-textbooks/books/art/Still lifes_Vincent van Gogh_NEW-20260801T011932Z-1-001.zip	Still lifes_Vincent van Gogh_NEW/ntigzuoapkh.png	/Users/bear/Documents/CoWork/bear-textbooks/books/art/extracted/Still lifes_Vincent van Gogh_NEW-20260801T011932Z-1-001/Still lifes_Vincent van Gogh_NEW/ntigzuoapkh.png	extracted
/Users/bear/Documents/CoWork/bear-textbooks/books/art/Still lifes_Vincent van Gogh_NEW-20260801T011932Z-1-001.zip	Still lifes_Vincent van Gogh_NEW/irukcicudow.png	/Users/bear/Documents/CoWork/bear-textbooks/books/art/extracted/Still lifes_Vincent van Gogh_NEW-20260801T011932Z-1-001/Still lifes_Vincent van Gogh_NEW/irukcicudow.png	extracted
/Users/bear/Documents/CoWork/bear-textbooks/books/art/Still lifes_Vincent van Gogh_NEW-20260801T011932Z-1-001.zip	Still lifes_Vincent van Gogh_NEW/qcrdbdpawap.png	/Users/bear/Documents/CoWork/bear-textbooks/books/art/extracted/Still lifes_Vincent van Gogh_NEW-20260801T011932Z-1-001/Still lifes_Vincent van Gogh_NEW/qcrdbdpawap.png	extracted
/Users/bear/Documents/CoWork/bear-textbooks/books/art/Still lifes_Vincent van Gogh_NEW-20260801T011932Z-1-001.zip	Still lifes_Vincent van Gogh_NEW/ctvtlswljhe.png	/Users/bear/Documents/CoWork/bear-textbooks/books/art/extracted/Still lifes_Vincent van Gogh_NEW-20260801T011932Z-1-001/Still lifes_Vincent van Gogh_NEW/ctvtlswljhe.png	extracted
/Users/bear/Documents/CoWork/bear-textbooks/books/art/Still lifes_Vincent van Gogh_NEW-20260801T011932Z-1-001.zip	Still lifes_Vincent van Gogh_NEW/wzuhobgvkzx.png	/Users/bear/Documents/CoWork/bear-textbooks/books/art/extracted/Still lifes_Vincent van Gogh_NEW-20260801T011932Z-1-001/Still lifes_Vincent van Gogh_NEW/wzuhobgvkzx.png	extracted
/Users/bear/Documents/CoWork/bear-textbooks/books/art/Still lifes_Vincent van Gogh_NEW-20260801T011932Z-1-001.zip	Still lifes_Vincent van Gogh_NEW/jmeugohheyy.png	/Users/bear/Documents/CoWork/bear-textbooks/books/art/extracted/Still lifes_Vincent van Gogh_NEW-20260801T011932Z-1-001/Still lifes_Vincent van Gogh_NEW/jmeugohheyy.png	extracted
/Users/bear/Documents/CoWork/bear-textbooks/books/art/Still lifes_Vincent van Gogh_NEW-20260801T011932Z-1-001.zip	Still lifes_Vincent van Gogh_NEW/qqdyajrbihn.png	/Users/bear/Documents/CoWork/bear-textbooks/books/art/extracted/Still lifes_Vincent van Gogh_NEW-20260801T011932Z-1-001/Still lifes_Vincent van Gogh_NEW/qqdyajrbihn.png	extracted
/Users/bear/Documents/CoWork/bear-textbooks/books/art/Still lifes_Vincent van Gogh_NEW-20260801T011932Z-1-001.zip	Still lifes_Vincent van Gogh_NEW/hzwhkiwlfhi.png	/Users/bear/Documents/CoWork/bear-textbooks/books/art/extracted/Still lifes_Vincent van Gogh_NEW-20260801T011932Z-1-001/Still lifes_Vincent van Gogh_NEW/hzwhkiwlfhi.png	extracted
/Users/bear/Documents/CoWork/bear-textbooks/books/art/Still lifes_Vincent van Gogh_NEW-20260801T011932Z-1-001.zip	Still lifes_Vincent van Gogh_NEW/sbchhtqxyyv.png	/Users/bear/Documents/CoWork/bear-textbooks/books/art/extracted/Still lifes_Vincent van Gogh_NEW-20260801T011932Z-1-001/Still lifes_Vincent van Gogh_NEW/sbchhtqxyyv.png	extracted
/Users/bear/Documents/CoWork/bear-textbooks/books/art/Still lifes_Vincent van Gogh_NEW-20260801T011932Z-1-001.zip	Still lifes_Vincent van Gogh_NEW/uvielqyheve.png	/Users/bear/Documents/CoWork/bear-textbooks/books/art/extracted/Still lifes_Vincent van Gogh_NEW-20260801T011932Z-1-001/Still lifes_Vincent van Gogh_NEW/uvielqyheve.png	extracted
/Users/bear/Documents/CoWork/bear-textbooks/books/art/Still lifes_Vincent van Gogh_NEW-20260801T011932Z-1-001.zip	Still lifes_Vincent van Gogh_NEW/wzyzjciomml.png	/Users/bear/Documents/CoWork/bear-textbooks/books/art/extracted/Still lifes_Vincent van Gogh_NEW-20260801T011932Z-1-001/Still lifes_Vincent van Gogh_NEW/wzyzjciomml.png	extracted
/Users/bear/Documents/CoWork/bear-textbooks/books/art/Still lifes_Vincent van Gogh_NEW-20260801T011932Z-1-001.zip	Still lifes_Vincent van Gogh_NEW/ihhewskjcni.png	/Users/bear/Documents/CoWork/bear-textbooks/books/art/extracted/Still lifes_Vincent van Gogh_NEW-20260801T011932Z-1-001/Still lifes_Vincent van Gogh_NEW/ihhewskjcni.png	extracted
/Users/bear/Documents/CoWork/bear-textbooks/books/art/Still lifes_Vincent van Gogh_NEW-20260801T011932Z-1-001.zip	Still lifes_Vincent van Gogh_NEW/nmqtbrsmnxm.png	/Users/bear/Documents/CoWork/bear-textbooks/books/art/extracted/Still lifes_Vincent van Gogh_NEW-20260801T011932Z-1-001/Still lifes_Vincent van Gogh_NEW/nmqtbrsmnxm.png	extracted
/Users/bear/Documents/CoWork/bear-textbooks/books/art/Still lifes_Vincent van Gogh_NEW-20260801T011932Z-1-001.zip	Still lifes_Vincent van Gogh_NEW/ldqdqpzxnje.png	/Users/bear/Documents/CoWork/bear-textbooks/books/art/extracted/Still lifes_Vincent van Gogh_NEW-20260801T011932Z-1-001/Still lifes_Vincent van Gogh_NEW/ldqdqpzxnje.png	extracted
/Users/bear/Documents/CoWork/bear-textbooks/books/art/Still lifes_Vincent van Gogh_NEW-20260801T011932Z-1-001.zip	Still lifes_Vincent van Gogh_NEW/gbconhkqlrm.png	/Users/bear/Documents/CoWork/bear-textbooks/books/art/extracted/Still lifes_Vincent van Gogh_NEW-20260801T011932Z-1-001/Still lifes_Vincent van Gogh_NEW/gbconhkqlrm.png	extracted
/Users/bear/Documents/CoWork/bear-textbooks/books/art/Still lifes_Vincent van Gogh_NEW-20260801T011932Z-1-001.zip	Still lifes_Vincent van Gogh_NEW/tihrulnehfg.png	/Users/bear/Documents/CoWork/bear-textbooks/books/art/extracted/Still lifes_Vincent van Gogh_NEW-20260801T011932Z-1-001/Still lifes_Vincent van Gogh_NEW/tihrulnehfg.png	extracted
/Users/bear/Documents/CoWork/bear-textbooks/books/art/Still lifes_Vincent van Gogh_NEW-20260801T011932Z-1-001.zip	Still lifes_Vincent van Gogh_NEW/kilabumyqde.png	/Users/bear/Documents/CoWork/bear-textbooks/books/art/extracted/Still lifes_Vincent van Gogh_NEW-20260801T011932Z-1-001/Still lifes_Vincent van Gogh_NEW/kilabumyqde.png	extracted
/Users/bear/Documents/CoWork/bear-textbooks/books/art/Still lifes_Vincent van Gogh_NEW-20260801T011932Z-1-001.zip	Still lifes_Vincent van Gogh_NEW/oayuhjndxvt.png	/Users/bear/Documents/CoWork/bear-textbooks/books/art/extracted/Still lifes_Vincent van Gogh_NEW-20260801T011932Z-1-001/Still lifes_Vincent van Gogh_NEW/oayuhjndxvt.png	extracted
/Users/bear/Documents/CoWork/bear-textbooks/books/art/Still lifes_Vincent van Gogh_NEW-20260801T011932Z-1-001.zip	Still lifes_Vincent van Gogh_NEW/pujkmbjtkfa.png	/Users/bear/Documents/CoWork/bear-textbooks/books/art/extracted/Still lifes_Vincent van Gogh_NEW-20260801T011932Z-1-001/Still lifes_Vincent van Gogh_NEW/pujkmbjtkfa.png	extracted
/Users/bear/Documents/CoWork/bear-textbooks/books/art/Still lifes_Vincent van Gogh_NEW-20260801T011932Z-1-001.zip	Still lifes_Vincent van Gogh_NEW/zfebkhgawdg.png	/Users/bear/Documents/CoWork/bear-textbooks/books/art/extracted/Still lifes_Vincent van Gogh_NEW-20260801T011932Z-1-001/Still lifes_Vincent van Gogh_NEW/zfebkhgawdg.png	extracted
/Users/bear/Documents/CoWork/bear-textbooks/books/art/Still lifes_Vincent van Gogh_NEW-20260801T011932Z-1-001.zip	Still lifes_Vincent van Gogh_NEW/qgqnybyzscd.png	/Users/bear/Documents/CoWork/bear-textbooks/books/art/extracted/Still lifes_Vincent van Gogh_NEW-20260801T011932Z-1-001/Still lifes_Vincent van Gogh_NEW/qgqnybyzscd.png	extracted
/Users/bear/Documents/CoWork/bear-textbooks/books/art/Still lifes_Vincent van Gogh_NEW-20260801T011932Z-1-001.zip	Still lifes_Vincent van Gogh_NEW/fvworlmygbn.png	/Users/bear/Documents/CoWork/bear-textbooks/books/art/extracted/Still lifes_Vincent van Gogh_NEW-20260801T011932Z-1-001/Still lifes_Vincent van Gogh_NEW/fvworlmygbn.png	extracted
/Users/bear/Documents/CoWork/bear-textbooks/books/art/Still lifes_Vincent van Gogh_NEW-20260801T011932Z-1-001.zip	Still lifes_Vincent van Gogh_NEW/dpjcitqtlbn.png	/Users/bear/Documents/CoWork/bear-textbooks/books/art/extracted/Still lifes_Vincent van Gogh_NEW-20260801T011932Z-1-001/Still lifes_Vincent van Gogh_NEW/dpjcitqtlbn.png	extracted
/Users/bear/Documents/CoWork/bear-textbooks/books/art/Still lifes_Vincent van Gogh_NEW-20260801T011932Z-1-001.zip	Still lifes_Vincent van Gogh_NEW/gwhsjmcbdex.png	/Users/bear/Documents/CoWork/bear-textbooks/books/art/extracted/Still lifes_Vincent van Gogh_NEW-20260801T011932Z-1-001/Still lifes_Vincent van Gogh_NEW/gwhsjmcbdex.png	extracted
/Users/bear/Documents/CoWork/bear-textbooks/books/art/Still lifes_Vincent van Gogh_NEW-20260801T011932Z-1-001.zip	Still lifes_Vincent van Gogh_NEW/qleklxstlso.png	/Users/bear/Documents/CoWork/bear-textbooks/books/art/extracted/Still lifes_Vincent van Gogh_NEW-20260801T011932Z-1-001/Still lifes_Vincent van Gogh_NEW/qleklxstlso.png	extracted
/Users/bear/Documents/CoWork/bear-textbooks/books/art/Still lifes_Vincent van Gogh_NEW-20260801T011932Z-1-001.zip	Still lifes_Vincent van Gogh_NEW/fykgiqylskv.png	/Users/bear/Documents/CoWork/bear-textbooks/books/art/extracted/Still lifes_Vincent van Gogh_NEW-20260801T011932Z-1-001/Still lifes_Vincent van Gogh_NEW/fykgiqylskv.png	extracted
/Users/bear/Documents/CoWork/bear-textbooks/books/art/Still lifes_Vincent van Gogh_NEW-20260801T011932Z-1-001.zip	Still lifes_Vincent van Gogh_NEW/qqatltmeppz.png	/Users/bear/Documents/CoWork/bear-textbooks/books/art/extracted/Still lifes_Vincent van Gogh_NEW-20260801T011932Z-1-001/Still lifes_Vincent van Gogh_NEW/qqatltmeppz.png	extracted
/Users/bear/Documents/CoWork/bear-textbooks/books/art/Still lifes_Vincent van Gogh_NEW-20260801T011932Z-1-001.zip	Still lifes_Vincent van Gogh_NEW/zmfdsmuqkaf.png	/Users/bear/Documents/CoWork/bear-textbooks/books/art/extracted/Still lifes_Vincent van Gogh_NEW-20260801T011932Z-1-001/Still lifes_Vincent van Gogh_NEW/zmfdsmuqkaf.png	extracted
/Users/bear/Documents/CoWork/bear-textbooks/books/art/Still lifes_Vincent van Gogh_NEW-20260801T011932Z-1-001.zip	Still lifes_Vincent van Gogh_NEW/fxplimkplam.png	/Users/bear/Documents/CoWork/bear-textbooks/books/art/extracted/Still lifes_Vincent van Gogh_NEW-20260801T011932Z-1-001/Still lifes_Vincent van Gogh_NEW/fxplimkplam.png	extracted
/Users/bear/Documents/CoWork/bear-textbooks/books/art/Still lifes_Vincent van Gogh_NEW-20260801T011932Z-1-001.zip	Still lifes_Vincent van Gogh_NEW/ockvsqxwpol.png	/Users/bear/Documents/CoWork/bear-textbooks/books/art/extracted/Still lifes_Vincent van Gogh_NEW-20260801T011932Z-1-001/Still lifes_Vincent van Gogh_NEW/ockvsqxwpol.png	extracted
/Users/bear/Documents/CoWork/bear-textbooks/books/art/Still lifes_Vincent van Gogh_NEW-20260801T011932Z-1-001.zip	Still lifes_Vincent van Gogh_NEW/agrcatglhpi.png	/Users/bear/Documents/CoWork/bear-textbooks/books/art/extracted/Still lifes_Vincent van Gogh_NEW-20260801T011932Z-1-001/Still lifes_Vincent van Gogh_NEW/agrcatglhpi.png	extracted
/Users/bear/Documents/CoWork/bear-textbooks/books/art/Still lifes_Vincent van Gogh_NEW-20260801T011932Z-1-001.zip	Still lifes_Vincent van Gogh_NEW/dnzdnpsrgyc.png	/Users/bear/Documents/CoWork/bear-textbooks/books/art/extracted/Still lifes_Vincent van Gogh_NEW-20260801T011932Z-1-001/Still lifes_Vincent van Gogh_NEW/dnzdnpsrgyc.png	extracted
/Users/bear/Documents/CoWork/bear-textbooks/books/art/Still lifes_Vincent van Gogh_NEW-20260801T011932Z-1-001.zip	Still lifes_Vincent van Gogh_NEW/vjxmyejeakd.png	/Users/bear/Documents/CoWork/bear-textbooks/books/art/extracted/Still lifes_Vincent van Gogh_NEW-20260801T011932Z-1-001/Still lifes_Vincent van Gogh_NEW/vjxmyejeakd.png	extracted
/Users/bear/Documents/CoWork/bear-textbooks/books/art/Still lifes_Vincent van Gogh_NEW-20260801T011932Z-1-001.zip	Still lifes_Vincent van Gogh_NEW/agwenjutgqb.png	/Users/bear/Documents/CoWork/bear-textbooks/books/art/extracted/Still lifes_Vincent van Gogh_NEW-20260801T011932Z-1-001/Still lifes_Vincent van Gogh_NEW/agwenjutgqb.png	extracted
/Users/bear/Documents/CoWork/bear-textbooks/books/art/Still lifes_Vincent van Gogh_NEW-20260801T011932Z-1-001.zip	Still lifes_Vincent van Gogh_NEW/iwcaqdojlae.png	/Users/bear/Documents/CoWork/bear-textbooks/books/art/extracted/Still lifes_Vincent van Gogh_NEW-20260801T011932Z-1-001/Still lifes_Vincent van Gogh_NEW/iwcaqdojlae.png	extracted
/Users/bear/Documents/CoWork/bear-textbooks/books/art/Still lifes_Vincent van Gogh_NEW-20260801T011932Z-1-001.zip	Still lifes_Vincent van Gogh_NEW/cezxcsvcznf.png	/Users/bear/Documents/CoWork/bear-textbooks/books/art/extracted/Still lifes_Vincent van Gogh_NEW-20260801T011932Z-1-001/Still lifes_Vincent van Gogh_NEW/cezxcsvcznf.png	extracted
/Users/bear/Documents/CoWork/bear-textbooks/books/art/Still lifes_Vincent van Gogh_NEW-20260801T011932Z-1-001.zip	Still lifes_Vincent van Gogh_NEW/mpegjhahthu.png	/Users/bear/Documents/CoWork/bear-textbooks/books/art/extracted/Still lifes_Vincent van Gogh_NEW-20260801T011932Z-1-001/Still lifes_Vincent van Gogh_NEW/mpegjhahthu.png	extracted
/Users/bear/Documents/CoWork/bear-textbooks/books/art/Still lifes_Vincent van Gogh_NEW-20260801T011932Z-1-001.zip	Still lifes_Vincent van Gogh_NEW/uvovelxfdjy.png	/Users/bear/Documents/CoWork/bear-textbooks/books/art/extracted/Still lifes_Vincent van Gogh_NEW-20260801T011932Z-1-001/Still lifes_Vincent van Gogh_NEW/uvovelxfdjy.png	extracted
/Users/bear/Documents/CoWork/bear-textbooks/books/art/Still lifes_Vincent van Gogh_NEW-20260801T011932Z-1-001.zip	Still lifes_Vincent van Gogh_NEW/thaiaboegol.png	/Users/bear/Documents/CoWork/bear-textbooks/books/art/extracted/Still lifes_Vincent van Gogh_NEW-20260801T011932Z-1-001/Still lifes_Vincent van Gogh_NEW/thaiaboegol.png	extracted
/Users/bear/Documents/CoWork/bear-textbooks/books/art/Still lifes_Vincent van Gogh_NEW-20260801T011932Z-1-001.zip	Still lifes_Vincent van Gogh_NEW/ybeghsiajdf.png	/Users/bear/Documents/CoWork/bear-textbooks/books/art/extracted/Still lifes_Vincent van Gogh_NEW-20260801T011932Z-1-001/Still lifes_Vincent van Gogh_NEW/ybeghsiajdf.png	extracted
/Users/bear/Documents/CoWork/bear-textbooks/books/art/Still lifes_Vincent van Gogh_NEW-20260801T011932Z-1-001.zip	Still lifes_Vincent van Gogh_NEW/hvfqspohkbr.png	/Users/bear/Documents/CoWork/bear-textbooks/books/art/extracted/Still lifes_Vincent van Gogh_NEW-20260801T011932Z-1-001/Still lifes_Vincent van Gogh_NEW/hvfqspohkbr.png	extracted
/Users/bear/Documents/CoWork/bear-textbooks/books/art/Still lifes_Vincent van Gogh_NEW-20260801T011932Z-1-001.zip	Still lifes_Vincent van Gogh_NEW/nbeaptvjhra.png	/Users/bear/Documents/CoWork/bear-textbooks/books/art/extracted/Still lifes_Vincent van Gogh_NEW-20260801T011932Z-1-001/Still lifes_Vincent van Gogh_NEW/nbeaptvjhra.png	extracted
/Users/bear/Documents/CoWork/bear-textbooks/books/art/Still lifes_Vincent van Gogh_NEW-20260801T011932Z-1-001.zip	Still lifes_Vincent van Gogh_NEW/affuzapnlwz.png	/Users/bear/Documents/CoWork/bear-textbooks/books/art/extracted/Still lifes_Vincent van Gogh_NEW-20260801T011932Z-1-001/Still lifes_Vincent van Gogh_NEW/affuzapnlwz.png	extracted
/Users/bear/Documents/CoWork/bear-textbooks/books/art/Still lifes_Vincent van Gogh_NEW-20260801T011932Z-1-001.zip	Still lifes_Vincent van Gogh_NEW/frjfwjrkggd.png	/Users/bear/Documents/CoWork/bear-textbooks/books/art/extracted/Still lifes_Vincent van Gogh_NEW-20260801T011932Z-1-001/Still lifes_Vincent van Gogh_NEW/frjfwjrkggd.png	extracted
/Users/bear/Documents/CoWork/bear-textbooks/books/art/Still lifes_Vincent van Gogh_NEW-20260801T011932Z-1-001.zip	Still lifes_Vincent van Gogh_NEW/nuhfuxmmbby.png	/Users/bear/Documents/CoWork/bear-textbooks/books/art/extracted/Still lifes_Vincent van Gogh_NEW-20260801T011932Z-1-001/Still lifes_Vincent van Gogh_NEW/nuhfuxmmbby.png	extracted
/Users/bear/Documents/CoWork/bear-textbooks/books/art/Still lifes_Vincent van Gogh_NEW-20260801T011932Z-1-001.zip	Still lifes_Vincent van Gogh_NEW/mcmbamlxyeu.png	/Users/bear/Documents/CoWork/bear-textbooks/books/art/extracted/Still lifes_Vincent van Gogh_NEW-20260801T011932Z-1-001/Still lifes_Vincent van Gogh_NEW/mcmbamlxyeu.png	extracted
/Users/bear/Documents/CoWork/bear-textbooks/books/art/Still lifes_Vincent van Gogh_NEW-20260801T011932Z-1-001.zip	Still lifes_Vincent van Gogh_NEW/ydktfpfqcrr.png	/Users/bear/Documents/CoWork/bear-textbooks/books/art/extracted/Still lifes_Vincent van Gogh_NEW-20260801T011932Z-1-001/Still lifes_Vincent van Gogh_NEW/ydktfpfqcrr.png	extracted
/Users/bear/Documents/CoWork/bear-textbooks/books/art/Still lifes_Vincent van Gogh_NEW-20260801T011932Z-1-001.zip	Still lifes_Vincent van Gogh_NEW/gxrhraynffu.png	/Users/bear/Documents/CoWork/bear-textbooks/books/art/extracted/Still lifes_Vincent van Gogh_NEW-20260801T011932Z-1-001/Still lifes_Vincent van Gogh_NEW/gxrhraynffu.png	extracted
/Users/bear/Documents/CoWork/bear-textbooks/books/art/Still lifes_Vincent van Gogh_NEW-20260801T011932Z-1-002.zip	Still lifes_Vincent van Gogh_NEW/dfjwtmslrvt.png	/Users/bear/Documents/CoWork/bear-textbooks/books/art/extracted/Still lifes_Vincent van Gogh_NEW-20260801T011932Z-1-002/Still lifes_Vincent van Gogh_NEW/dfjwtmslrvt.png	extracted
/Users/bear/Documents/CoWork/bear-textbooks/books/art/Still lifes_Vincent van Gogh_NEW-20260801T011932Z-1-002.zip	Still lifes_Vincent van Gogh_NEW/dpzdvbjvmzu.png	/Users/bear/Documents/CoWork/bear-textbooks/books/art/extracted/Still lifes_Vincent van Gogh_NEW-20260801T011932Z-1-002/Still lifes_Vincent van Gogh_NEW/dpzdvbjvmzu.png	extracted
/Users/bear/Documents/CoWork/bear-textbooks/books/art/Still lifes_Vincent van Gogh_NEW-20260801T011932Z-1-002.zip	Still lifes_Vincent van Gogh_NEW/xnozdgcqqzx.png	/Users/bear/Documents/CoWork/bear-textbooks/books/art/extracted/Still lifes_Vincent van Gogh_NEW-20260801T011932Z-1-002/Still lifes_Vincent van Gogh_NEW/xnozdgcqqzx.png	extracted
/Users/bear/Documents/CoWork/bear-textbooks/books/art/Still lifes_Vincent van Gogh_NEW-20260801T011932Z-1-002.zip	Still lifes_Vincent van Gogh_NEW/crdsrxfbwqy.png	/Users/bear/Documents/CoWork/bear-textbooks/books/art/extracted/Still lifes_Vincent van Gogh_NEW-20260801T011932Z-1-002/Still lifes_Vincent van Gogh_NEW/crdsrxfbwqy.png	extracted
/Users/bear/Documents/CoWork/bear-textbooks/books/art/Still lifes_Vincent van Gogh_NEW-20260801T011932Z-1-002.zip	Still lifes_Vincent van Gogh_NEW/lucyqzsetjf.png	/Users/bear/Documents/CoWork/bear-textbooks/books/art/extracted/Still lifes_Vincent van Gogh_NEW-20260801T011932Z-1-002/Still lifes_Vincent van Gogh_NEW/lucyqzsetjf.png	extracted
/Users/bear/Documents/CoWork/bear-textbooks/books/art/Still lifes_Vincent van Gogh_NEW-20260801T011932Z-1-002.zip	Still lifes_Vincent van Gogh_NEW/tonnvtvncja.png	/Users/bear/Documents/CoWork/bear-textbooks/books/art/extracted/Still lifes_Vincent van Gogh_NEW-20260801T011932Z-1-002/Still lifes_Vincent van Gogh_NEW/tonnvtvncja.png	extracted
/Users/bear/Documents/CoWork/bear-textbooks/books/art/Still lifes_Vincent van Gogh_NEW-20260801T011932Z-1-002.zip	Still lifes_Vincent van Gogh_NEW/vjfbskauhpy.png	/Users/bear/Documents/CoWork/bear-textbooks/books/art/extracted/Still lifes_Vincent van Gogh_NEW-20260801T011932Z-1-002/Still lifes_Vincent van Gogh_NEW/vjfbskauhpy.png	extracted
/Users/bear/Documents/CoWork/bear-textbooks/books/art/Still lifes_Vincent van Gogh_NEW-20260801T011932Z-1-002.zip	Still lifes_Vincent van Gogh_NEW/odsfxmjfldt.png	/Users/bear/Documents/CoWork/bear-textbooks/books/art/extracted/Still lifes_Vincent van Gogh_NEW-20260801T011932Z-1-002/Still lifes_Vincent van Gogh_NEW/odsfxmjfldt.png	extracted
/Users/bear/Documents/CoWork/bear-textbooks/books/art/Still lifes_Vincent van Gogh_NEW-20260801T011932Z-1-002.zip	Still lifes_Vincent van Gogh_NEW/fxtezjgjsed.png	/Users/bear/Documents/CoWork/bear-textbooks/books/art/extracted/Still lifes_Vincent van Gogh_NEW-20260801T011932Z-1-002/Still lifes_Vincent van Gogh_NEW/fxtezjgjsed.png	extracted
/Users/bear/Documents/CoWork/bear-textbooks/books/art/Still lifes_Vincent van Gogh_NEW-20260801T011932Z-1-002.zip	Still lifes_Vincent van Gogh_NEW/cuyknmjdmsi.png	/Users/bear/Documents/CoWork/bear-textbooks/books/art/extracted/Still lifes_Vincent van Gogh_NEW-20260801T011932Z-1-002/Still lifes_Vincent van Gogh_NEW/cuyknmjdmsi.png	extracted
/Users/bear/Documents/CoWork/bear-textbooks/books/art/Still lifes_Vincent van Gogh_NEW-20260801T011932Z-1-002.zip	Still lifes_Vincent van Gogh_NEW/fzgcrmmxbsw.png	/Users/bear/Documents/CoWork/bear-textbooks/books/art/extracted/Still lifes_Vincent van Gogh_NEW-20260801T011932Z-1-002/Still lifes_Vincent van Gogh_NEW/fzgcrmmxbsw.png	extracted
/Users/bear/Documents/CoWork/bear-textbooks/books/art/Still lifes_Vincent van Gogh_NEW-20260801T011932Z-1-002.zip	Still lifes_Vincent van Gogh_NEW/rhozervzvca.png	/Users/bear/Documents/CoWork/bear-textbooks/books/art/extracted/Still lifes_Vincent van Gogh_NEW-20260801T011932Z-1-002/Still lifes_Vincent van Gogh_NEW/rhozervzvca.png	extracted
/Users/bear/Documents/CoWork/bear-textbooks/books/art/Still lifes_Vincent van Gogh_NEW-20260801T011932Z-1-002.zip	Still lifes_Vincent van Gogh_NEW/mwthznxmleo.png	/Users/bear/Documents/CoWork/bear-textbooks/books/art/extracted/Still lifes_Vincent van Gogh_NEW-20260801T011932Z-1-002/Still lifes_Vincent van Gogh_NEW/mwthznxmleo.png	extracted
/Users/bear/Documents/CoWork/bear-textbooks/books/art/Still lifes_Vincent van Gogh_NEW-20260801T011932Z-1-002.zip	Still lifes_Vincent van Gogh_NEW/zzkswrfktmd.png	/Users/bear/Documents/CoWork/bear-textbooks/books/art/extracted/Still lifes_Vincent van Gogh_NEW-20260801T011932Z-1-002/Still lifes_Vincent van Gogh_NEW/zzkswrfktmd.png	extracted
/Users/bear/Documents/CoWork/bear-textbooks/books/art/Still lifes_Vincent van Gogh_NEW-20260801T011932Z-1-002.zip	Still lifes_Vincent van Gogh_NEW/fujwrzbrtdb.png	/Users/bear/Documents/CoWork/bear-textbooks/books/art/extracted/Still lifes_Vincent van Gogh_NEW-20260801T011932Z-1-002/Still lifes_Vincent van Gogh_NEW/fujwrzbrtdb.png	extracted
/Users/bear/Documents/CoWork/bear-textbooks/books/art/Still lifes_Vincent van Gogh_NEW-20260801T011932Z-1-002.zip	Still lifes_Vincent van Gogh_NEW/ujoplgtixqk.png	/Users/bear/Documents/CoWork/bear-textbooks/books/art/extracted/Still lifes_Vincent van Gogh_NEW-20260801T011932Z-1-002/Still lifes_Vincent van Gogh_NEW/ujoplgtixqk.png	extracted
/Users/bear/Documents/CoWork/bear-textbooks/books/art/Still lifes_Vincent van Gogh_NEW-20260801T011932Z-1-002.zip	Still lifes_Vincent van Gogh_NEW/okmobqznaqb.png	/Users/bear/Documents/CoWork/bear-textbooks/books/art/extracted/Still lifes_Vincent van Gogh_NEW-20260801T011932Z-1-002/Still lifes_Vincent van Gogh_NEW/okmobqznaqb.png	extracted
/Users/bear/Documents/CoWork/bear-textbooks/books/art/Still lifes_Vincent van Gogh_NEW-20260801T011932Z-1-002.zip	Still lifes_Vincent van Gogh_NEW/kmamwxyhnlk.png	/Users/bear/Documents/CoWork/bear-textbooks/books/art/extracted/Still lifes_Vincent van Gogh_NEW-20260801T011932Z-1-002/Still lifes_Vincent van Gogh_NEW/kmamwxyhnlk.png	extracted
/Users/bear/Documents/CoWork/bear-textbooks/books/art/Still lifes_Vincent van Gogh_NEW-20260801T011932Z-1-002.zip	Still lifes_Vincent van Gogh_NEW/ngulkkpudhd.png	/Users/bear/Documents/CoWork/bear-textbooks/books/art/extracted/Still lifes_Vincent van Gogh_NEW-20260801T011932Z-1-002/Still lifes_Vincent van Gogh_NEW/ngulkkpudhd.png	extracted
/Users/bear/Documents/CoWork/bear-textbooks/books/art/Still lifes_Vincent van Gogh_NEW-20260801T011932Z-1-002.zip	Still lifes_Vincent van Gogh_NEW/udijnetoeat.png	/Users/bear/Documents/CoWork/bear-textbooks/books/art/extracted/Still lifes_Vincent van Gogh_NEW-20260801T011932Z-1-002/Still lifes_Vincent van Gogh_NEW/udijnetoeat.png	extracted
/Users/bear/Documents/CoWork/bear-textbooks/books/art/Still lifes_Vincent van Gogh_NEW-20260801T011932Z-1-002.zip	Still lifes_Vincent van Gogh_NEW/rxhhuzwoyid.png	/Users/bear/Documents/CoWork/bear-textbooks/books/art/extracted/Still lifes_Vincent van Gogh_NEW-20260801T011932Z-1-002/Still lifes_Vincent van Gogh_NEW/rxhhuzwoyid.png	extracted
/Users/bear/Documents/CoWork/bear-textbooks/books/art/Still lifes_Vincent van Gogh_NEW-20260801T011932Z-1-002.zip	Still lifes_Vincent van Gogh_NEW/vlbcovgeovu.png	/Users/bear/Documents/CoWork/bear-textbooks/books/art/extracted/Still lifes_Vincent van Gogh_NEW-20260801T011932Z-1-002/Still lifes_Vincent van Gogh_NEW/vlbcovgeovu.png	extracted
/Users/bear/Documents/CoWork/bear-textbooks/books/art/Still lifes_Vincent van Gogh_NEW-20260801T011932Z-1-002.zip	Still lifes_Vincent van Gogh_NEW/vdilanerkyv.png	/Users/bear/Documents/CoWork/bear-textbooks/books/art/extracted/Still lifes_Vincent van Gogh_NEW-20260801T011932Z-1-002/Still lifes_Vincent van Gogh_NEW/vdilanerkyv.png	extracted
/Users/bear/Documents/CoWork/bear-textbooks/books/art/Still lifes_Vincent van Gogh_NEW-20260801T011932Z-1-002.zip	Still lifes_Vincent van Gogh_NEW/rvwifgxtkvj.png	/Users/bear/Documents/CoWork/bear-textbooks/books/art/extracted/Still lifes_Vincent van Gogh_NEW-20260801T011932Z-1-002/Still lifes_Vincent van Gogh_NEW/rvwifgxtkvj.png	extracted
/Users/bear/Documents/CoWork/bear-textbooks/books/art/Still lifes_Vincent van Gogh_NEW-20260801T011932Z-1-002.zip	Still lifes_Vincent van Gogh_NEW/kyyetvtkvmn.png	/Users/bear/Documents/CoWork/bear-textbooks/books/art/extracted/Still lifes_Vincent van Gogh_NEW-20260801T011932Z-1-002/Still lifes_Vincent van Gogh_NEW/kyyetvtkvmn.png	extracted
/Users/bear/Documents/CoWork/bear-textbooks/books/art/Still lifes_Vincent van Gogh_NEW-20260801T011932Z-1-002.zip	Still lifes_Vincent van Gogh_NEW/iflkrknpebo.png	/Users/bear/Documents/CoWork/bear-textbooks/books/art/extracted/Still lifes_Vincent van Gogh_NEW-20260801T011932Z-1-002/Still lifes_Vincent van Gogh_NEW/iflkrknpebo.png	extracted
/Users/bear/Documents/CoWork/bear-textbooks/books/art/Still lifes_Vincent van Gogh_NEW-20260801T011932Z-1-002.zip	Still lifes_Vincent van Gogh_NEW/zexavamjdzr.png	/Users/bear/Documents/CoWork/bear-textbooks/books/art/extracted/Still lifes_Vincent van Gogh_NEW-20260801T011932Z-1-002/Still lifes_Vincent van Gogh_NEW/zexavamjdzr.png	extracted
/Users/bear/Documents/CoWork/bear-textbooks/books/art/Still lifes_Vincent van Gogh_NEW-20260801T011932Z-1-002.zip	Still lifes_Vincent van Gogh_NEW/lcnsrknjdal.png	/Users/bear/Documents/CoWork/bear-textbooks/books/art/extracted/Still lifes_Vincent van Gogh_NEW-20260801T011932Z-1-002/Still lifes_Vincent van Gogh_NEW/lcnsrknjdal.png	extracted
/Users/bear/Documents/CoWork/bear-textbooks/books/art/Still lifes_Vincent van Gogh_NEW-20260801T011932Z-1-002.zip	Still lifes_Vincent van Gogh_NEW/cllilukkgeq.png	/Users/bear/Documents/CoWork/bear-textbooks/books/art/extracted/Still lifes_Vincent van Gogh_NEW-20260801T011932Z-1-002/Still lifes_Vincent van Gogh_NEW/cllilukkgeq.png	extracted
/Users/bear/Documents/CoWork/bear-textbooks/books/art/Still lifes_Vincent van Gogh_NEW-20260801T011932Z-1-002.zip	Still lifes_Vincent van Gogh_NEW/yebqymilvyx.png	/Users/bear/Documents/CoWork/bear-textbooks/books/art/extracted/Still lifes_Vincent van Gogh_NEW-20260801T011932Z-1-002/Still lifes_Vincent van Gogh_NEW/yebqymilvyx.png	extracted
/Users/bear/Documents/CoWork/bear-textbooks/books/art/Still lifes_Vincent van Gogh_NEW-20260801T011932Z-1-002.zip	Still lifes_Vincent van Gogh_NEW/sslenqewbct.png	/Users/bear/Documents/CoWork/bear-textbooks/books/art/extracted/Still lifes_Vincent van Gogh_NEW-20260801T011932Z-1-002/Still lifes_Vincent van Gogh_NEW/sslenqewbct.png	extracted
/Users/bear/Documents/CoWork/bear-textbooks/books/art/Still lifes_Vincent van Gogh_NEW-20260801T011932Z-1-002.zip	Still lifes_Vincent van Gogh_NEW/icaofjeeeou.png	/Users/bear/Documents/CoWork/bear-textbooks/books/art/extracted/Still lifes_Vincent van Gogh_NEW-20260801T011932Z-1-002/Still lifes_Vincent van Gogh_NEW/icaofjeeeou.png	extracted
/Users/bear/Documents/CoWork/bear-textbooks/books/art/Still lifes_Vincent van Gogh_NEW-20260801T011932Z-1-002.zip	Still lifes_Vincent van Gogh_NEW/zmetsgehzhz.png	/Users/bear/Documents/CoWork/bear-textbooks/books/art/extracted/Still lifes_Vincent van Gogh_NEW-20260801T011932Z-1-002/Still lifes_Vincent van Gogh_NEW/zmetsgehzhz.png	extracted
/Users/bear/Documents/CoWork/bear-textbooks/books/art/Still lifes_Vincent van Gogh_NEW-20260801T011932Z-1-002.zip	Still lifes_Vincent van Gogh_NEW/rulldrvnfmz.png	/Users/bear/Documents/CoWork/bear-textbooks/books/art/extracted/Still lifes_Vincent van Gogh_NEW-20260801T011932Z-1-002/Still lifes_Vincent van Gogh_NEW/rulldrvnfmz.png	extracted
/Users/bear/Documents/CoWork/bear-textbooks/books/art/Still lifes_Vincent van Gogh_NEW-20260801T011932Z-1-002.zip	Still lifes_Vincent van Gogh_NEW/cgbgjtdulqn.png	/Users/bear/Documents/CoWork/bear-textbooks/books/art/extracted/Still lifes_Vincent van Gogh_NEW-20260801T011932Z-1-002/Still lifes_Vincent van Gogh_NEW/cgbgjtdulqn.png	extracted
/Users/bear/Documents/CoWork/bear-textbooks/books/art/Still lifes_Vincent van Gogh_NEW-20260801T011932Z-1-002.zip	Still lifes_Vincent van Gogh_NEW/jiioakeyqlm.png	/Users/bear/Documents/CoWork/bear-textbooks/books/art/extracted/Still lifes_Vincent van Gogh_NEW-20260801T011932Z-1-002/Still lifes_Vincent van Gogh_NEW/jiioakeyqlm.png	extracted
/Users/bear/Documents/CoWork/bear-textbooks/books/art/Still lifes_Vincent van Gogh_NEW-20260801T011932Z-1-002.zip	Still lifes_Vincent van Gogh_NEW/sopqagknixx.png	/Users/bear/Documents/CoWork/bear-textbooks/books/art/extracted/Still lifes_Vincent van Gogh_NEW-20260801T011932Z-1-002/Still lifes_Vincent van Gogh_NEW/sopqagknixx.png	extracted
/Users/bear/Documents/CoWork/bear-textbooks/books/art/Still lifes_Vincent van Gogh_NEW-20260801T011932Z-1-002.zip	Still lifes_Vincent van Gogh_NEW/hgaracgawoy.png	/Users/bear/Documents/CoWork/bear-textbooks/books/art/extracted/Still lifes_Vincent van Gogh_NEW-20260801T011932Z-1-002/Still lifes_Vincent van Gogh_NEW/hgaracgawoy.png	extracted
/Users/bear/Documents/CoWork/bear-textbooks/books/art/Still lifes_Vincent van Gogh_NEW-20260801T011932Z-1-003.zip	Still lifes_Vincent van Gogh_NEW/iyygsmlbnmg.png	/Users/bear/Documents/CoWork/bear-textbooks/books/art/extracted/Still lifes_Vincent van Gogh_NEW-20260801T011932Z-1-003/Still lifes_Vincent van Gogh_NEW/iyygsmlbnmg.png	extracted
/Users/bear/Documents/CoWork/bear-textbooks/books/art/Still lifes_Vincent van Gogh_NEW-20260801T011932Z-1-003.zip	Still lifes_Vincent van Gogh_NEW/vebylxqsmbe.png	/Users/bear/Documents/CoWork/bear-textbooks/books/art/extracted/Still lifes_Vincent van Gogh_NEW-20260801T011932Z-1-003/Still lifes_Vincent van Gogh_NEW/vebylxqsmbe.png	extracted
/Users/bear/Documents/CoWork/bear-textbooks/books/art/Still lifes_Vincent van Gogh_NEW-20260801T011932Z-1-003.zip	Still lifes_Vincent van Gogh_NEW/sggkiunbkum.png	/Users/bear/Documents/CoWork/bear-textbooks/books/art/extracted/Still lifes_Vincent van Gogh_NEW-20260801T011932Z-1-003/Still lifes_Vincent van Gogh_NEW/sggkiunbkum.png	extracted
/Users/bear/Documents/CoWork/bear-textbooks/books/art/Still lifes_Vincent van Gogh_NEW-20260801T011932Z-1-003.zip	Still lifes_Vincent van Gogh_NEW/tralpnzchkg.png	/Users/bear/Documents/CoWork/bear-textbooks/books/art/extracted/Still lifes_Vincent van Gogh_NEW-20260801T011932Z-1-003/Still lifes_Vincent van Gogh_NEW/tralpnzchkg.png	extracted
/Users/bear/Documents/CoWork/bear-textbooks/books/art/Still lifes_Vincent van Gogh_NEW-20260801T011932Z-1-003.zip	Still lifes_Vincent van Gogh_NEW/nkwdsabnkvi.png	/Users/bear/Documents/CoWork/bear-textbooks/books/art/extracted/Still lifes_Vincent van Gogh_NEW-20260801T011932Z-1-003/Still lifes_Vincent van Gogh_NEW/nkwdsabnkvi.png	extracted
/Users/bear/Documents/CoWork/bear-textbooks/books/art/Still lifes_Vincent van Gogh_NEW-20260801T011932Z-1-003.zip	Still lifes_Vincent van Gogh_NEW/qtpghaylvam.png	/Users/bear/Documents/CoWork/bear-textbooks/books/art/extracted/Still lifes_Vincent van Gogh_NEW-20260801T011932Z-1-003/Still lifes_Vincent van Gogh_NEW/qtpghaylvam.png	extracted
/Users/bear/Documents/CoWork/bear-textbooks/books/art/Visualization-20260801T011842Z-1-001.zip	Visualization/markchennls.txt	/Users/bear/Documents/CoWork/bear-textbooks/books/art/extracted/Visualization-20260801T011842Z-1-001/Visualization/markchennls.txt	extracted
/Users/bear/Documents/CoWork/bear-textbooks/books/art/Visualization-20260801T011842Z-1-001.zip	Visualization/EvergreenDataVizChecklist.docx	/Users/bear/Documents/CoWork/bear-textbooks/books/art/extracted/Visualization-20260801T011842Z-1-001/Visualization/EvergreenDataVizChecklist.docx	extracted
/Users/bear/Documents/CoWork/bear-textbooks/books/art/Visualization-20260801T011842Z-1-001.zip	Visualization/Tuftish_principles_NBB.docx	/Users/bear/Documents/CoWork/bear-textbooks/books/art/extracted/Visualization-20260801T011842Z-1-001/Visualization/Tuftish_principles_NBB.docx	extracted
/Users/bear/Documents/CoWork/bear-textbooks/books/art/Visualization-20260801T011842Z-1-001.zip	Visualization/Shneiderman 1996 the eyes have it.docx	/Users/bear/Documents/CoWork/bear-textbooks/books/art/extracted/Visualization-20260801T011842Z-1-001/Visualization/Shneiderman 1996 the eyes have it.docx	extracted
/Users/bear/Documents/CoWork/bear-textbooks/books/art/Visualization-20260801T011842Z-1-001.zip	Visualization/Cairo Ethical Infographics.docx	/Users/bear/Documents/CoWork/bear-textbooks/books/art/extracted/Visualization-20260801T011842Z-1-001/Visualization/Cairo Ethical Infographics.docx	extracted
/Users/bear/Documents/CoWork/bear-textbooks/books/art/Visualization-20260801T011842Z-1-001.zip	Visualization/choosing-a-good-chart-09.docx	/Users/bear/Documents/CoWork/bear-textbooks/books/art/extracted/Visualization-20260801T011842Z-1-001/Visualization/choosing-a-good-chart-09.docx	extracted
/Users/bear/Documents/CoWork/bear-textbooks/books/art/Visualization-20260801T011842Z-1-001.zip	Visualization/Franconeri_ExperCeptionDotNet_DataVisQuickRef.docx	/Users/bear/Documents/CoWork/bear-textbooks/books/art/extracted/Visualization-20260801T011842Z-1-001/Visualization/Franconeri_ExperCeptionDotNet_DataVisQuickRef.docx	extracted
/Users/bear/Documents/CoWork/bear-textbooks/books/art/Visualization-20260801T011842Z-1-001.zip	Visualization/Visualizing-Percentages-20-Ways-InfoNewt.docx	/Users/bear/Documents/CoWork/bear-textbooks/books/art/extracted/Visualization-20260801T011842Z-1-001/Visualization/Visualizing-Percentages-20-Ways-InfoNewt.docx	extracted
/Users/bear/Documents/CoWork/bear-textbooks/books/art/Visualization-20260801T011842Z-1-001.zip	Visualization/Franconeri_ExperCeptionDotNet_ChartChooser.docx	/Users/bear/Documents/CoWork/bear-textbooks/books/art/extracted/Visualization-20260801T011842Z-1-001/Visualization/Franconeri_ExperCeptionDotNet_ChartChooser.docx	extracted
/Users/bear/Documents/CoWork/bear-textbooks/books/art/Visualization-20260801T011842Z-1-001.zip	Visualization/GCS.docx	/Users/bear/Documents/CoWork/bear-textbooks/books/art/extracted/Visualization-20260801T011842Z-1-001/Visualization/GCS.docx	extracted
/Users/bear/Documents/CoWork/bear-textbooks/books/art/Visualization-20260801T011842Z-1-001.zip	Visualization/Visual-vocabulary.docx	/Users/bear/Documents/CoWork/bear-textbooks/books/art/extracted/Visualization-20260801T011842Z-1-001/Visualization/Visual-vocabulary.docx	extracted
/Users/bear/Documents/CoWork/bear-textbooks/books/art/Visualization-20260801T011842Z-1-001.zip	Visualization/Qualitative-Chooser.docx	/Users/bear/Documents/CoWork/bear-textbooks/books/art/extracted/Visualization-20260801T011842Z-1-001/Visualization/Qualitative-Chooser.docx	extracted
/Users/bear/Documents/CoWork/bear-textbooks/books/art/Visualization-20260801T011842Z-1-001.zip	Visualization/Effective_Chart_Design.docx	/Users/bear/Documents/CoWork/bear-textbooks/books/art/extracted/Visualization-20260801T011842Z-1-001/Visualization/Effective_Chart_Design.docx	extracted
/Users/bear/Documents/CoWork/bear-textbooks/books/art/Visualization-20260801T011842Z-1-001.zip	Visualization/Semiology_of_Graphics_NBB.docx	/Users/bear/Documents/CoWork/bear-textbooks/books/art/extracted/Visualization-20260801T011842Z-1-001/Visualization/Semiology_of_Graphics_NBB.docx	extracted
/Users/bear/Documents/CoWork/bear-textbooks/books/art/Visualization-20260801T011842Z-1-001.zip	Visualization/the_chartjunk_debate.docx	/Users/bear/Documents/CoWork/bear-textbooks/books/art/extracted/Visualization-20260801T011842Z-1-001/Visualization/the_chartjunk_debate.docx	extracted
/Users/bear/Documents/CoWork/bear-textbooks/books/art/Visualization-20260801T011842Z-1-001.zip	Visualization/what-is-information-visualization copy.docx	/Users/bear/Documents/CoWork/bear-textbooks/books/art/extracted/Visualization-20260801T011842Z-1-001/Visualization/what-is-information-visualization copy.docx	extracted
/Users/bear/Documents/CoWork/bear-textbooks/books/art/Visualization-20260801T011842Z-1-001.zip	Visualization/Cairo Uncertainty and graphicacy.docx	/Users/bear/Documents/CoWork/bear-textbooks/books/art/extracted/Visualization-20260801T011842Z-1-001/Visualization/Cairo Uncertainty and graphicacy.docx	extracted
/Users/bear/Documents/CoWork/bear-textbooks/books/art/Visualization-20260801T011842Z-1-001.zip	Visualization/datacon-handout.docx	/Users/bear/Documents/CoWork/bear-textbooks/books/art/extracted/Visualization-20260801T011842Z-1-001/Visualization/datacon-handout.docx	extracted
/Users/bear/Documents/CoWork/bear-textbooks/books/art/Visualization-20260801T011842Z-1-001.zip	Visualization/play-your-charts-right.docx	/Users/bear/Documents/CoWork/bear-textbooks/books/art/extracted/Visualization-20260801T011842Z-1-001/Visualization/play-your-charts-right.docx	extracted
/Users/bear/Documents/CoWork/bear-textbooks/books/art/Visualization-20260801T011842Z-1-001.zip	Visualization/Visualizing Origin to Destination Flows.docx	/Users/bear/Documents/CoWork/bear-textbooks/books/art/extracted/Visualization-20260801T011842Z-1-001/Visualization/Visualizing Origin to Destination Flows.docx	extracted
/Users/bear/Documents/CoWork/bear-textbooks/books/art/Visualization-20260801T011842Z-1-001.zip	Visualization/Tufte Visual and Statistical Thinking.docx	/Users/bear/Documents/CoWork/bear-textbooks/books/art/extracted/Visualization-20260801T011842Z-1-001/Visualization/Tufte Visual and Statistical Thinking.docx	extracted
/Users/bear/Documents/CoWork/bear-textbooks/books/art/Visualization-20260801T011842Z-1-001.zip	Visualization/Handbook of Data Visualization 2008 Friendly.docx	/Users/bear/Documents/CoWork/bear-textbooks/books/art/extracted/Visualization-20260801T011842Z-1-001/Visualization/Handbook of Data Visualization 2008 Friendly.docx	extracted
/Users/bear/Documents/CoWork/bear-textbooks/books/art/Visualization-20260801T011842Z-1-001.zip	Visualization/Principles_of_visual_design.docx	/Users/bear/Documents/CoWork/bear-textbooks/books/art/extracted/Visualization-20260801T011842Z-1-001/Visualization/Principles_of_visual_design.docx	extracted
/Users/bear/Documents/CoWork/bear-textbooks/books/art/Visualization-20260801T011842Z-1-001.zip	Visualization/ML_Deep_Learning_Questions_2201.00650.docx	/Users/bear/Documents/CoWork/bear-textbooks/books/art/extracted/Visualization-20260801T011842Z-1-001/Visualization/ML_Deep_Learning_Questions_2201.00650.docx	extracted
/Users/bear/Documents/CoWork/bear-textbooks/books/art/actresses-1.zip	actresses-1/actress2.jpg	/Users/bear/Documents/CoWork/bear-textbooks/books/art/extracted/actresses-1/actresses-1/actress2.jpg	extracted
/Users/bear/Documents/CoWork/bear-textbooks/books/art/actresses-1.zip	actresses-1/actress3.jpg	/Users/bear/Documents/CoWork/bear-textbooks/books/art/extracted/actresses-1/actresses-1/actress3.jpg	extracted
/Users/bear/Documents/CoWork/bear-textbooks/books/art/actresses-1.zip	actresses-1/actress1.jpg	/Users/bear/Documents/CoWork/bear-textbooks/books/art/extracted/actresses-1/actresses-1/actress1.jpg	extracted
/Users/bear/Documents/CoWork/bear-textbooks/books/art/actresses-1.zip	actresses-1/actress4.jpg	/Users/bear/Documents/CoWork/bear-textbooks/books/art/extracted/actresses-1/actresses-1/actress4.jpg	extracted
/Users/bear/Documents/CoWork/bear-textbooks/books/art/actresses-2.zip	actresses-2/actress5.jpg	/Users/bear/Documents/CoWork/bear-textbooks/books/art/extracted/actresses-2/actresses-2/actress5.jpg	extracted
/Users/bear/Documents/CoWork/bear-textbooks/books/art/actresses-2.zip	actresses-2/actress7.jpg	/Users/bear/Documents/CoWork/bear-textbooks/books/art/extracted/actresses-2/actresses-2/actress7.jpg	extracted
/Users/bear/Documents/CoWork/bear-textbooks/books/art/actresses-2.zip	actresses-2/actress6.jpg	/Users/bear/Documents/CoWork/bear-textbooks/books/art/extracted/actresses-2/actresses-2/actress6.jpg	extracted
/Users/bear/Documents/CoWork/bear-textbooks/books/art/actresses-2.zip	actresses-2/actress8.jpg	/Users/bear/Documents/CoWork/bear-textbooks/books/art/extracted/actresses-2/actresses-2/actress8.jpg	extracted
/Users/bear/Documents/CoWork/bear-textbooks/books/art/actresses-3.zip	actresses-3/actress12.jpg	/Users/bear/Documents/CoWork/bear-textbooks/books/art/extracted/actresses-3/actresses-3/actress12.jpg	extracted
/Users/bear/Documents/CoWork/bear-textbooks/books/art/actresses-3.zip	actresses-3/actress10.jpg	/Users/bear/Documents/CoWork/bear-textbooks/books/art/extracted/actresses-3/actresses-3/actress10.jpg	extracted
/Users/bear/Documents/CoWork/bear-textbooks/books/art/actresses-3.zip	actresses-3/actress11.jpg	/Users/bear/Documents/CoWork/bear-textbooks/books/art/extracted/actresses-3/actresses-3/actress11.jpg	extracted
/Users/bear/Documents/CoWork/bear-textbooks/books/art/actresses-3.zip	actresses-3/actress9.jpg	/Users/bear/Documents/CoWork/bear-textbooks/books/art/extracted/actresses-3/actresses-3/actress9.jpg	extracted
/Users/bear/Documents/CoWork/bear-textbooks/books/art/actresses-4.zip	actresses-4/actress15.jpg	/Users/bear/Documents/CoWork/bear-textbooks/books/art/extracted/actresses-4/actresses-4/actress15.jpg	extracted
/Users/bear/Documents/CoWork/bear-textbooks/books/art/actresses-4.zip	actresses-4/actress14.jpg	/Users/bear/Documents/CoWork/bear-textbooks/books/art/extracted/actresses-4/actresses-4/actress14.jpg	extracted
/Users/bear/Documents/CoWork/bear-textbooks/books/art/actresses-4.zip	actresses-4/actress13.jpg	/Users/bear/Documents/CoWork/bear-textbooks/books/art/extracted/actresses-4/actresses-4/actress13.jpg	extracted
/Users/bear/Documents/CoWork/bear-textbooks/books/art/cowboyphotos-2-2.zip	cowboy photos-2-2/cowboy photos-2-028.jpg	/Users/bear/Documents/CoWork/bear-textbooks/books/art/extracted/cowboyphotos-2-2/cowboy photos-2-2/cowboy photos-2-028.jpg	extracted
/Users/bear/Documents/CoWork/bear-textbooks/books/art/cowboyphotos-2-2.zip	cowboy photos-2-2/cowboy photos-2-029.jpg	/Users/bear/Documents/CoWork/bear-textbooks/books/art/extracted/cowboyphotos-2-2/cowboy photos-2-2/cowboy photos-2-029.jpg	extracted
/Users/bear/Documents/CoWork/bear-textbooks/books/art/cowboyphotos-2-2.zip	cowboy photos-2-2/cowboy photos-2-017.jpg	/Users/bear/Documents/CoWork/bear-textbooks/books/art/extracted/cowboyphotos-2-2/cowboy photos-2-2/cowboy photos-2-017.jpg	extracted
/Users/bear/Documents/CoWork/bear-textbooks/books/art/cowboyphotos-2-2.zip	cowboy photos-2-2/cowboy photos-2-016.jpg	/Users/bear/Documents/CoWork/bear-textbooks/books/art/extracted/cowboyphotos-2-2/cowboy photos-2-2/cowboy photos-2-016.jpg	extracted
/Users/bear/Documents/CoWork/bear-textbooks/books/art/cowboyphotos-2-2.zip	cowboy photos-2-2/cowboy photos-2-021.jpg	/Users/bear/Documents/CoWork/bear-textbooks/books/art/extracted/cowboyphotos-2-2/cowboy photos-2-2/cowboy photos-2-021.jpg	extracted
/Users/bear/Documents/CoWork/bear-textbooks/books/art/cowboyphotos-2-2.zip	cowboy photos-2-2/cowboy photos-2-020.jpg	/Users/bear/Documents/CoWork/bear-textbooks/books/art/extracted/cowboyphotos-2-2/cowboy photos-2-2/cowboy photos-2-020.jpg	extracted
/Users/bear/Documents/CoWork/bear-textbooks/books/art/cowboyphotos-2-2.zip	cowboy photos-2-2/cowboy photos-2-022.jpg	/Users/bear/Documents/CoWork/bear-textbooks/books/art/extracted/cowboyphotos-2-2/cowboy photos-2-2/cowboy photos-2-022.jpg	extracted
/Users/bear/Documents/CoWork/bear-textbooks/books/art/cowboyphotos-2-2.zip	cowboy photos-2-2/cowboy photos-2-023.jpg	/Users/bear/Documents/CoWork/bear-textbooks/books/art/extracted/cowboyphotos-2-2/cowboy photos-2-2/cowboy photos-2-023.jpg	extracted
/Users/bear/Documents/CoWork/bear-textbooks/books/art/cowboyphotos-2-2.zip	cowboy photos-2-2/cowboy photos-2-027.jpg	/Users/bear/Documents/CoWork/bear-textbooks/books/art/extracted/cowboyphotos-2-2/cowboy photos-2-2/cowboy photos-2-027.jpg	extracted
/Users/bear/Documents/CoWork/bear-textbooks/books/art/cowboyphotos-2-2.zip	cowboy photos-2-2/cowboy photos-2-026.jpg	/Users/bear/Documents/CoWork/bear-textbooks/books/art/extracted/cowboyphotos-2-2/cowboy photos-2-2/cowboy photos-2-026.jpg	extracted
/Users/bear/Documents/CoWork/bear-textbooks/books/art/cowboyphotos-2-2.zip	cowboy photos-2-2/cowboy photos-2-024.jpg	/Users/bear/Documents/CoWork/bear-textbooks/books/art/extracted/cowboyphotos-2-2/cowboy photos-2-2/cowboy photos-2-024.jpg	extracted
/Users/bear/Documents/CoWork/bear-textbooks/books/art/cowboyphotos-2-2.zip	cowboy photos-2-2/cowboy photos-2-030.jpg	/Users/bear/Documents/CoWork/bear-textbooks/books/art/extracted/cowboyphotos-2-2/cowboy photos-2-2/cowboy photos-2-030.jpg	extracted
/Users/bear/Documents/CoWork/bear-textbooks/books/art/cowboyphotos-2-2.zip	cowboy photos-2-2/cowboy photos-2-018.jpg	/Users/bear/Documents/CoWork/bear-textbooks/books/art/extracted/cowboyphotos-2-2/cowboy photos-2-2/cowboy photos-2-018.jpg	extracted
/Users/bear/Documents/CoWork/bear-textbooks/books/art/cowboyphotos-2-2.zip	cowboy photos-2-2/cowboy photos-2-019.jpg	/Users/bear/Documents/CoWork/bear-textbooks/books/art/extracted/cowboyphotos-2-2/cowboy photos-2-2/cowboy photos-2-019.jpg	extracted
/Users/bear/Documents/CoWork/bear-textbooks/books/art/cowboyphotos-2-2.zip	cowboy photos-2-2/cowboy photos-2-025.jpg	/Users/bear/Documents/CoWork/bear-textbooks/books/art/extracted/cowboyphotos-2-2/cowboy photos-2-2/cowboy photos-2-025.jpg	extracted
/Users/bear/Documents/CoWork/bear-textbooks/books/art/cowboyphotos2-1.zip	cowboy photos 2-1/cowboy photos-2-014.jpg	/Users/bear/Documents/CoWork/bear-textbooks/books/art/extracted/cowboyphotos2-1/cowboy photos 2-1/cowboy photos-2-014.jpg	extracted
/Users/bear/Documents/CoWork/bear-textbooks/books/art/cowboyphotos2-1.zip	cowboy photos 2-1/cowboy photos-2-015.jpg	/Users/bear/Documents/CoWork/bear-textbooks/books/art/extracted/cowboyphotos2-1/cowboy photos 2-1/cowboy photos-2-015.jpg	extracted
/Users/bear/Documents/CoWork/bear-textbooks/books/art/cowboyphotos2-1.zip	cowboy photos 2-1/cowboy photos-2-001.jpg	/Users/bear/Documents/CoWork/bear-textbooks/books/art/extracted/cowboyphotos2-1/cowboy photos 2-1/cowboy photos-2-001.jpg	extracted
/Users/bear/Documents/CoWork/bear-textbooks/books/art/cowboyphotos2-1.zip	cowboy photos 2-1/cowboy photos-2-003.jpg	/Users/bear/Documents/CoWork/bear-textbooks/books/art/extracted/cowboyphotos2-1/cowboy photos 2-1/cowboy photos-2-003.jpg	extracted
/Users/bear/Documents/CoWork/bear-textbooks/books/art/cowboyphotos2-1.zip	cowboy photos 2-1/cowboy photos-2-002.jpg	/Users/bear/Documents/CoWork/bear-textbooks/books/art/extracted/cowboyphotos2-1/cowboy photos 2-1/cowboy photos-2-002.jpg	extracted
/Users/bear/Documents/CoWork/bear-textbooks/books/art/cowboyphotos2-1.zip	cowboy photos 2-1/cowboy photos-2-012.jpg	/Users/bear/Documents/CoWork/bear-textbooks/books/art/extracted/cowboyphotos2-1/cowboy photos 2-1/cowboy photos-2-012.jpg	extracted
/Users/bear/Documents/CoWork/bear-textbooks/books/art/cowboyphotos2-1.zip	cowboy photos 2-1/cowboy photos-2-006.jpg	/Users/bear/Documents/CoWork/bear-textbooks/books/art/extracted/cowboyphotos2-1/cowboy photos 2-1/cowboy photos-2-006.jpg	extracted
/Users/bear/Documents/CoWork/bear-textbooks/books/art/cowboyphotos2-1.zip	cowboy photos 2-1/cowboy photos-2-007.jpg	/Users/bear/Documents/CoWork/bear-textbooks/books/art/extracted/cowboyphotos2-1/cowboy photos 2-1/cowboy photos-2-007.jpg	extracted
/Users/bear/Documents/CoWork/bear-textbooks/books/art/cowboyphotos2-1.zip	cowboy photos 2-1/cowboy photos-2-013.jpg	/Users/bear/Documents/CoWork/bear-textbooks/books/art/extracted/cowboyphotos2-1/cowboy photos 2-1/cowboy photos-2-013.jpg	extracted
/Users/bear/Documents/CoWork/bear-textbooks/books/art/cowboyphotos2-1.zip	cowboy photos 2-1/cowboy photos-2-005.jpg	/Users/bear/Documents/CoWork/bear-textbooks/books/art/extracted/cowboyphotos2-1/cowboy photos 2-1/cowboy photos-2-005.jpg	extracted
/Users/bear/Documents/CoWork/bear-textbooks/books/art/cowboyphotos2-1.zip	cowboy photos 2-1/cowboy photos-2-011.jpg	/Users/bear/Documents/CoWork/bear-textbooks/books/art/extracted/cowboyphotos2-1/cowboy photos 2-1/cowboy photos-2-011.jpg	extracted
/Users/bear/Documents/CoWork/bear-textbooks/books/art/cowboyphotos2-1.zip	cowboy photos 2-1/cowboy photos-2-010.jpg	/Users/bear/Documents/CoWork/bear-textbooks/books/art/extracted/cowboyphotos2-1/cowboy photos 2-1/cowboy photos-2-010.jpg	extracted
/Users/bear/Documents/CoWork/bear-textbooks/books/art/cowboyphotos2-1.zip	cowboy photos 2-1/cowboy photos-2-004.jpg	/Users/bear/Documents/CoWork/bear-textbooks/books/art/extracted/cowboyphotos2-1/cowboy photos 2-1/cowboy photos-2-004.jpg	extracted
/Users/bear/Documents/CoWork/bear-textbooks/books/art/cowboyphotos2-1.zip	cowboy photos 2-1/cowboy photos-2-009.jpg	/Users/bear/Documents/CoWork/bear-textbooks/books/art/extracted/cowboyphotos2-1/cowboy photos 2-1/cowboy photos-2-009.jpg	extracted
/Users/bear/Documents/CoWork/bear-textbooks/books/art/cowboyphotos2-1.zip	cowboy photos 2-1/cowboy photos-2-008.jpg	/Users/bear/Documents/CoWork/bear-textbooks/books/art/extracted/cowboyphotos2-1/cowboy photos 2-1/cowboy photos-2-008.jpg	extracted
/Users/bear/Documents/CoWork/bear-textbooks/books/art/gentlemen-1.zip	gentlemen-1/gentleman-1.jpg	/Users/bear/Documents/CoWork/bear-textbooks/books/art/extracted/gentlemen-1/gentlemen-1/gentleman-1.jpg	extracted
/Users/bear/Documents/CoWork/bear-textbooks/books/art/gentlemen-1.zip	gentlemen-1/gentleman-2.jpg	/Users/bear/Documents/CoWork/bear-textbooks/books/art/extracted/gentlemen-1/gentlemen-1/gentleman-2.jpg	extracted
/Users/bear/Documents/CoWork/bear-textbooks/books/art/gentlemen-1.zip	gentlemen-1/gentleman-3.jpg	/Users/bear/Documents/CoWork/bear-textbooks/books/art/extracted/gentlemen-1/gentlemen-1/gentleman-3.jpg	extracted
/Users/bear/Documents/CoWork/bear-textbooks/books/art/gentlemen-1.zip	gentlemen-1/gentleman-4.jpg	/Users/bear/Documents/CoWork/bear-textbooks/books/art/extracted/gentlemen-1/gentlemen-1/gentleman-4.jpg	extracted
/Users/bear/Documents/CoWork/bear-textbooks/books/art/gentlemen-1.zip	gentlemen-1/gentleman-5.jpg	/Users/bear/Documents/CoWork/bear-textbooks/books/art/extracted/gentlemen-1/gentlemen-1/gentleman-5.jpg	extracted
/Users/bear/Documents/CoWork/bear-textbooks/books/art/gentlemen-2.zip	gentlemen-2/gentleman-10.jpg	/Users/bear/Documents/CoWork/bear-textbooks/books/art/extracted/gentlemen-2/gentlemen-2/gentleman-10.jpg	extracted
/Users/bear/Documents/CoWork/bear-textbooks/books/art/gentlemen-2.zip	gentlemen-2/gentleman-8.jpg	/Users/bear/Documents/CoWork/bear-textbooks/books/art/extracted/gentlemen-2/gentlemen-2/gentleman-8.jpg	extracted
/Users/bear/Documents/CoWork/bear-textbooks/books/art/gentlemen-2.zip	gentlemen-2/gentleman-9.jpg	/Users/bear/Documents/CoWork/bear-textbooks/books/art/extracted/gentlemen-2/gentlemen-2/gentleman-9.jpg	extracted
/Users/bear/Documents/CoWork/bear-textbooks/books/art/gentlemen-2.zip	gentlemen-2/gentleman-7.jpg	/Users/bear/Documents/CoWork/bear-textbooks/books/art/extracted/gentlemen-2/gentlemen-2/gentleman-7.jpg	extracted
/Users/bear/Documents/CoWork/bear-textbooks/books/art/gentlemen-2.zip	gentlemen-2/gentleman-6.jpg	/Users/bear/Documents/CoWork/bear-textbooks/books/art/extracted/gentlemen-2/gentlemen-2/gentleman-6.jpg	extracted
/Users/bear/Documents/CoWork/bear-textbooks/books/art/gentlemen-3.zip	gentlemen-3/gentleman-14.jpg	/Users/bear/Documents/CoWork/bear-textbooks/books/art/extracted/gentlemen-3/gentlemen-3/gentleman-14.jpg	extracted
/Users/bear/Documents/CoWork/bear-textbooks/books/art/gentlemen-3.zip	gentlemen-3/gentleman-15.jpg	/Users/bear/Documents/CoWork/bear-textbooks/books/art/extracted/gentlemen-3/gentlemen-3/gentleman-15.jpg	extracted
/Users/bear/Documents/CoWork/bear-textbooks/books/art/gentlemen-3.zip	gentlemen-3/gentleman-12.jpg	/Users/bear/Documents/CoWork/bear-textbooks/books/art/extracted/gentlemen-3/gentlemen-3/gentleman-12.jpg	extracted
/Users/bear/Documents/CoWork/bear-textbooks/books/art/gentlemen-3.zip	gentlemen-3/gentleman-13.jpg	/Users/bear/Documents/CoWork/bear-textbooks/books/art/extracted/gentlemen-3/gentlemen-3/gentleman-13.jpg	extracted
/Users/bear/Documents/CoWork/bear-textbooks/books/art/gentlemen-3.zip	gentlemen-3/gentleman-11.jpg	/Users/bear/Documents/CoWork/bear-textbooks/books/art/extracted/gentlemen-3/gentlemen-3/gentleman-11.jpg	extracted
/Users/bear/Documents/CoWork/bear-textbooks/books/art/gentlemen-4.zip	gentlemen-4/gentleman-17.jpg	/Users/bear/Documents/CoWork/bear-textbooks/books/art/extracted/gentlemen-4/gentlemen-4/gentleman-17.jpg	extracted
/Users/bear/Documents/CoWork/bear-textbooks/books/art/gentlemen-4.zip	gentlemen-4/gentleman-16.jpg	/Users/bear/Documents/CoWork/bear-textbooks/books/art/extracted/gentlemen-4/gentlemen-4/gentleman-16.jpg	extracted
/Users/bear/Documents/CoWork/bear-textbooks/books/art/gentlemen-4.zip	gentlemen-4/gentleman-20.jpg	/Users/bear/Documents/CoWork/bear-textbooks/books/art/extracted/gentlemen-4/gentlemen-4/gentleman-20.jpg	extracted
/Users/bear/Documents/CoWork/bear-textbooks/books/art/gentlemen-4.zip	gentlemen-4/gentleman-18.jpg	/Users/bear/Documents/CoWork/bear-textbooks/books/art/extracted/gentlemen-4/gentlemen-4/gentleman-18.jpg	extracted
/Users/bear/Documents/CoWork/bear-textbooks/books/art/gentlemen-4.zip	gentlemen-4/gentleman-19.jpg	/Users/bear/Documents/CoWork/bear-textbooks/books/art/extracted/gentlemen-4/gentlemen-4/gentleman-19.jpg	extracted
/Users/bear/Documents/CoWork/bear-textbooks/books/art/horrorcomics3-1.zip	horror comics 3-1/horror-3-003.jpg	/Users/bear/Documents/CoWork/bear-textbooks/books/art/extracted/horrorcomics3-1/horror comics 3-1/horror-3-003.jpg	extracted
/Users/bear/Documents/CoWork/bear-textbooks/books/art/horrorcomics3-1.zip	horror comics 3-1/horror-3-002.jpg	/Users/bear/Documents/CoWork/bear-textbooks/books/art/extracted/horrorcomics3-1/horror comics 3-1/horror-3-002.jpg	extracted
/Users/bear/Documents/CoWork/bear-textbooks/books/art/horrorcomics3-1.zip	horror comics 3-1/horror-3-001.jpg	/Users/bear/Documents/CoWork/bear-textbooks/books/art/extracted/horrorcomics3-1/horror comics 3-1/horror-3-001.jpg	extracted
/Users/bear/Documents/CoWork/bear-textbooks/books/art/horrorcomics3-1.zip	horror comics 3-1/horror-3-005.jpg	/Users/bear/Documents/CoWork/bear-textbooks/books/art/extracted/horrorcomics3-1/horror comics 3-1/horror-3-005.jpg	extracted
/Users/bear/Documents/CoWork/bear-textbooks/books/art/horrorcomics3-1.zip	horror comics 3-1/horror-3-010.jpg	/Users/bear/Documents/CoWork/bear-textbooks/books/art/extracted/horrorcomics3-1/horror comics 3-1/horror-3-010.jpg	extracted
/Users/bear/Documents/CoWork/bear-textbooks/books/art/horrorcomics3-1.zip	horror comics 3-1/horror-3-004.jpg	/Users/bear/Documents/CoWork/bear-textbooks/books/art/extracted/horrorcomics3-1/horror comics 3-1/horror-3-004.jpg	extracted
/Users/bear/Documents/CoWork/bear-textbooks/books/art/horrorcomics3-1.zip	horror comics 3-1/horror-3-006.jpg	/Users/bear/Documents/CoWork/bear-textbooks/books/art/extracted/horrorcomics3-1/horror comics 3-1/horror-3-006.jpg	extracted
/Users/bear/Documents/CoWork/bear-textbooks/books/art/horrorcomics3-1.zip	horror comics 3-1/horror-3-007.jpg	/Users/bear/Documents/CoWork/bear-textbooks/books/art/extracted/horrorcomics3-1/horror comics 3-1/horror-3-007.jpg	extracted
/Users/bear/Documents/CoWork/bear-textbooks/books/art/horrorcomics3-1.zip	horror comics 3-1/horror-3-009.jpg	/Users/bear/Documents/CoWork/bear-textbooks/books/art/extracted/horrorcomics3-1/horror comics 3-1/horror-3-009.jpg	extracted
/Users/bear/Documents/CoWork/bear-textbooks/books/art/horrorcomics3-1.zip	horror comics 3-1/horror-3-008.jpg	/Users/bear/Documents/CoWork/bear-textbooks/books/art/extracted/horrorcomics3-1/horror comics 3-1/horror-3-008.jpg	extracted
/Users/bear/Documents/CoWork/bear-textbooks/books/art/horrorcomics3-2.zip	horror comics 3-2/horror-3-017.jpg	/Users/bear/Documents/CoWork/bear-textbooks/books/art/extracted/horrorcomics3-2/horror comics 3-2/horror-3-017.jpg	extracted
/Users/bear/Documents/CoWork/bear-textbooks/books/art/horrorcomics3-2.zip	horror comics 3-2/horror-3-016.jpg	/Users/bear/Documents/CoWork/bear-textbooks/books/art/extracted/horrorcomics3-2/horror comics 3-2/horror-3-016.jpg	extracted
/Users/bear/Documents/CoWork/bear-textbooks/books/art/horrorcomics3-2.zip	horror comics 3-2/horror-3-014.jpg	/Users/bear/Documents/CoWork/bear-textbooks/books/art/extracted/horrorcomics3-2/horror comics 3-2/horror-3-014.jpg	extracted
/Users/bear/Documents/CoWork/bear-textbooks/books/art/horrorcomics3-2.zip	horror comics 3-2/horror-3-015.jpg	/Users/bear/Documents/CoWork/bear-textbooks/books/art/extracted/horrorcomics3-2/horror comics 3-2/horror-3-015.jpg	extracted
/Users/bear/Documents/CoWork/bear-textbooks/books/art/horrorcomics3-2.zip	horror comics 3-2/horror-3-011.jpg	/Users/bear/Documents/CoWork/bear-textbooks/books/art/extracted/horrorcomics3-2/horror comics 3-2/horror-3-011.jpg	extracted
/Users/bear/Documents/CoWork/bear-textbooks/books/art/horrorcomics3-2.zip	horror comics 3-2/horror-3-012.jpg	/Users/bear/Documents/CoWork/bear-textbooks/books/art/extracted/horrorcomics3-2/horror comics 3-2/horror-3-012.jpg	extracted
/Users/bear/Documents/CoWork/bear-textbooks/books/art/horrorcomics3-2.zip	horror comics 3-2/horror-3-013.jpg	/Users/bear/Documents/CoWork/bear-textbooks/books/art/extracted/horrorcomics3-2/horror comics 3-2/horror-3-013.jpg	extracted
/Users/bear/Documents/CoWork/bear-textbooks/books/art/horrorcomics3-2.zip	horror comics 3-2/horror-3-020.jpg	/Users/bear/Documents/CoWork/bear-textbooks/books/art/extracted/horrorcomics3-2/horror comics 3-2/horror-3-020.jpg	extracted
/Users/bear/Documents/CoWork/bear-textbooks/books/art/horrorcomics3-2.zip	horror comics 3-2/horror-3-018.jpg	/Users/bear/Documents/CoWork/bear-textbooks/books/art/extracted/horrorcomics3-2/horror comics 3-2/horror-3-018.jpg	extracted
/Users/bear/Documents/CoWork/bear-textbooks/books/art/horrorcomics3-2.zip	horror comics 3-2/horror-3-019.jpg	/Users/bear/Documents/CoWork/bear-textbooks/books/art/extracted/horrorcomics3-2/horror comics 3-2/horror-3-019.jpg	extracted
/Users/bear/Documents/CoWork/bear-textbooks/books/art/moulin-2-1.zip	moulin-2-1/moulin-2-2.jpg	/Users/bear/Documents/CoWork/bear-textbooks/books/art/extracted/moulin-2-1/moulin-2-1/moulin-2-2.jpg	extracted
/Users/bear/Documents/CoWork/bear-textbooks/books/art/moulin-2-1.zip	moulin-2-1/moulin-2-3.jpg	/Users/bear/Documents/CoWork/bear-textbooks/books/art/extracted/moulin-2-1/moulin-2-1/moulin-2-3.jpg	extracted
/Users/bear/Documents/CoWork/bear-textbooks/books/art/moulin-2-1.zip	moulin-2-1/moulin-2-1.jpg	/Users/bear/Documents/CoWork/bear-textbooks/books/art/extracted/moulin-2-1/moulin-2-1/moulin-2-1.jpg	extracted
/Users/bear/Documents/CoWork/bear-textbooks/books/art/moulin-2-1.zip	moulin-2-1/moulin-2-4.jpg	/Users/bear/Documents/CoWork/bear-textbooks/books/art/extracted/moulin-2-1/moulin-2-1/moulin-2-4.jpg	extracted
/Users/bear/Documents/CoWork/bear-textbooks/books/art/moulin-2-1.zip	moulin-2-1/moulin-2-5.jpg	/Users/bear/Documents/CoWork/bear-textbooks/books/art/extracted/moulin-2-1/moulin-2-1/moulin-2-5.jpg	extracted
/Users/bear/Documents/CoWork/bear-textbooks/books/art/moulin-2-2.zip	moulin-2-2/moulin-2-8.jpg	/Users/bear/Documents/CoWork/bear-textbooks/books/art/extracted/moulin-2-2/moulin-2-2/moulin-2-8.jpg	extracted
/Users/bear/Documents/CoWork/bear-textbooks/books/art/moulin-2-2.zip	moulin-2-2/moulin-2-9.jpg	/Users/bear/Documents/CoWork/bear-textbooks/books/art/extracted/moulin-2-2/moulin-2-2/moulin-2-9.jpg	extracted
/Users/bear/Documents/CoWork/bear-textbooks/books/art/moulin-2-2.zip	moulin-2-2/moulin-2-7.jpg	/Users/bear/Documents/CoWork/bear-textbooks/books/art/extracted/moulin-2-2/moulin-2-2/moulin-2-7.jpg	extracted
/Users/bear/Documents/CoWork/bear-textbooks/books/art/moulin-2-2.zip	moulin-2-2/moulin-2-6.jpg	/Users/bear/Documents/CoWork/bear-textbooks/books/art/extracted/moulin-2-2/moulin-2-2/moulin-2-6.jpg	extracted
/Users/bear/Documents/CoWork/bear-textbooks/books/art/moulin-2-3.zip	moulin-2-3/moulin-2-12.jpg	/Users/bear/Documents/CoWork/bear-textbooks/books/art/extracted/moulin-2-3/moulin-2-3/moulin-2-12.jpg	extracted
/Users/bear/Documents/CoWork/bear-textbooks/books/art/moulin-2-3.zip	moulin-2-3/moulin-2-10.jpg	/Users/bear/Documents/CoWork/bear-textbooks/books/art/extracted/moulin-2-3/moulin-2-3/moulin-2-10.jpg	extracted
/Users/bear/Documents/CoWork/bear-textbooks/books/art/moulin-2-3.zip	moulin-2-3/moulin-2-11.jpg	/Users/bear/Documents/CoWork/bear-textbooks/books/art/extracted/moulin-2-3/moulin-2-3/moulin-2-11.jpg	extracted
/Users/bear/Documents/CoWork/bear-textbooks/books/art/mugshots-2-1.zip	mugshots-2-1/mug-2-10.jpg	/Users/bear/Documents/CoWork/bear-textbooks/books/art/extracted/mugshots-2-1/mugshots-2-1/mug-2-10.jpg	extracted
/Users/bear/Documents/CoWork/bear-textbooks/books/art/mugshots-2-1.zip	mugshots-2-1/mug-2-1.jpg	/Users/bear/Documents/CoWork/bear-textbooks/books/art/extracted/mugshots-2-1/mugshots-2-1/mug-2-1.jpg	extracted
/Users/bear/Documents/CoWork/bear-textbooks/books/art/mugshots-2-1.zip	mugshots-2-1/mug-2-3.jpg	/Users/bear/Documents/CoWork/bear-textbooks/books/art/extracted/mugshots-2-1/mugshots-2-1/mug-2-3.jpg	extracted
/Users/bear/Documents/CoWork/bear-textbooks/books/art/mugshots-2-1.zip	mugshots-2-1/mug-2-2.jpg	/Users/bear/Documents/CoWork/bear-textbooks/books/art/extracted/mugshots-2-1/mugshots-2-1/mug-2-2.jpg	extracted
/Users/bear/Documents/CoWork/bear-textbooks/books/art/mugshots-2-1.zip	mugshots-2-1/mug-2-6.jpg	/Users/bear/Documents/CoWork/bear-textbooks/books/art/extracted/mugshots-2-1/mugshots-2-1/mug-2-6.jpg	extracted
/Users/bear/Documents/CoWork/bear-textbooks/books/art/mugshots-2-1.zip	mugshots-2-1/mug-2-7.jpg	/Users/bear/Documents/CoWork/bear-textbooks/books/art/extracted/mugshots-2-1/mugshots-2-1/mug-2-7.jpg	extracted
/Users/bear/Documents/CoWork/bear-textbooks/books/art/mugshots-2-1.zip	mugshots-2-1/mug-2-5.jpg	/Users/bear/Documents/CoWork/bear-textbooks/books/art/extracted/mugshots-2-1/mugshots-2-1/mug-2-5.jpg	extracted
/Users/bear/Documents/CoWork/bear-textbooks/books/art/mugshots-2-1.zip	mugshots-2-1/mug-2-4.jpg	/Users/bear/Documents/CoWork/bear-textbooks/books/art/extracted/mugshots-2-1/mugshots-2-1/mug-2-4.jpg	extracted
/Users/bear/Documents/CoWork/bear-textbooks/books/art/mugshots-2-1.zip	mugshots-2-1/mug-2-9.jpg	/Users/bear/Documents/CoWork/bear-textbooks/books/art/extracted/mugshots-2-1/mugshots-2-1/mug-2-9.jpg	extracted
/Users/bear/Documents/CoWork/bear-textbooks/books/art/mugshots-2-1.zip	mugshots-2-1/mug-2-8.jpg	/Users/bear/Documents/CoWork/bear-textbooks/books/art/extracted/mugshots-2-1/mugshots-2-1/mug-2-8.jpg	extracted
/Users/bear/Documents/CoWork/bear-textbooks/books/art/mugshots-2-2.zip	mugshots-2-2/mug-2-15.jpg	/Users/bear/Documents/CoWork/bear-textbooks/books/art/extracted/mugshots-2-2/mugshots-2-2/mug-2-15.jpg	extracted
/Users/bear/Documents/CoWork/bear-textbooks/books/art/mugshots-2-2.zip	mugshots-2-2/mug-2-14.jpg	/Users/bear/Documents/CoWork/bear-textbooks/books/art/extracted/mugshots-2-2/mugshots-2-2/mug-2-14.jpg	extracted
/Users/bear/Documents/CoWork/bear-textbooks/books/art/mugshots-2-2.zip	mugshots-2-2/mug-2-16.jpg	/Users/bear/Documents/CoWork/bear-textbooks/books/art/extracted/mugshots-2-2/mugshots-2-2/mug-2-16.jpg	extracted
/Users/bear/Documents/CoWork/bear-textbooks/books/art/mugshots-2-2.zip	mugshots-2-2/mug-2-17.jpg	/Users/bear/Documents/CoWork/bear-textbooks/books/art/extracted/mugshots-2-2/mugshots-2-2/mug-2-17.jpg	extracted
/Users/bear/Documents/CoWork/bear-textbooks/books/art/mugshots-2-2.zip	mugshots-2-2/mug-2-13.jpg	/Users/bear/Documents/CoWork/bear-textbooks/books/art/extracted/mugshots-2-2/mugshots-2-2/mug-2-13.jpg	extracted
/Users/bear/Documents/CoWork/bear-textbooks/books/art/mugshots-2-2.zip	mugshots-2-2/mug-2-12.jpg	/Users/bear/Documents/CoWork/bear-textbooks/books/art/extracted/mugshots-2-2/mugshots-2-2/mug-2-12.jpg	extracted
/Users/bear/Documents/CoWork/bear-textbooks/books/art/mugshots-2-2.zip	mugshots-2-2/mug-2-11.jpg	/Users/bear/Documents/CoWork/bear-textbooks/books/art/extracted/mugshots-2-2/mugshots-2-2/mug-2-11.jpg	extracted
/Users/bear/Documents/CoWork/bear-textbooks/books/art/mugshots-2-2.zip	mugshots-2-2/mug-2-20.jpg	/Users/bear/Documents/CoWork/bear-textbooks/books/art/extracted/mugshots-2-2/mugshots-2-2/mug-2-20.jpg	extracted
/Users/bear/Documents/CoWork/bear-textbooks/books/art/mugshots-2-2.zip	mugshots-2-2/mug-2-19.jpg	/Users/bear/Documents/CoWork/bear-textbooks/books/art/extracted/mugshots-2-2/mugshots-2-2/mug-2-19.jpg	extracted
/Users/bear/Documents/CoWork/bear-textbooks/books/art/mugshots-2-2.zip	mugshots-2-2/mug-2-18.jpg	/Users/bear/Documents/CoWork/bear-textbooks/books/art/extracted/mugshots-2-2/mugshots-2-2/mug-2-18.jpg	extracted
/Users/bear/Documents/CoWork/bear-textbooks/books/art/nudes-1.zip	nudes-1/nude-1.jpg	/Users/bear/Documents/CoWork/bear-textbooks/books/art/extracted/nudes-1/nudes-1/nude-1.jpg	extracted
/Users/bear/Documents/CoWork/bear-textbooks/books/art/nudes-1.zip	nudes-1/nude-2.jpg	/Users/bear/Documents/CoWork/bear-textbooks/books/art/extracted/nudes-1/nudes-1/nude-2.jpg	extracted
/Users/bear/Documents/CoWork/bear-textbooks/books/art/nudes-1.zip	nudes-1/nude-3.jpg	/Users/bear/Documents/CoWork/bear-textbooks/books/art/extracted/nudes-1/nudes-1/nude-3.jpg	extracted
/Users/bear/Documents/CoWork/bear-textbooks/books/art/nudes-1.zip	nudes-1/nude-4.jpg	/Users/bear/Documents/CoWork/bear-textbooks/books/art/extracted/nudes-1/nudes-1/nude-4.jpg	extracted
/Users/bear/Documents/CoWork/bear-textbooks/books/art/nudes-1.zip	nudes-1/nude-5.jpg	/Users/bear/Documents/CoWork/bear-textbooks/books/art/extracted/nudes-1/nudes-1/nude-5.jpg	extracted
/Users/bear/Documents/CoWork/bear-textbooks/books/art/nudes-1.zip	nudes-1/nude-6.jpg	/Users/bear/Documents/CoWork/bear-textbooks/books/art/extracted/nudes-1/nudes-1/nude-6.jpg	extracted
/Users/bear/Documents/CoWork/bear-textbooks/books/art/nudes-1.zip	nudes-1/nude-7.jpg	/Users/bear/Documents/CoWork/bear-textbooks/books/art/extracted/nudes-1/nudes-1/nude-7.jpg	extracted
/Users/bear/Documents/CoWork/bear-textbooks/books/art/nudes-1.zip	nudes-1/nude-8.jpg	/Users/bear/Documents/CoWork/bear-textbooks/books/art/extracted/nudes-1/nudes-1/nude-8.jpg	extracted
/Users/bear/Documents/CoWork/bear-textbooks/books/art/nudes-1.zip	nudes-1/nude-9.jpg	/Users/bear/Documents/CoWork/bear-textbooks/books/art/extracted/nudes-1/nudes-1/nude-9.jpg	extracted
/Users/bear/Documents/CoWork/bear-textbooks/books/art/nudes-2.zip	nudes-2/nude-10.jpg	/Users/bear/Documents/CoWork/bear-textbooks/books/art/extracted/nudes-2/nudes-2/nude-10.jpg	extracted
/Users/bear/Documents/CoWork/bear-textbooks/books/art/nudes-2.zip	nudes-2/nude-11.jpg	/Users/bear/Documents/CoWork/bear-textbooks/books/art/extracted/nudes-2/nudes-2/nude-11.jpg	extracted
/Users/bear/Documents/CoWork/bear-textbooks/books/art/nudes-2.zip	nudes-2/nude-12.jpg	/Users/bear/Documents/CoWork/bear-textbooks/books/art/extracted/nudes-2/nudes-2/nude-12.jpg	extracted
/Users/bear/Documents/CoWork/bear-textbooks/books/art/nudes-2.zip	nudes-2/nude-13.jpg	/Users/bear/Documents/CoWork/bear-textbooks/books/art/extracted/nudes-2/nudes-2/nude-13.jpg	extracted
/Users/bear/Documents/CoWork/bear-textbooks/books/art/nudes-2.zip	nudes-2/nude-14.jpg	/Users/bear/Documents/CoWork/bear-textbooks/books/art/extracted/nudes-2/nudes-2/nude-14.jpg	extracted
/Users/bear/Documents/CoWork/bear-textbooks/books/art/nudes-2.zip	nudes-2/nude-15.jpg	/Users/bear/Documents/CoWork/bear-textbooks/books/art/extracted/nudes-2/nudes-2/nude-15.jpg	extracted
/Users/bear/Documents/CoWork/bear-textbooks/books/art/nudes-3.zip	nudes-3/nude-16.jpg	/Users/bear/Documents/CoWork/bear-textbooks/books/art/extracted/nudes-3/nudes-3/nude-16.jpg	extracted
/Users/bear/Documents/CoWork/bear-textbooks/books/art/nudes-3.zip	nudes-3/nude-17.jpg	/Users/bear/Documents/CoWork/bear-textbooks/books/art/extracted/nudes-3/nudes-3/nude-17.jpg	extracted
/Users/bear/Documents/CoWork/bear-textbooks/books/art/nudes-3.zip	nudes-3/nude-18.jpg	/Users/bear/Documents/CoWork/bear-textbooks/books/art/extracted/nudes-3/nudes-3/nude-18.jpg	extracted
/Users/bear/Documents/CoWork/bear-textbooks/books/art/nudes-3.zip	nudes-3/nude-19.jpg	/Users/bear/Documents/CoWork/bear-textbooks/books/art/extracted/nudes-3/nudes-3/nude-19.jpg	extracted
/Users/bear/Documents/CoWork/bear-textbooks/books/art/nudes-3.zip	nudes-3/nude-20.jpg	/Users/bear/Documents/CoWork/bear-textbooks/books/art/extracted/nudes-3/nudes-3/nude-20.jpg	extracted
/Users/bear/Documents/CoWork/bear-textbooks/books/art/nudes-4.zip	nudes-4/nude-21.jpg	/Users/bear/Documents/CoWork/bear-textbooks/books/art/extracted/nudes-4/nudes-4/nude-21.jpg	extracted
/Users/bear/Documents/CoWork/bear-textbooks/books/art/nudes-4.zip	nudes-4/nude-22.jpg	/Users/bear/Documents/CoWork/bear-textbooks/books/art/extracted/nudes-4/nudes-4/nude-22.jpg	extracted
/Users/bear/Documents/CoWork/bear-textbooks/books/art/nudes-4.zip	nudes-4/nude-23.jpg	/Users/bear/Documents/CoWork/bear-textbooks/books/art/extracted/nudes-4/nudes-4/nude-23.jpg	extracted
/Users/bear/Documents/CoWork/bear-textbooks/books/art/nudes-4.zip	nudes-4/nude-24.jpg	/Users/bear/Documents/CoWork/bear-textbooks/books/art/extracted/nudes-4/nudes-4/nude-24.jpg	extracted
/Users/bear/Documents/CoWork/bear-textbooks/books/art/photos-2-1.zip	photos-2-1/photos-2-1.jpg	/Users/bear/Documents/CoWork/bear-textbooks/books/art/extracted/photos-2-1/photos-2-1/photos-2-1.jpg	extracted
/Users/bear/Documents/CoWork/bear-textbooks/books/art/photos-2-1.zip	photos-2-1/photos-2-2.jpg	/Users/bear/Documents/CoWork/bear-textbooks/books/art/extracted/photos-2-1/photos-2-1/photos-2-2.jpg	extracted
/Users/bear/Documents/CoWork/bear-textbooks/books/art/photos-2-1.zip	photos-2-1/photos-2-3.jpg	/Users/bear/Documents/CoWork/bear-textbooks/books/art/extracted/photos-2-1/photos-2-1/photos-2-3.jpg	extracted
/Users/bear/Documents/CoWork/bear-textbooks/books/art/photos-2-1.zip	photos-2-1/photos-2-4.jpg	/Users/bear/Documents/CoWork/bear-textbooks/books/art/extracted/photos-2-1/photos-2-1/photos-2-4.jpg	extracted
/Users/bear/Documents/CoWork/bear-textbooks/books/art/photos-2-1.zip	photos-2-1/photos-2-5.jpg	/Users/bear/Documents/CoWork/bear-textbooks/books/art/extracted/photos-2-1/photos-2-1/photos-2-5.jpg	extracted
/Users/bear/Documents/CoWork/bear-textbooks/books/art/photos-2-2.zip	photos-2-2/photos-2-10.jpg	/Users/bear/Documents/CoWork/bear-textbooks/books/art/extracted/photos-2-2/photos-2-2/photos-2-10.jpg	extracted
/Users/bear/Documents/CoWork/bear-textbooks/books/art/photos-2-2.zip	photos-2-2/photos-2-11.jpg	/Users/bear/Documents/CoWork/bear-textbooks/books/art/extracted/photos-2-2/photos-2-2/photos-2-11.jpg	extracted
/Users/bear/Documents/CoWork/bear-textbooks/books/art/photos-2-2.zip	photos-2-2/photos-2-12.jpg	/Users/bear/Documents/CoWork/bear-textbooks/books/art/extracted/photos-2-2/photos-2-2/photos-2-12.jpg	extracted
/Users/bear/Documents/CoWork/bear-textbooks/books/art/photos-2-2.zip	photos-2-2/photos-2-6.jpg	/Users/bear/Documents/CoWork/bear-textbooks/books/art/extracted/photos-2-2/photos-2-2/photos-2-6.jpg	extracted
/Users/bear/Documents/CoWork/bear-textbooks/books/art/photos-2-2.zip	photos-2-2/photos-2-7.jpg	/Users/bear/Documents/CoWork/bear-textbooks/books/art/extracted/photos-2-2/photos-2-2/photos-2-7.jpg	extracted
/Users/bear/Documents/CoWork/bear-textbooks/books/art/photos-2-2.zip	photos-2-2/photos-2-8.jpg	/Users/bear/Documents/CoWork/bear-textbooks/books/art/extracted/photos-2-2/photos-2-2/photos-2-8.jpg	extracted
/Users/bear/Documents/CoWork/bear-textbooks/books/art/photos-2-2.zip	photos-2-2/photos-2-9.jpg	/Users/bear/Documents/CoWork/bear-textbooks/books/art/extracted/photos-2-2/photos-2-2/photos-2-9.jpg	extracted
/Users/bear/Documents/CoWork/bear-textbooks/books/art/photos-2-3.zip	photos-2-3/photos-2-13.jpg	/Users/bear/Documents/CoWork/bear-textbooks/books/art/extracted/photos-2-3/photos-2-3/photos-2-13.jpg	extracted
/Users/bear/Documents/CoWork/bear-textbooks/books/art/photos-2-3.zip	photos-2-3/photos-2-14.jpg	/Users/bear/Documents/CoWork/bear-textbooks/books/art/extracted/photos-2-3/photos-2-3/photos-2-14.jpg	extracted
/Users/bear/Documents/CoWork/bear-textbooks/books/art/photos-2-3.zip	photos-2-3/photos-2-15.jpg	/Users/bear/Documents/CoWork/bear-textbooks/books/art/extracted/photos-2-3/photos-2-3/photos-2-15.jpg	extracted
/Users/bear/Documents/CoWork/bear-textbooks/books/art/photos-2-3.zip	photos-2-3/photos-2-16.jpg	/Users/bear/Documents/CoWork/bear-textbooks/books/art/extracted/photos-2-3/photos-2-3/photos-2-16.jpg	extracted
/Users/bear/Documents/CoWork/bear-textbooks/books/art/photos-2-3.zip	photos-2-3/photos-2-17.jpg	/Users/bear/Documents/CoWork/bear-textbooks/books/art/extracted/photos-2-3/photos-2-3/photos-2-17.jpg	extracted
/Users/bear/Documents/CoWork/bear-textbooks/books/art/photos-2-3.zip	photos-2-3/photos-2-18.jpg	/Users/bear/Documents/CoWork/bear-textbooks/books/art/extracted/photos-2-3/photos-2-3/photos-2-18.jpg	extracted
/Users/bear/Documents/CoWork/bear-textbooks/books/art/photos-2-3.zip	photos-2-3/photos-2-19.jpg	/Users/bear/Documents/CoWork/bear-textbooks/books/art/extracted/photos-2-3/photos-2-3/photos-2-19.jpg	extracted
/Users/bear/Documents/CoWork/bear-textbooks/books/art/photos-2-4.zip	photos-2-4/photos-2-20.jpg	/Users/bear/Documents/CoWork/bear-textbooks/books/art/extracted/photos-2-4/photos-2-4/photos-2-20.jpg	extracted
/Users/bear/Documents/CoWork/bear-textbooks/books/art/photos-2-4.zip	photos-2-4/photos-2-21.jpg	/Users/bear/Documents/CoWork/bear-textbooks/books/art/extracted/photos-2-4/photos-2-4/photos-2-21.jpg	extracted
/Users/bear/Documents/CoWork/bear-textbooks/books/art/photos-2-4.zip	photos-2-4/photos-2-22.jpg	/Users/bear/Documents/CoWork/bear-textbooks/books/art/extracted/photos-2-4/photos-2-4/photos-2-22.jpg	extracted
/Users/bear/Documents/CoWork/bear-textbooks/books/art/photos-2-4.zip	photos-2-4/photos-2-23.jpg	/Users/bear/Documents/CoWork/bear-textbooks/books/art/extracted/photos-2-4/photos-2-4/photos-2-23.jpg	extracted
/Users/bear/Documents/CoWork/bear-textbooks/books/art/photos-2-4.zip	photos-2-4/photos-2-24.jpg	/Users/bear/Documents/CoWork/bear-textbooks/books/art/extracted/photos-2-4/photos-2-4/photos-2-24.jpg	extracted
/Users/bear/Documents/CoWork/bear-textbooks/books/art/photos-2-4.zip	photos-2-4/photos-2-25.jpg	/Users/bear/Documents/CoWork/bear-textbooks/books/art/extracted/photos-2-4/photos-2-4/photos-2-25.jpg	extracted
/Users/bear/Documents/CoWork/bear-textbooks/books/art/vanGogh-20260801T011940Z-1-001.zip	vanGogh/qqhtlcipdlx.png	/Users/bear/Documents/CoWork/bear-textbooks/books/art/extracted/vanGogh-20260801T011940Z-1-001/vanGogh/qqhtlcipdlx.png	extracted
/Users/bear/Documents/CoWork/bear-textbooks/books/art/vanGogh-20260801T011940Z-1-001.zip	vanGogh/VanGogh.psd	/Users/bear/Documents/CoWork/bear-textbooks/books/art/extracted/vanGogh-20260801T011940Z-1-001/vanGogh/VanGogh.psd	extracted
/Users/bear/Documents/CoWork/bear-textbooks/books/art/vanGogh-20260801T011940Z-1-001.zip	vanGogh/00_VanGogh_A.psd	/Users/bear/Documents/CoWork/bear-textbooks/books/art/extracted/vanGogh-20260801T011940Z-1-001/vanGogh/00_VanGogh_A.psd	extracted
/Users/bear/Documents/CoWork/bear-textbooks/books/art/extracted/ARTZIP-20260801T011809Z-1-001/ARTZIP/R_181_Toyohara Kunichika.zip	R_181_Toyohara Kunichika/Veerboot_bij_de_pleisterplaats_Zeze_Zezejpg.jpg	/Users/bear/Documents/CoWork/bear-textbooks/books/art/extracted/extracted/ARTZIP-20260801T011809Z-1-001/ARTZIP/R_181_Toyohara Kunichika/R_181_Toyohara Kunichika/Veerboot_bij_de_pleisterplaats_Zeze_Zezejpg.jpg	extracted
/Users/bear/Documents/CoWork/bear-textbooks/books/art/extracted/ARTZIP-20260801T011809Z-1-001/ARTZIP/R_181_Toyohara Kunichika.zip	R_181_Toyohara Kunichika/Kunichika_48086.jpg	/Users/bear/Documents/CoWork/bear-textbooks/books/art/extracted/extracted/ARTZIP-20260801T011809Z-1-001/ARTZIP/R_181_Toyohara Kunichika/R_181_Toyohara Kunichika/Kunichika_48086.jpg	extracted
/Users/bear/Documents/CoWork/bear-textbooks/books/art/extracted/ARTZIP-20260801T011809Z-1-001/ARTZIP/R_181_Toyohara Kunichika.zip	R_181_Toyohara Kunichika/Kunichika_33_cmd.jpg	/Users/bear/Documents/CoWork/bear-textbooks/books/art/extracted/extracted/ARTZIP-20260801T011809Z-1-001/ARTZIP/R_181_Toyohara Kunichika/R_181_Toyohara Kunichika/Kunichika_33_cmd.jpg	extracted
/Users/bear/Documents/CoWork/bear-textbooks/books/art/extracted/ARTZIP-20260801T011809Z-1-001/ARTZIP/R_181_Toyohara Kunichika.zip	R_181_Toyohara Kunichika/Kunichika_1846-02.jpg	/Users/bear/Documents/CoWork/bear-textbooks/books/art/extracted/extracted/ARTZIP-20260801T011809Z-1-001/ARTZIP/R_181_Toyohara Kunichika/R_181_Toyohara Kunichika/Kunichika_1846-02.jpg	extracted
/Users/bear/Documents/CoWork/bear-textbooks/books/art/extracted/ARTZIP-20260801T011809Z-1-001/ARTZIP/R_181_Toyohara Kunichika.zip	R_181_Toyohara Kunichika/Kunichika_34-03.jpg	/Users/bear/Documents/CoWork/bear-textbooks/books/art/extracted/extracted/ARTZIP-20260801T011809Z-1-001/ARTZIP/R_181_Toyohara Kunichika/R_181_Toyohara Kunichika/Kunichika_34-03.jpg	extracted
/Users/bear/Documents/CoWork/bear-textbooks/books/art/extracted/ARTZIP-20260801T011809Z-1-001/ARTZIP/R_181_Toyohara Kunichika.zip	R_181_Toyohara Kunichika/Kunichika_150_Σ┐│σä¬σ¢úµëçτö╗.jpg	/Users/bear/Documents/CoWork/bear-textbooks/books/art/extracted/extracted/ARTZIP-20260801T011809Z-1-001/ARTZIP/R_181_Toyohara Kunichika/R_181_Toyohara Kunichika/Kunichika_150_Σ┐│σä¬σ¢úµëçτö╗.jpg	extracted
/Users/bear/Documents/CoWork/bear-textbooks/books/art/extracted/ARTZIP-20260801T011809Z-1-001/ARTZIP/R_181_Toyohara Kunichika.zip	R_181_Toyohara Kunichika/Kunichika_9493-µ¥▒µ╡╖ΘüôΣ╣ïσåà_σñºτú».jpg	/Users/bear/Documents/CoWork/bear-textbooks/books/art/extracted/extracted/ARTZIP-20260801T011809Z-1-001/ARTZIP/R_181_Toyohara Kunichika/R_181_Toyohara Kunichika/Kunichika_9493-µ¥▒µ╡╖ΘüôΣ╣ïσåà_σñºτú».jpg	extracted
/Users/bear/Documents/CoWork/bear-textbooks/books/art/extracted/ARTZIP-20260801T011809Z-1-001/ARTZIP/R_181_Toyohara Kunichika.zip	R_181_Toyohara Kunichika/Kunichika_3206_µ¥▒Θâ╜Σ╕ëσìüσà¡µÖ»Σ╣ïσåà_Σ║Çµê╕ΦÉ⌐σ»║-µà╢σ┐£1.jpg	/Users/bear/Documents/CoWork/bear-textbooks/books/art/extracted/extracted/ARTZIP-20260801T011809Z-1-001/ARTZIP/R_181_Toyohara Kunichika/R_181_Toyohara Kunichika/Kunichika_3206_µ¥▒Θâ╜Σ╕ëσìüσà¡µÖ»Σ╣ïσåà_Σ║Çµê╕ΦÉ⌐σ»║-µà╢σ┐£1.jpg	extracted
/Users/bear/Documents/CoWork/bear-textbooks/books/art/extracted/ARTZIP-20260801T011809Z-1-001/ARTZIP/R_181_Toyohara Kunichika.zip	R_181_Toyohara Kunichika/Kunichika_1763_03_Σ╗èµºÿµ║Éµ░ÅΣ╕ëµ¢▓ΘüèΦêêΣ╣ïσ¢│-Σ╕çσ╗╢1.jpg	/Users/bear/Documents/CoWork/bear-textbooks/books/art/extracted/extracted/ARTZIP-20260801T011809Z-1-001/ARTZIP/R_181_Toyohara Kunichika/R_181_Toyohara Kunichika/Kunichika_1763_03_Σ╗èµºÿµ║Éµ░ÅΣ╕ëµ¢▓ΘüèΦêêΣ╣ïσ¢│-Σ╕çσ╗╢1.jpg	extracted
/Users/bear/Documents/CoWork/bear-textbooks/books/art/extracted/ARTZIP-20260801T011809Z-1-001/ARTZIP/R_181_Toyohara Kunichika.zip	R_181_Toyohara Kunichika/Kunichika_2635_02_σ┐áΦçúΦö╡Σ║öµ«╡τ¢«πâ╗σ┐áΦçúΦö╡σ¢¢µ«╡τ¢«πâ╗σ┐áΦçúΦö╡πâÄΣ╕ëµ«╡τ¢«-µÿÄµ▓╗3.jpg	/Users/bear/Documents/CoWork/bear-textbooks/books/art/extracted/extracted/ARTZIP-20260801T011809Z-1-001/ARTZIP/R_181_Toyohara Kunichika/R_181_Toyohara Kunichika/Kunichika_2635_02_σ┐áΦçúΦö╡Σ║öµ«╡τ¢«πâ╗σ┐áΦçúΦö╡σ¢¢µ«╡τ¢«πâ╗σ┐áΦçúΦö╡πâÄΣ╕ëµ«╡τ¢«-µÿÄµ▓╗3.jpg	extracted
/Users/bear/Documents/CoWork/bear-textbooks/books/art/extracted/ARTZIP-20260801T011809Z-1-001/ARTZIP/R_181_Toyohara Kunichika.zip	R_181_Toyohara Kunichika/Kunichika_144_Σ┐│σä¬σ¢úµëçτö╗.jpg	/Users/bear/Documents/CoWork/bear-textbooks/books/art/extracted/extracted/ARTZIP-20260801T011809Z-1-001/ARTZIP/R_181_Toyohara Kunichika/R_181_Toyohara Kunichika/Kunichika_144_Σ┐│σä¬σ¢úµëçτö╗.jpg	extracted
/Users/bear/Documents/CoWork/bear-textbooks/books/art/extracted/ARTZIP-20260801T011809Z-1-001/ARTZIP/R_181_Toyohara Kunichika.zip	R_181_Toyohara Kunichika/τ▒│σ¢╜πé»πéÖπâ⌐πâ│πâêµ░Åσ╛íΘÇÜΦíîΣ╣ïτ╣üµáä.jpg	/Users/bear/Documents/CoWork/bear-textbooks/books/art/extracted/extracted/ARTZIP-20260801T011809Z-1-001/ARTZIP/R_181_Toyohara Kunichika/R_181_Toyohara Kunichika/τ▒│σ¢╜πé»πéÖπâ⌐πâ│πâêµ░Åσ╛íΘÇÜΦíîΣ╣ïτ╣üµáä.jpg	extracted
/Users/bear/Documents/CoWork/bear-textbooks/books/art/extracted/ARTZIP-20260801T011809Z-1-001/ARTZIP/R_181_Toyohara Kunichika.zip	R_181_Toyohara Kunichika/Kunichika_0609_µ¡îΦê₧Σ╝Äσ╗╗Φè▒σ╜ôσ»┐σÅñσà¡-µà╢σ┐£1.jpg	/Users/bear/Documents/CoWork/bear-textbooks/books/art/extracted/extracted/ARTZIP-20260801T011809Z-1-001/ARTZIP/R_181_Toyohara Kunichika/R_181_Toyohara Kunichika/Kunichika_0609_µ¡îΦê₧Σ╝Äσ╗╗Φè▒σ╜ôσ»┐σÅñσà¡-µà╢σ┐£1.jpg	extracted
/Users/bear/Documents/CoWork/bear-textbooks/books/art/extracted/ARTZIP-20260801T011809Z-1-001/ARTZIP/R_181_Toyohara Kunichika.zip	R_181_Toyohara Kunichika/Kunichika_4955-µ¥▒µ╡╖ΘüôσÉìµëÇΣ╣ïσåà_µƒÅσÄƒσ╖ªΣ╕ìΣ║î-µûçΣ╣à3.jpg	/Users/bear/Documents/CoWork/bear-textbooks/books/art/extracted/extracted/ARTZIP-20260801T011809Z-1-001/ARTZIP/R_181_Toyohara Kunichika/R_181_Toyohara Kunichika/Kunichika_4955-µ¥▒µ╡╖ΘüôσÉìµëÇΣ╣ïσåà_µƒÅσÄƒσ╖ªΣ╕ìΣ║î-µûçΣ╣à3.jpg	extracted
/Users/bear/Documents/CoWork/bear-textbooks/books/art/extracted/ARTZIP-20260801T011809Z-1-001/ARTZIP/R_181_Toyohara Kunichika.zip	R_181_Toyohara Kunichika/Kunichika_9528-II-µ¥▒µ╡╖Θüô_µ▒áΘ»ëΘ«Æ-µûçΣ╣à3.jpg	/Users/bear/Documents/CoWork/bear-textbooks/books/art/extracted/extracted/ARTZIP-20260801T011809Z-1-001/ARTZIP/R_181_Toyohara Kunichika/R_181_Toyohara Kunichika/Kunichika_9528-II-µ¥▒µ╡╖Θüô_µ▒áΘ»ëΘ«Æ-µûçΣ╣à3.jpg	extracted
/Users/bear/Documents/CoWork/bear-textbooks/books/art/extracted/ARTZIP-20260801T011809Z-1-001/ARTZIP/R_181_Toyohara Kunichika.zip	R_181_Toyohara Kunichika/Kunichika_9547-µ¥▒µ╡╖Θüô_σñºµ┤ÑΣ╕ëΣ║òσ»║-µûçΣ╣à3.jpg	/Users/bear/Documents/CoWork/bear-textbooks/books/art/extracted/extracted/ARTZIP-20260801T011809Z-1-001/ARTZIP/R_181_Toyohara Kunichika/R_181_Toyohara Kunichika/Kunichika_9547-µ¥▒µ╡╖Θüô_σñºµ┤ÑΣ╕ëΣ║òσ»║-µûçΣ╣à3.jpg	extracted
/Users/bear/Documents/CoWork/bear-textbooks/books/art/extracted/ARTZIP-20260801T011809Z-1-001/ARTZIP/R_181_Toyohara Kunichika.zip	R_181_Toyohara Kunichika/Kunichika_38-02.jpg	/Users/bear/Documents/CoWork/bear-textbooks/books/art/extracted/extracted/ARTZIP-20260801T011809Z-1-001/ARTZIP/R_181_Toyohara Kunichika/R_181_Toyohara Kunichika/Kunichika_38-02.jpg	extracted
/Users/bear/Documents/CoWork/bear-textbooks/books/art/extracted/ARTZIP-20260801T011809Z-1-001/ARTZIP/R_181_Toyohara Kunichika.zip	R_181_Toyohara Kunichika/Kunichika_1842_cmb.jpg	/Users/bear/Documents/CoWork/bear-textbooks/books/art/extracted/extracted/ARTZIP-20260801T011809Z-1-001/ARTZIP/R_181_Toyohara Kunichika/R_181_Toyohara Kunichika/Kunichika_1842_cmb.jpg	extracted
/Users/bear/Documents/CoWork/bear-textbooks/books/art/extracted/ARTZIP-20260801T011809Z-1-001/ARTZIP/R_181_Toyohara Kunichika.zip	R_181_Toyohara Kunichika/Kunichika_9512-µ¥▒µ╡╖Θüô_σ««-µûçΣ╣à3.jpg	/Users/bear/Documents/CoWork/bear-textbooks/books/art/extracted/extracted/ARTZIP-20260801T011809Z-1-001/ARTZIP/R_181_Toyohara Kunichika/R_181_Toyohara Kunichika/Kunichika_9512-µ¥▒µ╡╖Θüô_σ««-µûçΣ╣à3.jpg	extracted
/Users/bear/Documents/CoWork/bear-textbooks/books/art/extracted/ARTZIP-20260801T011809Z-1-001/ARTZIP/R_181_Toyohara Kunichika.zip	R_181_Toyohara Kunichika/Kunichika_2633_03_σìâσ┤Äσ╝ÑΣ║öΘâÄ_µ▓│σÄƒσ┤Äµ¿⌐Σ╣ïσè⌐πâ╗µù⌐ΘçÄσïÿσ╣│_σ░╛Σ╕èΦÅèΣ║öΘâÄπâ╗Σ╕ìµ│óµò░σÅ│Φí¢ΘûÇ_σñºΦ░╖τ┤½Θüô-µÿÄµ▓╗3.jpg	/Users/bear/Documents/CoWork/bear-textbooks/books/art/extracted/extracted/ARTZIP-20260801T011809Z-1-001/ARTZIP/R_181_Toyohara Kunichika/R_181_Toyohara Kunichika/Kunichika_2633_03_σìâσ┤Äσ╝ÑΣ║öΘâÄ_µ▓│σÄƒσ┤Äµ¿⌐Σ╣ïσè⌐πâ╗µù⌐ΘçÄσïÿσ╣│_σ░╛Σ╕èΦÅèΣ║öΘâÄπâ╗Σ╕ìµ│óµò░σÅ│Φí¢ΘûÇ_σñºΦ░╖τ┤½Θüô-µÿÄµ▓╗3.jpg	extracted
/Users/bear/Documents/CoWork/bear-textbooks/books/art/extracted/ARTZIP-20260801T011809Z-1-001/ARTZIP/R_181_Toyohara Kunichika.zip	R_181_Toyohara Kunichika/Kunichika_9589-µ¥▒µ╡╖Θüô_σ░Åτö░σÄƒ.jpg	/Users/bear/Documents/CoWork/bear-textbooks/books/art/extracted/extracted/ARTZIP-20260801T011809Z-1-001/ARTZIP/R_181_Toyohara Kunichika/R_181_Toyohara Kunichika/Kunichika_9589-µ¥▒µ╡╖Θüô_σ░Åτö░σÄƒ.jpg	extracted
/Users/bear/Documents/CoWork/bear-textbooks/books/art/extracted/ARTZIP-20260801T011809Z-1-001/ARTZIP/R_181_Toyohara Kunichika.zip	R_181_Toyohara Kunichika/Kunichika_2637_02_τÖ╜τ╕½σº½_µ▓óµ¥æτö░Σ╣ïσè⌐πâ╗Θ│Ñσ▒▒τºïΣ╜£_Σ╕¡µ¥æΦè¥τ┐½-σàâµ▓╗1.jpg	/Users/bear/Documents/CoWork/bear-textbooks/books/art/extracted/extracted/ARTZIP-20260801T011809Z-1-001/ARTZIP/R_181_Toyohara Kunichika/R_181_Toyohara Kunichika/Kunichika_2637_02_τÖ╜τ╕½σº½_µ▓óµ¥æτö░Σ╣ïσè⌐πâ╗Θ│Ñσ▒▒τºïΣ╜£_Σ╕¡µ¥æΦè¥τ┐½-σàâµ▓╗1.jpg	extracted
/Users/bear/Documents/CoWork/bear-textbooks/books/art/extracted/ARTZIP-20260801T011809Z-1-001/ARTZIP/R_181_Toyohara Kunichika.zip	R_181_Toyohara Kunichika/Kunichika_9483-µ¥▒µ╡╖ΘüôσÉìµëÇΣ╣ïσåà_µ¿⌐σñ¬σ¥é-µûçΣ╣à3.jpg	/Users/bear/Documents/CoWork/bear-textbooks/books/art/extracted/extracted/ARTZIP-20260801T011809Z-1-001/ARTZIP/R_181_Toyohara Kunichika/R_181_Toyohara Kunichika/Kunichika_9483-µ¥▒µ╡╖ΘüôσÉìµëÇΣ╣ïσåà_µ¿⌐σñ¬σ¥é-µûçΣ╣à3.jpg	extracted
/Users/bear/Documents/CoWork/bear-textbooks/books/art/extracted/ARTZIP-20260801T011809Z-1-001/ARTZIP/R_181_Toyohara Kunichika.zip	R_181_Toyohara Kunichika/Kunichika_059_Σ┐│σä¬σ¢úµëçτö╗.jpg	/Users/bear/Documents/CoWork/bear-textbooks/books/art/extracted/extracted/ARTZIP-20260801T011809Z-1-001/ARTZIP/R_181_Toyohara Kunichika/R_181_Toyohara Kunichika/Kunichika_059_Σ┐│σä¬σ¢úµëçτö╗.jpg	extracted
/Users/bear/Documents/CoWork/bear-textbooks/books/art/extracted/ARTZIP-20260801T011809Z-1-001/ARTZIP/R_181_Toyohara Kunichika.zip	R_181_Toyohara Kunichika/Print,_Courtesan_with_a_parasol,_ca._1860_(CH_18437479).jpg	/Users/bear/Documents/CoWork/bear-textbooks/books/art/extracted/extracted/ARTZIP-20260801T011809Z-1-001/ARTZIP/R_181_Toyohara Kunichika/R_181_Toyohara Kunichika/Print,_Courtesan_with_a_parasol,_ca._1860_(CH_18437479).jpg	extracted
/Users/bear/Documents/CoWork/bear-textbooks/books/art/extracted/ARTZIP-20260801T011809Z-1-001/ARTZIP/R_181_Toyohara Kunichika.zip	R_181_Toyohara Kunichika/Kunichika_3301_τÅ╛µÖéΣ║öσìüσ¢¢µâà_τ¼¼Σ║öσìüσ¢¢σÅ╖-µÿÄµ▓╗17.jpg	/Users/bear/Documents/CoWork/bear-textbooks/books/art/extracted/extracted/ARTZIP-20260801T011809Z-1-001/ARTZIP/R_181_Toyohara Kunichika/R_181_Toyohara Kunichika/Kunichika_3301_τÅ╛µÖéΣ║öσìüσ¢¢µâà_τ¼¼Σ║öσìüσ¢¢σÅ╖-µÿÄµ▓╗17.jpg	extracted
/Users/bear/Documents/CoWork/bear-textbooks/books/art/extracted/ARTZIP-20260801T011809Z-1-001/ARTZIP/R_181_Toyohara Kunichika.zip	R_181_Toyohara Kunichika/Kunichika_9472-µ¥▒µ╡╖Θüô_µùÑµ£¼µ⌐ï.jpg	/Users/bear/Documents/CoWork/bear-textbooks/books/art/extracted/extracted/ARTZIP-20260801T011809Z-1-001/ARTZIP/R_181_Toyohara Kunichika/R_181_Toyohara Kunichika/Kunichika_9472-µ¥▒µ╡╖Θüô_µùÑµ£¼µ⌐ï.jpg	extracted
/Users/bear/Documents/CoWork/bear-textbooks/books/art/extracted/ARTZIP-20260801T011809Z-1-001/ARTZIP/R_181_Toyohara Kunichika.zip	R_181_Toyohara Kunichika/Kunichika_3299_τÅ╛µÖéΣ║öσìüσ¢¢µâà_τ¼¼Σ║îσìüΣ║îσÅ╖-µÿÄµ▓╗17.jpg	/Users/bear/Documents/CoWork/bear-textbooks/books/art/extracted/extracted/ARTZIP-20260801T011809Z-1-001/ARTZIP/R_181_Toyohara Kunichika/R_181_Toyohara Kunichika/Kunichika_3299_τÅ╛µÖéΣ║öσìüσ¢¢µâà_τ¼¼Σ║îσìüΣ║îσÅ╖-µÿÄµ▓╗17.jpg	extracted
/Users/bear/Documents/CoWork/bear-textbooks/books/art/extracted/ARTZIP-20260801T011809Z-1-001/ARTZIP/R_181_Toyohara Kunichika.zip	R_181_Toyohara Kunichika/Kunichika_34-02.jpg	/Users/bear/Documents/CoWork/bear-textbooks/books/art/extracted/extracted/ARTZIP-20260801T011809Z-1-001/ARTZIP/R_181_Toyohara Kunichika/R_181_Toyohara Kunichika/Kunichika_34-02.jpg	extracted
/Users/bear/Documents/CoWork/bear-textbooks/books/art/extracted/ARTZIP-20260801T011809Z-1-001/ARTZIP/R_181_Toyohara Kunichika.zip	R_181_Toyohara Kunichika/Kunichika_1846-03.jpg	/Users/bear/Documents/CoWork/bear-textbooks/books/art/extracted/extracted/ARTZIP-20260801T011809Z-1-001/ARTZIP/R_181_Toyohara Kunichika/R_181_Toyohara Kunichika/Kunichika_1846-03.jpg	extracted
/Users/bear/Documents/CoWork/bear-textbooks/books/art/extracted/ARTZIP-20260801T011809Z-1-001/ARTZIP/R_181_Toyohara Kunichika.zip	R_181_Toyohara Kunichika/Zen╩╝aku_kijinkyo╠ä_._Jinriki_Tamigoro╠ä.jpg	/Users/bear/Documents/CoWork/bear-textbooks/books/art/extracted/extracted/ARTZIP-20260801T011809Z-1-001/ARTZIP/R_181_Toyohara Kunichika/R_181_Toyohara Kunichika/Zen╩╝aku_kijinkyo╠ä_._Jinriki_Tamigoro╠ä.jpg	extracted
/Users/bear/Documents/CoWork/bear-textbooks/books/art/extracted/ARTZIP-20260801T011809Z-1-001/ARTZIP/R_181_Toyohara Kunichika.zip	R_181_Toyohara Kunichika/Kunichika_1763_Σ╗èµºÿµ║Éµ░ÅΣ╕ëµ¢▓ΘüèΦêêΣ╣ïσ¢│-Σ╕çσ╗╢1-cmb.jpg	/Users/bear/Documents/CoWork/bear-textbooks/books/art/extracted/extracted/ARTZIP-20260801T011809Z-1-001/ARTZIP/R_181_Toyohara Kunichika/R_181_Toyohara Kunichika/Kunichika_1763_Σ╗èµºÿµ║Éµ░ÅΣ╕ëµ¢▓ΘüèΦêêΣ╣ïσ¢│-Σ╕çσ╗╢1-cmb.jpg	extracted
/Users/bear/Documents/CoWork/bear-textbooks/books/art/extracted/ARTZIP-20260801T011809Z-1-001/ARTZIP/R_181_Toyohara Kunichika.zip	R_181_Toyohara Kunichika/Kunichika_9489-µ¥▒µ╡╖ΘüôσÉìµëÇΣ╣ïσåà_πü╡πüíπéÖπüòπü»ΘüèΦíîσ»║.jpg	/Users/bear/Documents/CoWork/bear-textbooks/books/art/extracted/extracted/ARTZIP-20260801T011809Z-1-001/ARTZIP/R_181_Toyohara Kunichika/R_181_Toyohara Kunichika/Kunichika_9489-µ¥▒µ╡╖ΘüôσÉìµëÇΣ╣ïσåà_πü╡πüíπéÖπüòπü»ΘüèΦíîσ»║.jpg	extracted
/Users/bear/Documents/CoWork/bear-textbooks/books/art/extracted/ARTZIP-20260801T011809Z-1-001/ARTZIP/R_181_Toyohara Kunichika.zip	R_181_Toyohara Kunichika/Kunichika_1846-01.jpg	/Users/bear/Documents/CoWork/bear-textbooks/books/art/extracted/extracted/ARTZIP-20260801T011809Z-1-001/ARTZIP/R_181_Toyohara Kunichika/R_181_Toyohara Kunichika/Kunichika_1846-01.jpg	extracted
/Users/bear/Documents/CoWork/bear-textbooks/books/art/extracted/ARTZIP-20260801T011809Z-1-001/ARTZIP/R_181_Toyohara Kunichika.zip	R_181_Toyohara Kunichika/Kunichika_061_Σ┐│σä¬σ¢úµëçτö╗.jpg	/Users/bear/Documents/CoWork/bear-textbooks/books/art/extracted/extracted/ARTZIP-20260801T011809Z-1-001/ARTZIP/R_181_Toyohara Kunichika/R_181_Toyohara Kunichika/Kunichika_061_Σ┐│σä¬σ¢úµëçτö╗.jpg	extracted
/Users/bear/Documents/CoWork/bear-textbooks/books/art/extracted/ARTZIP-20260801T011809Z-1-001/ARTZIP/R_181_Toyohara Kunichika.zip	R_181_Toyohara Kunichika/Kunichika_9471-II-µ¥▒µ╡╖ΘüôσÉìµëÇΣ╣ïσåà_Φè¥σóùΣ╕èσ»║.jpg	/Users/bear/Documents/CoWork/bear-textbooks/books/art/extracted/extracted/ARTZIP-20260801T011809Z-1-001/ARTZIP/R_181_Toyohara Kunichika/R_181_Toyohara Kunichika/Kunichika_9471-II-µ¥▒µ╡╖ΘüôσÉìµëÇΣ╣ïσåà_Φè¥σóùΣ╕èσ»║.jpg	extracted
/Users/bear/Documents/CoWork/bear-textbooks/books/art/extracted/ARTZIP-20260801T011809Z-1-001/ARTZIP/R_181_Toyohara Kunichika.zip	R_181_Toyohara Kunichika/Kunichika_32_cmb.jpg	/Users/bear/Documents/CoWork/bear-textbooks/books/art/extracted/extracted/ARTZIP-20260801T011809Z-1-001/ARTZIP/R_181_Toyohara Kunichika/R_181_Toyohara Kunichika/Kunichika_32_cmb.jpg	extracted
/Users/bear/Documents/CoWork/bear-textbooks/books/art/extracted/ARTZIP-20260801T011809Z-1-001/ARTZIP/R_181_Toyohara Kunichika.zip	R_181_Toyohara Kunichika/Kunichika_9480-II-µ¥▒µ╡╖Θüô_Θê┤πé▒µú«-µûçΣ╣à3.jpg	/Users/bear/Documents/CoWork/bear-textbooks/books/art/extracted/extracted/ARTZIP-20260801T011809Z-1-001/ARTZIP/R_181_Toyohara Kunichika/R_181_Toyohara Kunichika/Kunichika_9480-II-µ¥▒µ╡╖Θüô_Θê┤πé▒µú«-µûçΣ╣à3.jpg	extracted
/Users/bear/Documents/CoWork/bear-textbooks/books/art/extracted/ARTZIP-20260801T011809Z-1-001/ARTZIP/R_181_Toyohara Kunichika.zip	R_181_Toyohara Kunichika/Kunichika_9520-µ¥▒µ╡╖Θüô_ΦìÆΣ║ò.jpg	/Users/bear/Documents/CoWork/bear-textbooks/books/art/extracted/extracted/ARTZIP-20260801T011809Z-1-001/ARTZIP/R_181_Toyohara Kunichika/R_181_Toyohara Kunichika/Kunichika_9520-µ¥▒µ╡╖Θüô_ΦìÆΣ║ò.jpg	extracted
/Users/bear/Documents/CoWork/bear-textbooks/books/art/extracted/ARTZIP-20260801T011809Z-1-001/ARTZIP/R_181_Toyohara Kunichika.zip	R_181_Toyohara Kunichika/Kunichika_149_Σ┐│σä¬σ¢úµëçτö╗.jpg	/Users/bear/Documents/CoWork/bear-textbooks/books/art/extracted/extracted/ARTZIP-20260801T011809Z-1-001/ARTZIP/R_181_Toyohara Kunichika/R_181_Toyohara Kunichika/Kunichika_149_Σ┐│σä¬σ¢úµëçτö╗.jpg	extracted
/Users/bear/Documents/CoWork/bear-textbooks/books/art/extracted/ARTZIP-20260801T011809Z-1-001/ARTZIP/R_181_Toyohara Kunichika.zip	R_181_Toyohara Kunichika/Kunichika_9566-µ¥▒µ╡╖ΘüôΣ╣ïσåà_ΦùñΣ╣ïµ¥£Φ╡░Θª¼-µûçΣ╣à3.jpg	/Users/bear/Documents/CoWork/bear-textbooks/books/art/extracted/extracted/ARTZIP-20260801T011809Z-1-001/ARTZIP/R_181_Toyohara Kunichika/R_181_Toyohara Kunichika/Kunichika_9566-µ¥▒µ╡╖ΘüôΣ╣ïσåà_ΦùñΣ╣ïµ¥£Φ╡░Θª¼-µûçΣ╣à3.jpg	extracted
/Users/bear/Documents/CoWork/bear-textbooks/books/art/extracted/ARTZIP-20260801T011809Z-1-001/ARTZIP/R_181_Toyohara Kunichika.zip	R_181_Toyohara Kunichika/Kunichika_40_cmb.jpg	/Users/bear/Documents/CoWork/bear-textbooks/books/art/extracted/extracted/ARTZIP-20260801T011809Z-1-001/ARTZIP/R_181_Toyohara Kunichika/R_181_Toyohara Kunichika/Kunichika_40_cmb.jpg	extracted
/Users/bear/Documents/CoWork/bear-textbooks/books/art/extracted/ARTZIP-20260801T011809Z-1-001/ARTZIP/R_181_Toyohara Kunichika.zip	R_181_Toyohara Kunichika/Kunichika_7680_03_µ¥▒µ╡╖ΘüôΣ║öσìüΣ╕ëµ¼íΣ╣ïσåàΦê╣µ⌐ïµÄ¢µ╕íΦíîσêùΣ╣ïσ¢│-µûçΣ╣à3.jpg	/Users/bear/Documents/CoWork/bear-textbooks/books/art/extracted/extracted/ARTZIP-20260801T011809Z-1-001/ARTZIP/R_181_Toyohara Kunichika/R_181_Toyohara Kunichika/Kunichika_7680_03_µ¥▒µ╡╖ΘüôΣ║öσìüΣ╕ëµ¼íΣ╣ïσåàΦê╣µ⌐ïµÄ¢µ╕íΦíîσêùΣ╣ïσ¢│-µûçΣ╣à3.jpg	extracted
/Users/bear/Documents/CoWork/bear-textbooks/books/art/extracted/ARTZIP-20260801T011809Z-1-001/ARTZIP/R_181_Toyohara Kunichika.zip	R_181_Toyohara Kunichika/Kunichika_9487-µ¥▒µ╡╖ΘüôσÉìµëÇΣ╣ïσåà_σ¢¢πâäΦ░╖-µûçΣ╣à3.jpg	/Users/bear/Documents/CoWork/bear-textbooks/books/art/extracted/extracted/ARTZIP-20260801T011809Z-1-001/ARTZIP/R_181_Toyohara Kunichika/R_181_Toyohara Kunichika/Kunichika_9487-µ¥▒µ╡╖ΘüôσÉìµëÇΣ╣ïσåà_σ¢¢πâäΦ░╖-µûçΣ╣à3.jpg	extracted
/Users/bear/Documents/CoWork/bear-textbooks/books/art/extracted/ARTZIP-20260801T011809Z-1-001/ARTZIP/R_181_Toyohara Kunichika.zip	R_181_Toyohara Kunichika/Kunichika_9551-µ¥▒µ╡╖ΘüôσÉìµëÇΣ╣ïσåà_µ╖Çσ╖¥.jpg	/Users/bear/Documents/CoWork/bear-textbooks/books/art/extracted/extracted/ARTZIP-20260801T011809Z-1-001/ARTZIP/R_181_Toyohara Kunichika/R_181_Toyohara Kunichika/Kunichika_9551-µ¥▒µ╡╖ΘüôσÉìµëÇΣ╣ïσåà_µ╖Çσ╖¥.jpg	extracted
/Users/bear/Documents/CoWork/bear-textbooks/books/art/extracted/ARTZIP-20260801T011809Z-1-001/ARTZIP/R_181_Toyohara Kunichika.zip	R_181_Toyohara Kunichika/Kunichika_3303_σ╜ôσïóΣ╕ëσìüΣ║îµâ│_Θó¿πüïπéÖπü╗πüùτ¢╕-µÿÄµ▓╗1.jpg	/Users/bear/Documents/CoWork/bear-textbooks/books/art/extracted/extracted/ARTZIP-20260801T011809Z-1-001/ARTZIP/R_181_Toyohara Kunichika/R_181_Toyohara Kunichika/Kunichika_3303_σ╜ôσïóΣ╕ëσìüΣ║îµâ│_Θó¿πüïπéÖπü╗πüùτ¢╕-µÿÄµ▓╗1.jpg	extracted
/Users/bear/Documents/CoWork/bear-textbooks/books/art/extracted/ARTZIP-20260801T011809Z-1-001/ARTZIP/R_181_Toyohara Kunichika.zip	R_181_Toyohara Kunichika/Kunichika_2149.jpg	/Users/bear/Documents/CoWork/bear-textbooks/books/art/extracted/extracted/ARTZIP-20260801T011809Z-1-001/ARTZIP/R_181_Toyohara Kunichika/R_181_Toyohara Kunichika/Kunichika_2149.jpg	extracted
/Users/bear/Documents/CoWork/bear-textbooks/books/art/extracted/ARTZIP-20260801T011809Z-1-001/ARTZIP/R_181_Toyohara Kunichika.zip	R_181_Toyohara Kunichika/Kunichika_9539-µ¥▒µ╡╖Θüô_Σ║Çσ▒▒-µûçΣ╣à3.jpg	/Users/bear/Documents/CoWork/bear-textbooks/books/art/extracted/extracted/ARTZIP-20260801T011809Z-1-001/ARTZIP/R_181_Toyohara Kunichika/R_181_Toyohara Kunichika/Kunichika_9539-µ¥▒µ╡╖Θüô_Σ║Çσ▒▒-µûçΣ╣à3.jpg	extracted
/Users/bear/Documents/CoWork/bear-textbooks/books/art/extracted/ARTZIP-20260801T011809Z-1-001/ARTZIP/R_181_Toyohara Kunichika.zip	R_181_Toyohara Kunichika/Kunichika_9568-µ¥▒µ╡╖ΘüôσÉìµëÇΣ╣ïσåà_σ░Åσñ£Σ╕¡σ▒▒-µûçΣ╣à3.jpg	/Users/bear/Documents/CoWork/bear-textbooks/books/art/extracted/extracted/ARTZIP-20260801T011809Z-1-001/ARTZIP/R_181_Toyohara Kunichika/R_181_Toyohara Kunichika/Kunichika_9568-µ¥▒µ╡╖ΘüôσÉìµëÇΣ╣ïσåà_σ░Åσñ£Σ╕¡σ▒▒-µûçΣ╣à3.jpg	extracted
/Users/bear/Documents/CoWork/bear-textbooks/books/art/extracted/ARTZIP-20260801T011809Z-1-001/ARTZIP/R_181_Toyohara Kunichika.zip	R_181_Toyohara Kunichika/Kunichika_ 3.jpg	/Users/bear/Documents/CoWork/bear-textbooks/books/art/extracted/extracted/ARTZIP-20260801T011809Z-1-001/ARTZIP/R_181_Toyohara Kunichika/R_181_Toyohara Kunichika/Kunichika_ 3.jpg	extracted
/Users/bear/Documents/CoWork/bear-textbooks/books/art/extracted/ARTZIP-20260801T011809Z-1-001/ARTZIP/R_181_Toyohara Kunichika.zip	R_181_Toyohara Kunichika/Kunichika_2148.jpg	/Users/bear/Documents/CoWork/bear-textbooks/books/art/extracted/extracted/ARTZIP-20260801T011809Z-1-001/ARTZIP/R_181_Toyohara Kunichika/R_181_Toyohara Kunichika/Kunichika_2148.jpg	extracted
/Users/bear/Documents/CoWork/bear-textbooks/books/art/extracted/ARTZIP-20260801T011809Z-1-001/ARTZIP/R_181_Toyohara Kunichika.zip	R_181_Toyohara Kunichika/Kunichika_38-01.jpg	/Users/bear/Documents/CoWork/bear-textbooks/books/art/extracted/extracted/ARTZIP-20260801T011809Z-1-001/ARTZIP/R_181_Toyohara Kunichika/R_181_Toyohara Kunichika/Kunichika_38-01.jpg	extracted
/Users/bear/Documents/CoWork/bear-textbooks/books/art/extracted/ARTZIP-20260801T011809Z-1-001/ARTZIP/R_181_Toyohara Kunichika.zip	R_181_Toyohara Kunichika/Kunichika_9534-µ¥▒µ╡╖ΘüôσÉìµëÇΣ╣ïσåà_σÉìσÅñσ▒ï.jpg	/Users/bear/Documents/CoWork/bear-textbooks/books/art/extracted/extracted/ARTZIP-20260801T011809Z-1-001/ARTZIP/R_181_Toyohara Kunichika/R_181_Toyohara Kunichika/Kunichika_9534-µ¥▒µ╡╖ΘüôσÉìµëÇΣ╣ïσåà_σÉìσÅñσ▒ï.jpg	extracted
/Users/bear/Documents/CoWork/bear-textbooks/books/art/extracted/ARTZIP-20260801T011809Z-1-001/ARTZIP/R_181_Toyohara Kunichika.zip	R_181_Toyohara Kunichika/Kunichika_9584-µ¥▒µ╡╖Θüô_σÉëσÄƒ.jpg	/Users/bear/Documents/CoWork/bear-textbooks/books/art/extracted/extracted/ARTZIP-20260801T011809Z-1-001/ARTZIP/R_181_Toyohara Kunichika/R_181_Toyohara Kunichika/Kunichika_9584-µ¥▒µ╡╖Θüô_σÉëσÄƒ.jpg	extracted
/Users/bear/Documents/CoWork/bear-textbooks/books/art/extracted/ARTZIP-20260801T011809Z-1-001/ARTZIP/R_181_Toyohara Kunichika.zip	R_181_Toyohara Kunichika/Actor_in_the_image_of_a_samurai.jpg	/Users/bear/Documents/CoWork/bear-textbooks/books/art/extracted/extracted/ARTZIP-20260801T011809Z-1-001/ARTZIP/R_181_Toyohara Kunichika/R_181_Toyohara Kunichika/Actor_in_the_image_of_a_samurai.jpg	extracted
/Users/bear/Documents/CoWork/bear-textbooks/books/art/extracted/ARTZIP-20260801T011809Z-1-001/ARTZIP/R_181_Toyohara Kunichika.zip	R_181_Toyohara Kunichika/Kunichika_1929_τ¢┤σè⌐µ¿⌐σà╡Φí¢_Σ╕¡µ¥æΣ╗▓Φö╡.jpg	/Users/bear/Documents/CoWork/bear-textbooks/books/art/extracted/extracted/ARTZIP-20260801T011809Z-1-001/ARTZIP/R_181_Toyohara Kunichika/R_181_Toyohara Kunichika/Kunichika_1929_τ¢┤σè⌐µ¿⌐σà╡Φí¢_Σ╕¡µ¥æΣ╗▓Φö╡.jpg	extracted
/Users/bear/Documents/CoWork/bear-textbooks/books/art/extracted/ARTZIP-20260801T011809Z-1-001/ARTZIP/R_181_Toyohara Kunichika.zip	R_181_Toyohara Kunichika/Kunichika_3326_µêÉπü▓πéÖπüùπéâΘºÆ_Σ╕¡µ¥æΦè¥τ┐½-σàâµ▓╗1.jpg	/Users/bear/Documents/CoWork/bear-textbooks/books/art/extracted/extracted/ARTZIP-20260801T011809Z-1-001/ARTZIP/R_181_Toyohara Kunichika/R_181_Toyohara Kunichika/Kunichika_3326_µêÉπü▓πéÖπüùπéâΘºÆ_Σ╕¡µ¥æΦè¥τ┐½-σàâµ▓╗1.jpg	extracted
/Users/bear/Documents/CoWork/bear-textbooks/books/art/extracted/ARTZIP-20260801T011809Z-1-001/ARTZIP/R_181_Toyohara Kunichika.zip	R_181_Toyohara Kunichika/Kunichika_3308_σ╜ôσïóΣ╕ëσìüΣ║îµâ│_σ»ÉπéÇπüƒτ¢╕-µÿÄµ▓╗1.jpg	/Users/bear/Documents/CoWork/bear-textbooks/books/art/extracted/extracted/ARTZIP-20260801T011809Z-1-001/ARTZIP/R_181_Toyohara Kunichika/R_181_Toyohara Kunichika/Kunichika_3308_σ╜ôσïóΣ╕ëσìüΣ║îµâ│_σ»ÉπéÇπüƒτ¢╕-µÿÄµ▓╗1.jpg	extracted
/Users/bear/Documents/CoWork/bear-textbooks/books/art/extracted/ARTZIP-20260801T011809Z-1-001/ARTZIP/R_181_Toyohara Kunichika.zip	R_181_Toyohara Kunichika/Kunichika_9481-II-µ¥▒µ╡╖ΘüôσÉìµëÇΣ╣ïσåà_ΘÄîσÇëΘçæµ▓ó.jpg	/Users/bear/Documents/CoWork/bear-textbooks/books/art/extracted/extracted/ARTZIP-20260801T011809Z-1-001/ARTZIP/R_181_Toyohara Kunichika/R_181_Toyohara Kunichika/Kunichika_9481-II-µ¥▒µ╡╖ΘüôσÉìµëÇΣ╣ïσåà_ΘÄîσÇëΘçæµ▓ó.jpg	extracted
/Users/bear/Documents/CoWork/bear-textbooks/books/art/extracted/ARTZIP-20260801T011809Z-1-001/ARTZIP/R_181_Toyohara Kunichika.zip	R_181_Toyohara Kunichika/Kunichika_3327_πü¬πüªπéÖπüùπüôµ¿⌐_µ▓│σÄƒσ┤Äµ¿⌐σìüΘâÄ-σàâµ▓╗1.jpg	/Users/bear/Documents/CoWork/bear-textbooks/books/art/extracted/extracted/ARTZIP-20260801T011809Z-1-001/ARTZIP/R_181_Toyohara Kunichika/R_181_Toyohara Kunichika/Kunichika_3327_πü¬πüªπéÖπüùπüôµ¿⌐_µ▓│σÄƒσ┤Äµ¿⌐σìüΘâÄ-σàâµ▓╗1.jpg	extracted
/Users/bear/Documents/CoWork/bear-textbooks/books/art/extracted/ARTZIP-20260801T011809Z-1-001/ARTZIP/R_181_Toyohara Kunichika.zip	R_181_Toyohara Kunichika/Kunichika_34-01.jpg	/Users/bear/Documents/CoWork/bear-textbooks/books/art/extracted/extracted/ARTZIP-20260801T011809Z-1-001/ARTZIP/R_181_Toyohara Kunichika/R_181_Toyohara Kunichika/Kunichika_34-01.jpg	extracted
/Users/bear/Documents/CoWork/bear-textbooks/books/art/extracted/ARTZIP-20260801T011809Z-1-001/ARTZIP/R_181_Toyohara Kunichika.zip	R_181_Toyohara Kunichika/Kunichika_9511-µ¥▒µ╡╖ΘüôσÉìµëÇΣ╣ïσåà_σ«çµ┤ÑΦ░╖σ│á-µûçΣ╣à3.jpg	/Users/bear/Documents/CoWork/bear-textbooks/books/art/extracted/extracted/ARTZIP-20260801T011809Z-1-001/ARTZIP/R_181_Toyohara Kunichika/R_181_Toyohara Kunichika/Kunichika_9511-µ¥▒µ╡╖ΘüôσÉìµëÇΣ╣ïσåà_σ«çµ┤ÑΦ░╖σ│á-µûçΣ╣à3.jpg	extracted
/Users/bear/Documents/CoWork/bear-textbooks/books/art/extracted/ARTZIP-20260801T011809Z-1-001/ARTZIP/R_181_Toyohara Kunichika.zip	R_181_Toyohara Kunichika/Kunichika_7604_03_σ╜ôΣ╕ûτ╛ÄσÑ│Σ║öΣ║║µÅâ.jpg	/Users/bear/Documents/CoWork/bear-textbooks/books/art/extracted/extracted/ARTZIP-20260801T011809Z-1-001/ARTZIP/R_181_Toyohara Kunichika/R_181_Toyohara Kunichika/Kunichika_7604_03_σ╜ôΣ╕ûτ╛ÄσÑ│Σ║öΣ║║µÅâ.jpg	extracted
/Users/bear/Documents/CoWork/bear-textbooks/books/art/extracted/ARTZIP-20260801T011809Z-1-001/ARTZIP/R_181_Toyohara Kunichika.zip	R_181_Toyohara Kunichika/Kunichika_2634_µ£¥πüìπéèσ│╢Φö╡_σ╕éσ╖¥Σ╣¥Φö╡πâ╗Σ╕Çπü╡πüùπéÖΣ╗üσñ¬ΘâÄ-µà╢σ┐£2-cmb.jpg	/Users/bear/Documents/CoWork/bear-textbooks/books/art/extracted/extracted/ARTZIP-20260801T011809Z-1-001/ARTZIP/R_181_Toyohara Kunichika/R_181_Toyohara Kunichika/Kunichika_2634_µ£¥πüìπéèσ│╢Φö╡_σ╕éσ╖¥Σ╣¥Φö╡πâ╗Σ╕Çπü╡πüùπéÖΣ╗üσñ¬ΘâÄ-µà╢σ┐£2-cmb.jpg	extracted
/Users/bear/Documents/CoWork/bear-textbooks/books/art/extracted/ARTZIP-20260801T011809Z-1-001/ARTZIP/R_181_Toyohara Kunichika.zip	R_181_Toyohara Kunichika/Kunichika_9597-µ¥▒µ╡╖ΘüôσÉìµëÇΣ╣ïσåà_σ╛íΦâ╜µï¥Φªïµÿ╝τò¬-µûçΣ╣à3.jpg	/Users/bear/Documents/CoWork/bear-textbooks/books/art/extracted/extracted/ARTZIP-20260801T011809Z-1-001/ARTZIP/R_181_Toyohara Kunichika/R_181_Toyohara Kunichika/Kunichika_9597-µ¥▒µ╡╖ΘüôσÉìµëÇΣ╣ïσåà_σ╛íΦâ╜µï¥Φªïµÿ╝τò¬-µûçΣ╣à3.jpg	extracted
/Users/bear/Documents/CoWork/bear-textbooks/books/art/extracted/ARTZIP-20260801T011809Z-1-001/ARTZIP/R_181_Toyohara Kunichika.zip	R_181_Toyohara Kunichika/Kunichika_9470-µ¥▒µ╡╖ΘüôσÉìµëÇΘó¿µÖ»_τ¢«Θî▓.jpg	/Users/bear/Documents/CoWork/bear-textbooks/books/art/extracted/extracted/ARTZIP-20260801T011809Z-1-001/ARTZIP/R_181_Toyohara Kunichika/R_181_Toyohara Kunichika/Kunichika_9470-µ¥▒µ╡╖ΘüôσÉìµëÇΘó¿µÖ»_τ¢«Θî▓.jpg	extracted
/Users/bear/Documents/CoWork/bear-textbooks/books/art/extracted/ARTZIP-20260801T011809Z-1-001/ARTZIP/R_181_Toyohara Kunichika.zip	R_181_Toyohara Kunichika/Kunichika_9598-µ¥▒µ╡╖ΘüôσÉìµëÇΣ╣ïσåà_σ╛íΦâ╜µï¥ΦªïΣ╣ïσ¢│-µûçΣ╣à3.jpg	/Users/bear/Documents/CoWork/bear-textbooks/books/art/extracted/extracted/ARTZIP-20260801T011809Z-1-001/ARTZIP/R_181_Toyohara Kunichika/R_181_Toyohara Kunichika/Kunichika_9598-µ¥▒µ╡╖ΘüôσÉìµëÇΣ╣ïσåà_σ╛íΦâ╜µï¥ΦªïΣ╣ïσ¢│-µûçΣ╣à3.jpg	extracted
/Users/bear/Documents/CoWork/bear-textbooks/books/art/extracted/ARTZIP-20260801T011809Z-1-001/ARTZIP/R_181_Toyohara Kunichika.zip	R_181_Toyohara Kunichika/Kunichika_9596-II-µ¥▒µ╡╖ΘüôσÉìµëÇΣ╣ïσåà_µ¥▒Θâ╜µò░σ»äσ▒ïµ▓│σ▓╕.jpg	/Users/bear/Documents/CoWork/bear-textbooks/books/art/extracted/extracted/ARTZIP-20260801T011809Z-1-001/ARTZIP/R_181_Toyohara Kunichika/R_181_Toyohara Kunichika/Kunichika_9596-II-µ¥▒µ╡╖ΘüôσÉìµëÇΣ╣ïσåà_µ¥▒Θâ╜µò░σ»äσ▒ïµ▓│σ▓╕.jpg	extracted
/Users/bear/Documents/CoWork/bear-textbooks/books/art/extracted/ARTZIP-20260801T011809Z-1-001/ARTZIP/R_181_Toyohara Kunichika.zip	R_181_Toyohara Kunichika/Kunichika_082_Σ┐│σä¬σ¢úµëçτö╗.jpg	/Users/bear/Documents/CoWork/bear-textbooks/books/art/extracted/extracted/ARTZIP-20260801T011809Z-1-001/ARTZIP/R_181_Toyohara Kunichika/R_181_Toyohara Kunichika/Kunichika_082_Σ┐│σä¬σ¢úµëçτö╗.jpg	extracted
/Users/bear/Documents/CoWork/bear-textbooks/books/art/extracted/ARTZIP-20260801T011809Z-1-001/ARTZIP/R_181_Toyohara Kunichika.zip	R_181_Toyohara Kunichika/Kunichika_9558-µ¥▒µ╡╖ΘüôσÉìµëÇΣ╣ïσåà_µ╖▒Φìëπü«Θçî-µûçΣ╣à3.jpg	/Users/bear/Documents/CoWork/bear-textbooks/books/art/extracted/extracted/ARTZIP-20260801T011809Z-1-001/ARTZIP/R_181_Toyohara Kunichika/R_181_Toyohara Kunichika/Kunichika_9558-µ¥▒µ╡╖ΘüôσÉìµëÇΣ╣ïσåà_µ╖▒Φìëπü«Θçî-µûçΣ╣à3.jpg	extracted
/Users/bear/Documents/CoWork/bear-textbooks/books/art/extracted/ARTZIP-20260801T011809Z-1-001/ARTZIP/R_181_Toyohara Kunichika.zip	R_181_Toyohara Kunichika/Kunichika_9515-µ¥▒µ╡╖Θüô_σ╢ïτö░.jpg	/Users/bear/Documents/CoWork/bear-textbooks/books/art/extracted/extracted/ARTZIP-20260801T011809Z-1-001/ARTZIP/R_181_Toyohara Kunichika/R_181_Toyohara Kunichika/Kunichika_9515-µ¥▒µ╡╖Θüô_σ╢ïτö░.jpg	extracted
/Users/bear/Documents/CoWork/bear-textbooks/books/art/extracted/ARTZIP-20260801T011809Z-1-001/ARTZIP/R_181_Toyohara Kunichika.zip	R_181_Toyohara Kunichika/Kunichika_9590-µ¥▒µ╡╖Θüô_τÑ₧σÉìσ╖¥.jpg	/Users/bear/Documents/CoWork/bear-textbooks/books/art/extracted/extracted/ARTZIP-20260801T011809Z-1-001/ARTZIP/R_181_Toyohara Kunichika/R_181_Toyohara Kunichika/Kunichika_9590-µ¥▒µ╡╖Θüô_τÑ₧σÉìσ╖¥.jpg	extracted
/Users/bear/Documents/CoWork/bear-textbooks/books/art/extracted/ARTZIP-20260801T011809Z-1-001/ARTZIP/R_181_Toyohara Kunichika.zip	R_181_Toyohara Kunichika/Kunichika_1844-01.jpg	/Users/bear/Documents/CoWork/bear-textbooks/books/art/extracted/extracted/ARTZIP-20260801T011809Z-1-001/ARTZIP/R_181_Toyohara Kunichika/R_181_Toyohara Kunichika/Kunichika_1844-01.jpg	extracted
/Users/bear/Documents/CoWork/bear-textbooks/books/art/extracted/ARTZIP-20260801T011809Z-1-001/ARTZIP/R_181_Toyohara Kunichika.zip	R_181_Toyohara Kunichika/Kunichika_41_cmb.jpg	/Users/bear/Documents/CoWork/bear-textbooks/books/art/extracted/extracted/ARTZIP-20260801T011809Z-1-001/ARTZIP/R_181_Toyohara Kunichika/R_181_Toyohara Kunichika/Kunichika_41_cmb.jpg	extracted
/Users/bear/Documents/CoWork/bear-textbooks/books/art/extracted/ARTZIP-20260801T011809Z-1-001/ARTZIP/R_181_Toyohara Kunichika.zip	R_181_Toyohara Kunichika/Kunichika_9499-µ¥▒µ╡╖ΘüôσÉìµëÇΣ╣ïσåà_τ«▒µá╣σ▒▒Σ╕¡τî¬τï⌐-µûçΣ╣à3.jpg	/Users/bear/Documents/CoWork/bear-textbooks/books/art/extracted/extracted/ARTZIP-20260801T011809Z-1-001/ARTZIP/R_181_Toyohara Kunichika/R_181_Toyohara Kunichika/Kunichika_9499-µ¥▒µ╡╖ΘüôσÉìµëÇΣ╣ïσåà_τ«▒µá╣σ▒▒Σ╕¡τî¬τï⌐-µûçΣ╣à3.jpg	extracted
/Users/bear/Documents/CoWork/bear-textbooks/books/art/extracted/ARTZIP-20260801T011809Z-1-001/ARTZIP/R_181_Toyohara Kunichika.zip	R_181_Toyohara Kunichika/Kunichika_9506-µ¥▒µ╡╖Θüô_Φû⌐ΘÖÇσ│á-µûçΣ╣à3.jpg	/Users/bear/Documents/CoWork/bear-textbooks/books/art/extracted/extracted/ARTZIP-20260801T011809Z-1-001/ARTZIP/R_181_Toyohara Kunichika/R_181_Toyohara Kunichika/Kunichika_9506-µ¥▒µ╡╖Θüô_Φû⌐ΘÖÇσ│á-µûçΣ╣à3.jpg	extracted
/Users/bear/Documents/CoWork/bear-textbooks/books/art/extracted/ARTZIP-20260801T011809Z-1-001/ARTZIP/R_181_Toyohara Kunichika.zip	R_181_Toyohara Kunichika/Kunichika_2634_01_µ£¥πüìπéèσ│╢Φö╡_σ╕éσ╖¥Σ╣¥Φö╡πâ╗Σ╕Çπü╡πüùπéÖΣ╗üσñ¬ΘâÄ-µà╢σ┐£2.jpg	/Users/bear/Documents/CoWork/bear-textbooks/books/art/extracted/extracted/ARTZIP-20260801T011809Z-1-001/ARTZIP/R_181_Toyohara Kunichika/R_181_Toyohara Kunichika/Kunichika_2634_01_µ£¥πüìπéèσ│╢Φö╡_σ╕éσ╖¥Σ╣¥Φö╡πâ╗Σ╕Çπü╡πüùπéÖΣ╗üσñ¬ΘâÄ-µà╢σ┐£2.jpg	extracted
/Users/bear/Documents/CoWork/bear-textbooks/books/art/extracted/ARTZIP-20260801T011809Z-1-001/ARTZIP/R_181_Toyohara Kunichika.zip	R_181_Toyohara Kunichika/Kunichika_1412_03_σÉìσÅñσ▒ïσ▒▒Σ╕ë_µ▓óµ¥æΦ¿Ñσìçπâ╗Σ╕ìτá┤Σ╝┤σ╖ªΦí¢ΘûÇ_σ¥éµ¥▒σ╜ªΣ╕ëΘâÄπâ╗Σ╕ïΘâ¿Θ╣┐Φö╡_σ¥éµ¥▒σñ¬ΘâÄ-µà╢σ┐£3.jpg	/Users/bear/Documents/CoWork/bear-textbooks/books/art/extracted/extracted/ARTZIP-20260801T011809Z-1-001/ARTZIP/R_181_Toyohara Kunichika/R_181_Toyohara Kunichika/Kunichika_1412_03_σÉìσÅñσ▒ïσ▒▒Σ╕ë_µ▓óµ¥æΦ¿Ñσìçπâ╗Σ╕ìτá┤Σ╝┤σ╖ªΦí¢ΘûÇ_σ¥éµ¥▒σ╜ªΣ╕ëΘâÄπâ╗Σ╕ïΘâ¿Θ╣┐Φö╡_σ¥éµ¥▒σñ¬ΘâÄ-µà╢σ┐£3.jpg	extracted
/Users/bear/Documents/CoWork/bear-textbooks/books/art/extracted/ARTZIP-20260801T011809Z-1-001/ARTZIP/R_181_Toyohara Kunichika.zip	R_181_Toyohara Kunichika/Kunichika_36-01.jpg	/Users/bear/Documents/CoWork/bear-textbooks/books/art/extracted/extracted/ARTZIP-20260801T011809Z-1-001/ARTZIP/R_181_Toyohara Kunichika/R_181_Toyohara Kunichika/Kunichika_36-01.jpg	extracted
/Users/bear/Documents/CoWork/bear-textbooks/books/art/extracted/ARTZIP-20260801T011809Z-1-001/ARTZIP/R_181_Toyohara Kunichika.zip	R_181_Toyohara Kunichika/Kunichika_2636_πéåπüåσÑ│τÖ╜σÑ│_σ¥éµ¥▒Σ╕ëµ┤ÑΣ║öΘâÄπâ╗σ╛íµ¢╣σ¡Éτë¢ΦïÑΣ╕╕_µ▓óµ¥æΦ¿Ñσìçπâ╗τåèσ¥éΘò╖πü»πéô_Σ╕¡µ¥æΦè¥τ┐½-µÿÄµ▓╗1-cmb.jpg	/Users/bear/Documents/CoWork/bear-textbooks/books/art/extracted/extracted/ARTZIP-20260801T011809Z-1-001/ARTZIP/R_181_Toyohara Kunichika/R_181_Toyohara Kunichika/Kunichika_2636_πéåπüåσÑ│τÖ╜σÑ│_σ¥éµ¥▒Σ╕ëµ┤ÑΣ║öΘâÄπâ╗σ╛íµ¢╣σ¡Éτë¢ΦïÑΣ╕╕_µ▓óµ¥æΦ¿Ñσìçπâ╗τåèσ¥éΘò╖πü»πéô_Σ╕¡µ¥æΦè¥τ┐½-µÿÄµ▓╗1-cmb.jpg	extracted
/Users/bear/Documents/CoWork/bear-textbooks/books/art/extracted/ARTZIP-20260801T011809Z-1-001/ARTZIP/R_181_Toyohara Kunichika.zip	R_181_Toyohara Kunichika/Kunichika_3317_σ╜ôσïóΣ╕ëσìüΣ║îµâ│_µ░ùπüïπéÖπü¢πüìτ¢╕-µÿÄµ▓╗1.jpg	/Users/bear/Documents/CoWork/bear-textbooks/books/art/extracted/extracted/ARTZIP-20260801T011809Z-1-001/ARTZIP/R_181_Toyohara Kunichika/R_181_Toyohara Kunichika/Kunichika_3317_σ╜ôσïóΣ╕ëσìüΣ║îµâ│_µ░ùπüïπéÖπü¢πüìτ¢╕-µÿÄµ▓╗1.jpg	extracted
/Users/bear/Documents/CoWork/bear-textbooks/books/art/extracted/ARTZIP-20260801T011809Z-1-001/ARTZIP/R_181_Toyohara Kunichika.zip	R_181_Toyohara Kunichika/Kunichika_9544-µ¥▒µ╡╖ΘüôσÉìµëÇΣ╣ïσåà_τƒ│σ▒▒Σ╣ïτºïµ£ê-µûçΣ╣à3.jpg	/Users/bear/Documents/CoWork/bear-textbooks/books/art/extracted/extracted/ARTZIP-20260801T011809Z-1-001/ARTZIP/R_181_Toyohara Kunichika/R_181_Toyohara Kunichika/Kunichika_9544-µ¥▒µ╡╖ΘüôσÉìµëÇΣ╣ïσåà_τƒ│σ▒▒Σ╣ïτºïµ£ê-µûçΣ╣à3.jpg	extracted
/Users/bear/Documents/CoWork/bear-textbooks/books/art/extracted/ARTZIP-20260801T011809Z-1-001/ARTZIP/R_181_Toyohara Kunichika.zip	R_181_Toyohara Kunichika/Kunichika_3304_σ╜ôσïóΣ╕ëσìüΣ║îµâ│_Φªïπü¢πüƒτ¢╕.jpg	/Users/bear/Documents/CoWork/bear-textbooks/books/art/extracted/extracted/ARTZIP-20260801T011809Z-1-001/ARTZIP/R_181_Toyohara Kunichika/R_181_Toyohara Kunichika/Kunichika_3304_σ╜ôσïóΣ╕ëσìüΣ║îµâ│_Φªïπü¢πüƒτ¢╕.jpg	extracted
/Users/bear/Documents/CoWork/bear-textbooks/books/art/extracted/ARTZIP-20260801T011809Z-1-001/ARTZIP/R_181_Toyohara Kunichika.zip	R_181_Toyohara Kunichika/Kunichika_28-01.jpg	/Users/bear/Documents/CoWork/bear-textbooks/books/art/extracted/extracted/ARTZIP-20260801T011809Z-1-001/ARTZIP/R_181_Toyohara Kunichika/R_181_Toyohara Kunichika/Kunichika_28-01.jpg	extracted
/Users/bear/Documents/CoWork/bear-textbooks/books/art/extracted/ARTZIP-20260801T011809Z-1-001/ARTZIP/R_181_Toyohara Kunichika.zip	R_181_Toyohara Kunichika/Kunichika_9505-µ¥▒µ╡╖Θüô_Φêêµ┤Ñ-µûçΣ╣à3.jpg	/Users/bear/Documents/CoWork/bear-textbooks/books/art/extracted/extracted/ARTZIP-20260801T011809Z-1-001/ARTZIP/R_181_Toyohara Kunichika/R_181_Toyohara Kunichika/Kunichika_9505-µ¥▒µ╡╖Θüô_Φêêµ┤Ñ-µûçΣ╣à3.jpg	extracted
/Users/bear/Documents/CoWork/bear-textbooks/books/art/extracted/ARTZIP-20260801T011809Z-1-001/ARTZIP/R_181_Toyohara Kunichika.zip	R_181_Toyohara Kunichika/Kunichika_9478-µ¥▒µ╡╖Θüô_Θ½ÿτ╕äτë¢πüôπéÖσ▒ï-µûçΣ╣à3.jpg	/Users/bear/Documents/CoWork/bear-textbooks/books/art/extracted/extracted/ARTZIP-20260801T011809Z-1-001/ARTZIP/R_181_Toyohara Kunichika/R_181_Toyohara Kunichika/Kunichika_9478-µ¥▒µ╡╖Θüô_Θ½ÿτ╕äτë¢πüôπéÖσ▒ï-µûçΣ╣à3.jpg	extracted
/Users/bear/Documents/CoWork/bear-textbooks/books/art/extracted/ARTZIP-20260801T011809Z-1-001/ARTZIP/R_181_Toyohara Kunichika.zip	R_181_Toyohara Kunichika/Kunichika_9513-µ¥▒µ╡╖Θüô_ΘçæΦ░╖-µûçΣ╣à3.jpg	/Users/bear/Documents/CoWork/bear-textbooks/books/art/extracted/extracted/ARTZIP-20260801T011809Z-1-001/ARTZIP/R_181_Toyohara Kunichika/R_181_Toyohara Kunichika/Kunichika_9513-µ¥▒µ╡╖Θüô_ΘçæΦ░╖-µûçΣ╣à3.jpg	extracted
/Users/bear/Documents/CoWork/bear-textbooks/books/art/extracted/ARTZIP-20260801T011809Z-1-001/ARTZIP/R_181_Toyohara Kunichika.zip	R_181_Toyohara Kunichika/Ichikawa_Danjuro_IX_als_Kyumonryo_Shishin_Kyumonryo_Shishin_(titel_op_object)_Honderd_rollen_van_Ichikawa_Danjuro_IX.jpg	/Users/bear/Documents/CoWork/bear-textbooks/books/art/extracted/extracted/ARTZIP-20260801T011809Z-1-001/ARTZIP/R_181_Toyohara Kunichika/R_181_Toyohara Kunichika/Ichikawa_Danjuro_IX_als_Kyumonryo_Shishin_Kyumonryo_Shishin_(titel_op_object)_Honderd_rollen_van_Ichikawa_Danjuro_IX.jpg	extracted
/Users/bear/Documents/CoWork/bear-textbooks/books/art/extracted/ARTZIP-20260801T011809Z-1-001/ARTZIP/R_181_Toyohara Kunichika.zip	R_181_Toyohara Kunichika/Gatsu_kapsels_Gatsu_kamitsuki.jpg	/Users/bear/Documents/CoWork/bear-textbooks/books/art/extracted/extracted/ARTZIP-20260801T011809Z-1-001/ARTZIP/R_181_Toyohara Kunichika/R_181_Toyohara Kunichika/Gatsu_kapsels_Gatsu_kamitsuki.jpg	extracted
/Users/bear/Documents/CoWork/bear-textbooks/books/art/extracted/ARTZIP-20260801T011809Z-1-001/ARTZIP/R_181_Toyohara Kunichika.zip	R_181_Toyohara Kunichika/Kunichika_0630_Φ╕èσ╜óσ«╣µî».jpg	/Users/bear/Documents/CoWork/bear-textbooks/books/art/extracted/extracted/ARTZIP-20260801T011809Z-1-001/ARTZIP/R_181_Toyohara Kunichika/R_181_Toyohara Kunichika/Kunichika_0630_Φ╕èσ╜óσ«╣µî».jpg	extracted
/Users/bear/Documents/CoWork/bear-textbooks/books/art/extracted/ARTZIP-20260801T011809Z-1-001/ARTZIP/R_181_Toyohara Kunichika.zip	R_181_Toyohara Kunichika/Kunichika_142_Σ┐│σä¬σ¢úµëçτö╗.jpg	/Users/bear/Documents/CoWork/bear-textbooks/books/art/extracted/extracted/ARTZIP-20260801T011809Z-1-001/ARTZIP/R_181_Toyohara Kunichika/R_181_Toyohara Kunichika/Kunichika_142_Σ┐│σä¬σ¢úµëçτö╗.jpg	extracted
/Users/bear/Documents/CoWork/bear-textbooks/books/art/extracted/ARTZIP-20260801T011809Z-1-001/ARTZIP/R_181_Toyohara Kunichika.zip	R_181_Toyohara Kunichika/Kunichika_0608_σñºσàÑΦè¥σ▒àΣ┐│σä¬σÅîσà¡-µÿÄµ▓╗3.jpg	/Users/bear/Documents/CoWork/bear-textbooks/books/art/extracted/extracted/ARTZIP-20260801T011809Z-1-001/ARTZIP/R_181_Toyohara Kunichika/R_181_Toyohara Kunichika/Kunichika_0608_σñºσàÑΦè¥σ▒àΣ┐│σä¬σÅîσà¡-µÿÄµ▓╗3.jpg	extracted
/Users/bear/Documents/CoWork/bear-textbooks/books/art/extracted/ARTZIP-20260801T011809Z-1-001/ARTZIP/R_181_Toyohara Kunichika.zip	R_181_Toyohara Kunichika/Kunichika_9532-II-µ¥▒µ╡╖Θüô_σ£ƒσ▒▒-µûçΣ╣à3.jpg	/Users/bear/Documents/CoWork/bear-textbooks/books/art/extracted/extracted/ARTZIP-20260801T011809Z-1-001/ARTZIP/R_181_Toyohara Kunichika/R_181_Toyohara Kunichika/Kunichika_9532-II-µ¥▒µ╡╖Θüô_σ£ƒσ▒▒-µûçΣ╣à3.jpg	extracted
/Users/bear/Documents/CoWork/bear-textbooks/books/art/extracted/ARTZIP-20260801T011809Z-1-001/ARTZIP/R_181_Toyohara Kunichika.zip	R_181_Toyohara Kunichika/Kunichika_9572-µ¥▒µ╡╖ΘüôΣ╣ïσåà_Θûó-µûçΣ╣à3.jpg	/Users/bear/Documents/CoWork/bear-textbooks/books/art/extracted/extracted/ARTZIP-20260801T011809Z-1-001/ARTZIP/R_181_Toyohara Kunichika/R_181_Toyohara Kunichika/Kunichika_9572-µ¥▒µ╡╖ΘüôΣ╣ïσåà_Θûó-µûçΣ╣à3.jpg	extracted
/Users/bear/Documents/CoWork/bear-textbooks/books/art/extracted/ARTZIP-20260801T011809Z-1-001/ARTZIP/R_181_Toyohara Kunichika.zip	R_181_Toyohara Kunichika/Kunichika_9569-II-µ¥▒µ╡╖Θüô_σñºµ┤Ñ-µûçΣ╣à3.jpg	/Users/bear/Documents/CoWork/bear-textbooks/books/art/extracted/extracted/ARTZIP-20260801T011809Z-1-001/ARTZIP/R_181_Toyohara Kunichika/R_181_Toyohara Kunichika/Kunichika_9569-II-µ¥▒µ╡╖Θüô_σñºµ┤Ñ-µûçΣ╣à3.jpg	extracted
/Users/bear/Documents/CoWork/bear-textbooks/books/art/extracted/ARTZIP-20260801T011809Z-1-001/ARTZIP/R_181_Toyohara Kunichika.zip	R_181_Toyohara Kunichika/Kunichika_1412_02_σÉìσÅñσ▒ïσ▒▒Σ╕ë_µ▓óµ¥æΦ¿Ñσìçπâ╗Σ╕ìτá┤Σ╝┤σ╖ªΦí¢ΘûÇ_σ¥éµ¥▒σ╜ªΣ╕ëΘâÄπâ╗Σ╕ïΘâ¿Θ╣┐Φö╡_σ¥éµ¥▒σñ¬ΘâÄ-µà╢σ┐£3.jpg	/Users/bear/Documents/CoWork/bear-textbooks/books/art/extracted/extracted/ARTZIP-20260801T011809Z-1-001/ARTZIP/R_181_Toyohara Kunichika/R_181_Toyohara Kunichika/Kunichika_1412_02_σÉìσÅñσ▒ïσ▒▒Σ╕ë_µ▓óµ¥æΦ¿Ñσìçπâ╗Σ╕ìτá┤Σ╝┤σ╖ªΦí¢ΘûÇ_σ¥éµ¥▒σ╜ªΣ╕ëΘâÄπâ╗Σ╕ïΘâ¿Θ╣┐Φö╡_σ¥éµ¥▒σñ¬ΘâÄ-µà╢σ┐£3.jpg	extracted
/Users/bear/Documents/CoWork/bear-textbooks/books/art/extracted/ARTZIP-20260801T011809Z-1-001/ARTZIP/R_181_Toyohara Kunichika.zip	R_181_Toyohara Kunichika/Kunichika_3399_Θ╖▓πé▒µ╡£Θƒ│σÅ│Φí¢ΘûÇ.jpg	/Users/bear/Documents/CoWork/bear-textbooks/books/art/extracted/extracted/ARTZIP-20260801T011809Z-1-001/ARTZIP/R_181_Toyohara Kunichika/R_181_Toyohara Kunichika/Kunichika_3399_Θ╖▓πé▒µ╡£Θƒ│σÅ│Φí¢ΘûÇ.jpg	extracted
/Users/bear/Documents/CoWork/bear-textbooks/books/art/extracted/ARTZIP-20260801T011809Z-1-001/ARTZIP/R_181_Toyohara Kunichika.zip	R_181_Toyohara Kunichika/µ¥▒µ╡╖σ»äΦ½çΘƒ│σàÉΘñ¿.jpg	/Users/bear/Documents/CoWork/bear-textbooks/books/art/extracted/extracted/ARTZIP-20260801T011809Z-1-001/ARTZIP/R_181_Toyohara Kunichika/R_181_Toyohara Kunichika/µ¥▒µ╡╖σ»äΦ½çΘƒ│σàÉΘñ¿.jpg	extracted
/Users/bear/Documents/CoWork/bear-textbooks/books/art/extracted/ARTZIP-20260801T011809Z-1-001/ARTZIP/R_181_Toyohara Kunichika.zip	R_181_Toyohara Kunichika/Kunichika_9563-µ¥▒µ╡╖ΘüôΣ╣ïσåà_ΦùñΣ╣ïµ¥£Φ╡░Θª¼-µûçΣ╣à3.jpg	/Users/bear/Documents/CoWork/bear-textbooks/books/art/extracted/extracted/ARTZIP-20260801T011809Z-1-001/ARTZIP/R_181_Toyohara Kunichika/R_181_Toyohara Kunichika/Kunichika_9563-µ¥▒µ╡╖ΘüôΣ╣ïσåà_ΦùñΣ╣ïµ¥£Φ╡░Θª¼-µûçΣ╣à3.jpg	extracted
/Users/bear/Documents/CoWork/bear-textbooks/books/art/extracted/ARTZIP-20260801T011809Z-1-001/ARTZIP/R_181_Toyohara Kunichika.zip	R_181_Toyohara Kunichika/Kunichika_9592-µ¥▒µ╡╖Θüô_σôüσ╖¥.jpg	/Users/bear/Documents/CoWork/bear-textbooks/books/art/extracted/extracted/ARTZIP-20260801T011809Z-1-001/ARTZIP/R_181_Toyohara Kunichika/R_181_Toyohara Kunichika/Kunichika_9592-µ¥▒µ╡╖Θüô_σôüσ╖¥.jpg	extracted
/Users/bear/Documents/CoWork/bear-textbooks/books/art/extracted/ARTZIP-20260801T011809Z-1-001/ARTZIP/R_181_Toyohara Kunichika.zip	R_181_Toyohara Kunichika/Kunichika_1651_σ╜ôσïóΣ╕ëσìüΣ║îµâ│.jpg	/Users/bear/Documents/CoWork/bear-textbooks/books/art/extracted/extracted/ARTZIP-20260801T011809Z-1-001/ARTZIP/R_181_Toyohara Kunichika/R_181_Toyohara Kunichika/Kunichika_1651_σ╜ôσïóΣ╕ëσìüΣ║îµâ│.jpg	extracted
/Users/bear/Documents/CoWork/bear-textbooks/books/art/extracted/ARTZIP-20260801T011809Z-1-001/ARTZIP/R_181_Toyohara Kunichika.zip	R_181_Toyohara Kunichika/Kunichika_9486-µ¥▒µ╡╖Θüô_τÑ₧σÑêσ╖¥-µûçΣ╣à3.jpg	/Users/bear/Documents/CoWork/bear-textbooks/books/art/extracted/extracted/ARTZIP-20260801T011809Z-1-001/ARTZIP/R_181_Toyohara Kunichika/R_181_Toyohara Kunichika/Kunichika_9486-µ¥▒µ╡╖Θüô_τÑ₧σÑêσ╖¥-µûçΣ╣à3.jpg	extracted
/Users/bear/Documents/CoWork/bear-textbooks/books/art/extracted/ARTZIP-20260801T011809Z-1-001/ARTZIP/R_181_Toyohara Kunichika.zip	R_181_Toyohara Kunichika/Kunichika_2638_01_µ¡ªτö░σï¥Θá╝_µ▓óπéÇπéëΦ¿Ñσìçπâ╗σà½Θçìσ₧úσº½_µ▓óµ¥æτö░Σ╣ïσè⌐.jpg	/Users/bear/Documents/CoWork/bear-textbooks/books/art/extracted/extracted/ARTZIP-20260801T011809Z-1-001/ARTZIP/R_181_Toyohara Kunichika/R_181_Toyohara Kunichika/Kunichika_2638_01_µ¡ªτö░σï¥Θá╝_µ▓óπéÇπéëΦ¿Ñσìçπâ╗σà½Θçìσ₧úσº½_µ▓óµ¥æτö░Σ╣ïσè⌐.jpg	extracted
/Users/bear/Documents/CoWork/bear-textbooks/books/art/extracted/ARTZIP-20260801T011809Z-1-001/ARTZIP/R_181_Toyohara Kunichika.zip	R_181_Toyohara Kunichika/Kunichika_9495-µ¥▒µ╡╖ΘüôσÉìµëÇΣ╣ïσåà_σìùµ╣û-µûçΣ╣à3.jpg	/Users/bear/Documents/CoWork/bear-textbooks/books/art/extracted/extracted/ARTZIP-20260801T011809Z-1-001/ARTZIP/R_181_Toyohara Kunichika/R_181_Toyohara Kunichika/Kunichika_9495-µ¥▒µ╡╖ΘüôσÉìµëÇΣ╣ïσåà_σìùµ╣û-µûçΣ╣à3.jpg	extracted
/Users/bear/Documents/CoWork/bear-textbooks/books/art/extracted/ARTZIP-20260801T011809Z-1-001/ARTZIP/R_181_Toyohara Kunichika.zip	R_181_Toyohara Kunichika/Kunichika_0613_σ«ÖΣ╣ùσ»┐Φ¬₧σà¡-µÿÄµ▓╗1.jpg	/Users/bear/Documents/CoWork/bear-textbooks/books/art/extracted/extracted/ARTZIP-20260801T011809Z-1-001/ARTZIP/R_181_Toyohara Kunichika/R_181_Toyohara Kunichika/Kunichika_0613_σ«ÖΣ╣ùσ»┐Φ¬₧σà¡-µÿÄµ▓╗1.jpg	extracted
/Users/bear/Documents/CoWork/bear-textbooks/books/art/extracted/ARTZIP-20260801T011809Z-1-001/ARTZIP/R_181_Toyohara Kunichika.zip	R_181_Toyohara Kunichika/Kunichika_28-03.jpg	/Users/bear/Documents/CoWork/bear-textbooks/books/art/extracted/extracted/ARTZIP-20260801T011809Z-1-001/ARTZIP/R_181_Toyohara Kunichika/R_181_Toyohara Kunichika/Kunichika_28-03.jpg	extracted
/Users/bear/Documents/CoWork/bear-textbooks/books/art/extracted/ARTZIP-20260801T011809Z-1-001/ARTZIP/R_181_Toyohara Kunichika.zip	R_181_Toyohara Kunichika/Kunichika_2631_03_πüƒπéÖπüäπüïπüÅπéÖπéë_µ▓óµ¥æΦ¿Ñσìçπâ╗Φè╕ΦÇàπüèπüìπü«_µ▓óµ¥æτö░Σ╣ïσè⌐πâ╗πü╛πéèπü▓πéìπüä_Σ╕¡µ¥æΦè¥τ┐½-σàâµ▓╗1.jpg	/Users/bear/Documents/CoWork/bear-textbooks/books/art/extracted/extracted/ARTZIP-20260801T011809Z-1-001/ARTZIP/R_181_Toyohara Kunichika/R_181_Toyohara Kunichika/Kunichika_2631_03_πüƒπéÖπüäπüïπüÅπéÖπéë_µ▓óµ¥æΦ¿Ñσìçπâ╗Φè╕ΦÇàπüèπüìπü«_µ▓óµ¥æτö░Σ╣ïσè⌐πâ╗πü╛πéèπü▓πéìπüä_Σ╕¡µ¥æΦè¥τ┐½-σàâµ▓╗1.jpg	extracted
/Users/bear/Documents/CoWork/bear-textbooks/books/art/extracted/ARTZIP-20260801T011809Z-1-001/ARTZIP/R_181_Toyohara Kunichika.zip	R_181_Toyohara Kunichika/Kunichika_9595-µ¥▒µ╡╖ΘüôΣ╣ïσåà_Σ║¼Θâ╜σ╛íσç║τ½ï.jpg	/Users/bear/Documents/CoWork/bear-textbooks/books/art/extracted/extracted/ARTZIP-20260801T011809Z-1-001/ARTZIP/R_181_Toyohara Kunichika/R_181_Toyohara Kunichika/Kunichika_9595-µ¥▒µ╡╖ΘüôΣ╣ïσåà_Σ║¼Θâ╜σ╛íσç║τ½ï.jpg	extracted
/Users/bear/Documents/CoWork/bear-textbooks/books/art/extracted/ARTZIP-20260801T011809Z-1-001/ARTZIP/R_181_Toyohara Kunichika.zip	R_181_Toyohara Kunichika/Kunichika_9577-µ¥▒µ╡╖Θüô_σ╛íµ▓╣-µûçΣ╣à3.jpg	/Users/bear/Documents/CoWork/bear-textbooks/books/art/extracted/extracted/ARTZIP-20260801T011809Z-1-001/ARTZIP/R_181_Toyohara Kunichika/R_181_Toyohara Kunichika/Kunichika_9577-µ¥▒µ╡╖Θüô_σ╛íµ▓╣-µûçΣ╣à3.jpg	extracted
/Users/bear/Documents/CoWork/bear-textbooks/books/art/extracted/ARTZIP-20260801T011809Z-1-001/ARTZIP/R_181_Toyohara Kunichika.zip	R_181_Toyohara Kunichika/Genji_Excursion_to_Enoshima_Island.jpg	/Users/bear/Documents/CoWork/bear-textbooks/books/art/extracted/extracted/ARTZIP-20260801T011809Z-1-001/ARTZIP/R_181_Toyohara Kunichika/R_181_Toyohara Kunichika/Genji_Excursion_to_Enoshima_Island.jpg	extracted
/Users/bear/Documents/CoWork/bear-textbooks/books/art/extracted/ARTZIP-20260801T011809Z-1-001/ARTZIP/R_181_Toyohara Kunichika.zip	R_181_Toyohara Kunichika/Kunichika_36-03.jpg	/Users/bear/Documents/CoWork/bear-textbooks/books/art/extracted/extracted/ARTZIP-20260801T011809Z-1-001/ARTZIP/R_181_Toyohara Kunichika/R_181_Toyohara Kunichika/Kunichika_36-03.jpg	extracted
/Users/bear/Documents/CoWork/bear-textbooks/books/art/extracted/ARTZIP-20260801T011809Z-1-001/ARTZIP/R_181_Toyohara Kunichika.zip	R_181_Toyohara Kunichika/Kunichika_1844-02.jpg	/Users/bear/Documents/CoWork/bear-textbooks/books/art/extracted/extracted/ARTZIP-20260801T011809Z-1-001/ARTZIP/R_181_Toyohara Kunichika/R_181_Toyohara Kunichika/Kunichika_1844-02.jpg	extracted
/Users/bear/Documents/CoWork/bear-textbooks/books/art/extracted/ARTZIP-20260801T011809Z-1-001/ARTZIP/R_181_Toyohara Kunichika.zip	R_181_Toyohara Kunichika/Kunichika_1844-03.jpg	/Users/bear/Documents/CoWork/bear-textbooks/books/art/extracted/extracted/ARTZIP-20260801T011809Z-1-001/ARTZIP/R_181_Toyohara Kunichika/R_181_Toyohara Kunichika/Kunichika_1844-03.jpg	extracted
/Users/bear/Documents/CoWork/bear-textbooks/books/art/extracted/ARTZIP-20260801T011809Z-1-001/ARTZIP/R_181_Toyohara Kunichika.zip	R_181_Toyohara Kunichika/Kunichika_36-02.jpg	/Users/bear/Documents/CoWork/bear-textbooks/books/art/extracted/extracted/ARTZIP-20260801T011809Z-1-001/ARTZIP/R_181_Toyohara Kunichika/R_181_Toyohara Kunichika/Kunichika_36-02.jpg	extracted
/Users/bear/Documents/CoWork/bear-textbooks/books/art/extracted/ARTZIP-20260801T011809Z-1-001/ARTZIP/R_181_Toyohara Kunichika.zip	R_181_Toyohara Kunichika/Kunichika_9560-µ¥▒µ╡╖Θüô_Φùñµ₧¥-µûçΣ╣à3.jpg	/Users/bear/Documents/CoWork/bear-textbooks/books/art/extracted/extracted/ARTZIP-20260801T011809Z-1-001/ARTZIP/R_181_Toyohara Kunichika/R_181_Toyohara Kunichika/Kunichika_9560-µ¥▒µ╡╖Θüô_Φùñµ₧¥-µûçΣ╣à3.jpg	extracted
/Users/bear/Documents/CoWork/bear-textbooks/books/art/extracted/ARTZIP-20260801T011809Z-1-001/ARTZIP/R_181_Toyohara Kunichika.zip	R_181_Toyohara Kunichika/Kunichika_1843_cmb.jpg	/Users/bear/Documents/CoWork/bear-textbooks/books/art/extracted/extracted/ARTZIP-20260801T011809Z-1-001/ARTZIP/R_181_Toyohara Kunichika/R_181_Toyohara Kunichika/Kunichika_1843_cmb.jpg	extracted
/Users/bear/Documents/CoWork/bear-textbooks/books/art/extracted/ARTZIP-20260801T011809Z-1-001/ARTZIP/R_181_Toyohara Kunichika.zip	R_181_Toyohara Kunichika/Kunichika_28-02.jpg	/Users/bear/Documents/CoWork/bear-textbooks/books/art/extracted/extracted/ARTZIP-20260801T011809Z-1-001/ARTZIP/R_181_Toyohara Kunichika/R_181_Toyohara Kunichika/Kunichika_28-02.jpg	extracted
/Users/bear/Documents/CoWork/bear-textbooks/books/art/extracted/ARTZIP-20260801T011809Z-1-001/ARTZIP/R_181_Toyohara Kunichika.zip	R_181_Toyohara Kunichika/Kunichika_067_Σ┐│σä¬σ¢úµëçτö╗.jpg	/Users/bear/Documents/CoWork/bear-textbooks/books/art/extracted/extracted/ARTZIP-20260801T011809Z-1-001/ARTZIP/R_181_Toyohara Kunichika/R_181_Toyohara Kunichika/Kunichika_067_Σ┐│σä¬σ¢úµëçτö╗.jpg	extracted
/Users/bear/Documents/CoWork/bear-textbooks/books/art/extracted/ARTZIP-20260801T011809Z-1-001/ARTZIP/R_181_Toyohara Kunichika.zip	R_181_Toyohara Kunichika/Kunichika_9583-µ¥▒µ╡╖Θüô_µ▓╝µ┤Ñ.jpg	/Users/bear/Documents/CoWork/bear-textbooks/books/art/extracted/extracted/ARTZIP-20260801T011809Z-1-001/ARTZIP/R_181_Toyohara Kunichika/R_181_Toyohara Kunichika/Kunichika_9583-µ¥▒µ╡╖Θüô_µ▓╝µ┤Ñ.jpg	extracted
/Users/bear/Documents/CoWork/bear-textbooks/books/art/extracted/ARTZIP-20260801T011809Z-1-001/ARTZIP/R_181_Toyohara Kunichika.zip	R_181_Toyohara Kunichika/Ichikawa_Danjuro_IX_als_Soga_no_Goro_Soga_no_Goro_(titel_op_object)_Honderd_rollen_van_Ichikawa_Danjuro_IX.jpg	/Users/bear/Documents/CoWork/bear-textbooks/books/art/extracted/extracted/ARTZIP-20260801T011809Z-1-001/ARTZIP/R_181_Toyohara Kunichika/R_181_Toyohara Kunichika/Ichikawa_Danjuro_IX_als_Soga_no_Goro_Soga_no_Goro_(titel_op_object)_Honderd_rollen_van_Ichikawa_Danjuro_IX.jpg	extracted
/Users/bear/Documents/CoWork/bear-textbooks/books/art/extracted/ARTZIP-20260801T011809Z-1-001/ARTZIP/R_181_Toyohara Kunichika.zip	R_181_Toyohara Kunichika/Kunichika_9564-II-µ¥▒µ╡╖ΘüôσÉìµëÇΣ╣ïσåà_Σ║¼µ╕àµ░┤σ»║-µûçΣ╣à3.jpg	/Users/bear/Documents/CoWork/bear-textbooks/books/art/extracted/extracted/ARTZIP-20260801T011809Z-1-001/ARTZIP/R_181_Toyohara Kunichika/R_181_Toyohara Kunichika/Kunichika_9564-II-µ¥▒µ╡╖ΘüôσÉìµëÇΣ╣ïσåà_Σ║¼µ╕àµ░┤σ»║-µûçΣ╣à3.jpg	extracted
/Users/bear/Documents/CoWork/bear-textbooks/books/art/extracted/ARTZIP-20260801T011809Z-1-001/ARTZIP/R_181_Toyohara Kunichika.zip	R_181_Toyohara Kunichika/Kunichika_9523-II-µ¥▒µ╡╖Θüô_Φ╡ñσ¥é.jpg	/Users/bear/Documents/CoWork/bear-textbooks/books/art/extracted/extracted/ARTZIP-20260801T011809Z-1-001/ARTZIP/R_181_Toyohara Kunichika/R_181_Toyohara Kunichika/Kunichika_9523-II-µ¥▒µ╡╖Θüô_Φ╡ñσ¥é.jpg	extracted
/Users/bear/Documents/CoWork/bear-textbooks/books/art/extracted/ARTZIP-20260801T011809Z-1-001/ARTZIP/R_181_Toyohara Kunichika.zip	R_181_Toyohara Kunichika/Kunichika_43128.jpg	/Users/bear/Documents/CoWork/bear-textbooks/books/art/extracted/extracted/ARTZIP-20260801T011809Z-1-001/ARTZIP/R_181_Toyohara Kunichika/R_181_Toyohara Kunichika/Kunichika_43128.jpg	extracted
/Users/bear/Documents/CoWork/bear-textbooks/books/art/extracted/ARTZIP-20260801T011809Z-1-001/ARTZIP/R_181_Toyohara Kunichika.zip	R_181_Toyohara Kunichika/Kunichika_9591-µ¥▒µ╡╖Θüô_µ╡¬Φè▒σñ⌐Σ┐¥σ▒▒-µûçΣ╣à3.jpg	/Users/bear/Documents/CoWork/bear-textbooks/books/art/extracted/extracted/ARTZIP-20260801T011809Z-1-001/ARTZIP/R_181_Toyohara Kunichika/R_181_Toyohara Kunichika/Kunichika_9591-µ¥▒µ╡╖Θüô_µ╡¬Φè▒σñ⌐Σ┐¥σ▒▒-µûçΣ╣à3.jpg	extracted
/Users/bear/Documents/CoWork/bear-textbooks/books/art/extracted/ARTZIP-20260801T011809Z-1-001/ARTZIP/R_181_Toyohara Kunichika.zip	R_181_Toyohara Kunichika/Kunichika_9538-µ¥▒µ╡╖Θüô_σ£ƒσ▒▒Θê┤πé▒σ▒▒σ¥éπâÄΣ╕ï-µûçΣ╣à3.jpg	/Users/bear/Documents/CoWork/bear-textbooks/books/art/extracted/extracted/ARTZIP-20260801T011809Z-1-001/ARTZIP/R_181_Toyohara Kunichika/R_181_Toyohara Kunichika/Kunichika_9538-µ¥▒µ╡╖Θüô_σ£ƒσ▒▒Θê┤πé▒σ▒▒σ¥éπâÄΣ╕ï-µûçΣ╣à3.jpg	extracted
/Users/bear/Documents/CoWork/bear-textbooks/books/art/extracted/ARTZIP-20260801T011809Z-1-001/ARTZIP/R_181_Toyohara Kunichika.zip	R_181_Toyohara Kunichika/Kunichika_9578-µ¥▒µ╡╖ΘüôσÉìµëÇΣ╣ïσåà_τ⌐┤Θ│⌐σà½σ╣í.jpg	/Users/bear/Documents/CoWork/bear-textbooks/books/art/extracted/extracted/ARTZIP-20260801T011809Z-1-001/ARTZIP/R_181_Toyohara Kunichika/R_181_Toyohara Kunichika/Kunichika_9578-µ¥▒µ╡╖ΘüôσÉìµëÇΣ╣ïσåà_τ⌐┤Θ│⌐σà½σ╣í.jpg	extracted
/Users/bear/Documents/CoWork/bear-textbooks/books/art/extracted/ARTZIP-20260801T011809Z-1-001/ARTZIP/R_181_Toyohara Kunichika.zip	R_181_Toyohara Kunichika/Kunichika_1964_01_µÑ╜σ▒ïσñºΦ⌐òσêñ-µÿÄµ▓╗1.jpg	/Users/bear/Documents/CoWork/bear-textbooks/books/art/extracted/extracted/ARTZIP-20260801T011809Z-1-001/ARTZIP/R_181_Toyohara Kunichika/R_181_Toyohara Kunichika/Kunichika_1964_01_µÑ╜σ▒ïσñºΦ⌐òσêñ-µÿÄµ▓╗1.jpg	extracted
/Users/bear/Documents/CoWork/bear-textbooks/books/art/extracted/ARTZIP-20260801T011809Z-1-001/ARTZIP/R_181_Toyohara Kunichika.zip	R_181_Toyohara Kunichika/Kunichika_3207-µ¥▒Θâ╜Σ╕ëσìüσà¡µÖ»Σ╣ïσåà_Σ╕íσ¢╜-µûçΣ╣à3.jpg	/Users/bear/Documents/CoWork/bear-textbooks/books/art/extracted/extracted/ARTZIP-20260801T011809Z-1-001/ARTZIP/R_181_Toyohara Kunichika/R_181_Toyohara Kunichika/Kunichika_3207-µ¥▒Θâ╜Σ╕ëσìüσà¡µÖ»Σ╣ïσåà_Σ╕íσ¢╜-µûçΣ╣à3.jpg	extracted
/Users/bear/Documents/CoWork/bear-textbooks/books/art/extracted/ARTZIP-20260801T011809Z-1-001/ARTZIP/R_181_Toyohara Kunichika.zip	R_181_Toyohara Kunichika/Kunichika_145_Σ┐│σä¬σ¢úµëçτö╗.jpg	/Users/bear/Documents/CoWork/bear-textbooks/books/art/extracted/extracted/ARTZIP-20260801T011809Z-1-001/ARTZIP/R_181_Toyohara Kunichika/R_181_Toyohara Kunichika/Kunichika_145_Σ┐│σä¬σ¢úµëçτö╗.jpg	extracted
/Users/bear/Documents/CoWork/bear-textbooks/books/art/extracted/ARTZIP-20260801T011809Z-1-001/ARTZIP/R_181_Toyohara Kunichika.zip	R_181_Toyohara Kunichika/Kunichika_51563.jpg	/Users/bear/Documents/CoWork/bear-textbooks/books/art/extracted/extracted/ARTZIP-20260801T011809Z-1-001/ARTZIP/R_181_Toyohara Kunichika/R_181_Toyohara Kunichika/Kunichika_51563.jpg	extracted
/Users/bear/Documents/CoWork/bear-textbooks/books/art/extracted/ARTZIP-20260801T011809Z-1-001/ARTZIP/R_181_Toyohara Kunichika.zip	R_181_Toyohara Kunichika/Kunichika_ 20.jpg	/Users/bear/Documents/CoWork/bear-textbooks/books/art/extracted/extracted/ARTZIP-20260801T011809Z-1-001/ARTZIP/R_181_Toyohara Kunichika/R_181_Toyohara Kunichika/Kunichika_ 20.jpg	extracted
/Users/bear/Documents/CoWork/bear-textbooks/books/art/extracted/ARTZIP-20260801T011809Z-1-001/ARTZIP/R_181_Toyohara Kunichika.zip	R_181_Toyohara Kunichika/Kunichika_2592-unknown-τÑÉΘüô_Σ╕¡µ¥æσ«ùσìüΘâÄπâ╗τÖ╜ΦÅè_σ▓⌐Σ║òσìèσ¢¢ΘâÄ.jpg	/Users/bear/Documents/CoWork/bear-textbooks/books/art/extracted/extracted/ARTZIP-20260801T011809Z-1-001/ARTZIP/R_181_Toyohara Kunichika/R_181_Toyohara Kunichika/Kunichika_2592-unknown-τÑÉΘüô_Σ╕¡µ¥æσ«ùσìüΘâÄπâ╗τÖ╜ΦÅè_σ▓⌐Σ║òσìèσ¢¢ΘâÄ.jpg	extracted
/Users/bear/Documents/CoWork/bear-textbooks/books/art/extracted/ARTZIP-20260801T011809Z-1-001/ARTZIP/R_181_Toyohara Kunichika.zip	R_181_Toyohara Kunichika/Kunichika_2961_Φªïτ½ïσ╝üµà╢µÅâ_σÅ░τë⌐πü«µ╡ª_σ░╛Σ╕èΦÅèΣ║öΘâÄ-µÿÄµ▓╗5.jpg	/Users/bear/Documents/CoWork/bear-textbooks/books/art/extracted/extracted/ARTZIP-20260801T011809Z-1-001/ARTZIP/R_181_Toyohara Kunichika/R_181_Toyohara Kunichika/Kunichika_2961_Φªïτ½ïσ╝üµà╢µÅâ_σÅ░τë⌐πü«µ╡ª_σ░╛Σ╕èΦÅèΣ║öΘâÄ-µÿÄµ▓╗5.jpg	extracted
/Users/bear/Documents/CoWork/bear-textbooks/books/art/extracted/ARTZIP-20260801T011809Z-1-001/ARTZIP/R_181_Toyohara Kunichika.zip	R_181_Toyohara Kunichika/Kunichika_079_Σ┐│σä¬σ¢úµëçτö╗.jpg	/Users/bear/Documents/CoWork/bear-textbooks/books/art/extracted/extracted/ARTZIP-20260801T011809Z-1-001/ARTZIP/R_181_Toyohara Kunichika/R_181_Toyohara Kunichika/Kunichika_079_Σ┐│σä¬σ¢úµëçτö╗.jpg	extracted
/Users/bear/Documents/CoWork/bear-textbooks/books/art/extracted/ARTZIP-20260801T011809Z-1-001/ARTZIP/R_181_Toyohara Kunichika.zip	R_181_Toyohara Kunichika/Kunichika_2948_02_τö░ΦêÄσ¿ÿσ«ƒπâÅΣ╣¥σ░╛_µ▓óµ¥æτö░Σ╣ïσè⌐πâ╗Σ╕ëµ╡ªΣ╣ïσè⌐_σ¥éµ¥▒σ╜ªΣ╕ëΘâÄ.jpg	/Users/bear/Documents/CoWork/bear-textbooks/books/art/extracted/extracted/ARTZIP-20260801T011809Z-1-001/ARTZIP/R_181_Toyohara Kunichika/R_181_Toyohara Kunichika/Kunichika_2948_02_τö░ΦêÄσ¿ÿσ«ƒπâÅΣ╣¥σ░╛_µ▓óµ¥æτö░Σ╣ïσè⌐πâ╗Σ╕ëµ╡ªΣ╣ïσè⌐_σ¥éµ¥▒σ╜ªΣ╕ëΘâÄ.jpg	extracted
/Users/bear/Documents/CoWork/bear-textbooks/books/art/extracted/ARTZIP-20260801T011809Z-1-001/ARTZIP/R_181_Toyohara Kunichika.zip	R_181_Toyohara Kunichika/Kunichika_9541-µ¥▒µ╡╖ΘüôσÉìµëÇΣ╣ïσåà_σ▒▒σ┤Ä-µûçΣ╣à3.jpg	/Users/bear/Documents/CoWork/bear-textbooks/books/art/extracted/extracted/ARTZIP-20260801T011809Z-1-001/ARTZIP/R_181_Toyohara Kunichika/R_181_Toyohara Kunichika/Kunichika_9541-µ¥▒µ╡╖ΘüôσÉìµëÇΣ╣ïσåà_σ▒▒σ┤Ä-µûçΣ╣à3.jpg	extracted
/Users/bear/Documents/CoWork/bear-textbooks/books/art/extracted/ARTZIP-20260801T011809Z-1-001/ARTZIP/R_181_Toyohara Kunichika.zip	R_181_Toyohara Kunichika/Kunichika_32-01.jpg	/Users/bear/Documents/CoWork/bear-textbooks/books/art/extracted/extracted/ARTZIP-20260801T011809Z-1-001/ARTZIP/R_181_Toyohara Kunichika/R_181_Toyohara Kunichika/Kunichika_32-01.jpg	extracted
/Users/bear/Documents/CoWork/bear-textbooks/books/art/extracted/ARTZIP-20260801T011809Z-1-001/ARTZIP/R_181_Toyohara Kunichika.zip	R_181_Toyohara Kunichika/Kunichika_9575-II-µ¥▒µ╡╖Θüô_Θ₧áσ¡É.jpg	/Users/bear/Documents/CoWork/bear-textbooks/books/art/extracted/extracted/ARTZIP-20260801T011809Z-1-001/ARTZIP/R_181_Toyohara Kunichika/R_181_Toyohara Kunichika/Kunichika_9575-II-µ¥▒µ╡╖Θüô_Θ₧áσ¡É.jpg	extracted
/Users/bear/Documents/CoWork/bear-textbooks/books/art/extracted/ARTZIP-20260801T011809Z-1-001/ARTZIP/R_181_Toyohara Kunichika.zip	R_181_Toyohara Kunichika/Kunichika_151_Σ┐│σä¬σ¢úµëçτö╗.jpg	/Users/bear/Documents/CoWork/bear-textbooks/books/art/extracted/extracted/ARTZIP-20260801T011809Z-1-001/ARTZIP/R_181_Toyohara Kunichika/R_181_Toyohara Kunichika/Kunichika_151_Σ┐│σä¬σ¢úµëçτö╗.jpg	extracted
/Users/bear/Documents/CoWork/bear-textbooks/books/art/extracted/ARTZIP-20260801T011809Z-1-001/ARTZIP/R_181_Toyohara Kunichika.zip	R_181_Toyohara Kunichika/Kunichika_3302_σ╜ôσïóΣ╕ëσìüΣ║îµâ│_ΦêƒπüïπéÖπüéπüƒπéèτ¢╕-µÿÄµ▓╗1.jpg	/Users/bear/Documents/CoWork/bear-textbooks/books/art/extracted/extracted/ARTZIP-20260801T011809Z-1-001/ARTZIP/R_181_Toyohara Kunichika/R_181_Toyohara Kunichika/Kunichika_3302_σ╜ôσïóΣ╕ëσìüΣ║îµâ│_ΦêƒπüïπéÖπüéπüƒπéèτ¢╕-µÿÄµ▓╗1.jpg	extracted
/Users/bear/Documents/CoWork/bear-textbooks/books/art/extracted/ARTZIP-20260801T011809Z-1-001/ARTZIP/R_181_Toyohara Kunichika.zip	R_181_Toyohara Kunichika/Kunichika_1840-01.jpg	/Users/bear/Documents/CoWork/bear-textbooks/books/art/extracted/extracted/ARTZIP-20260801T011809Z-1-001/ARTZIP/R_181_Toyohara Kunichika/R_181_Toyohara Kunichika/Kunichika_1840-01.jpg	extracted
/Users/bear/Documents/CoWork/bear-textbooks/books/art/extracted/ARTZIP-20260801T011809Z-1-001/ARTZIP/R_181_Toyohara Kunichika.zip	R_181_Toyohara Kunichika/Kunichika_9567-II-µ¥▒µ╡╖ΘüôσÉìµëÇΣ╣ïσåà_Σ║¼σ╡Éσ▒▒-µûçΣ╣à3.jpg	/Users/bear/Documents/CoWork/bear-textbooks/books/art/extracted/extracted/ARTZIP-20260801T011809Z-1-001/ARTZIP/R_181_Toyohara Kunichika/R_181_Toyohara Kunichika/Kunichika_9567-II-µ¥▒µ╡╖ΘüôσÉìµëÇΣ╣ïσåà_Σ║¼σ╡Éσ▒▒-µûçΣ╣à3.jpg	extracted
/Users/bear/Documents/CoWork/bear-textbooks/books/art/extracted/ARTZIP-20260801T011809Z-1-001/ARTZIP/R_181_Toyohara Kunichika.zip	R_181_Toyohara Kunichika/De_reputatie_van_Sato_Masakiyo_Sato_Masakiyo_komei_no_zu.jpg	/Users/bear/Documents/CoWork/bear-textbooks/books/art/extracted/extracted/ARTZIP-20260801T011809Z-1-001/ARTZIP/R_181_Toyohara Kunichika/R_181_Toyohara Kunichika/De_reputatie_van_Sato_Masakiyo_Sato_Masakiyo_komei_no_zu.jpg	extracted
/Users/bear/Documents/CoWork/bear-textbooks/books/art/extracted/ARTZIP-20260801T011809Z-1-001/ARTZIP/R_181_Toyohara Kunichika.zip	R_181_Toyohara Kunichika/Kunichika_51562.jpg	/Users/bear/Documents/CoWork/bear-textbooks/books/art/extracted/extracted/ARTZIP-20260801T011809Z-1-001/ARTZIP/R_181_Toyohara Kunichika/R_181_Toyohara Kunichika/Kunichika_51562.jpg	extracted
/Users/bear/Documents/CoWork/bear-textbooks/books/art/extracted/ARTZIP-20260801T011809Z-1-001/ARTZIP/R_181_Toyohara Kunichika.zip	R_181_Toyohara Kunichika/Kunichika_9531-Utagawa_Yoshikata-µ¥▒µ╡╖Θüô_µíæσÉì.jpg	/Users/bear/Documents/CoWork/bear-textbooks/books/art/extracted/extracted/ARTZIP-20260801T011809Z-1-001/ARTZIP/R_181_Toyohara Kunichika/R_181_Toyohara Kunichika/Kunichika_9531-Utagawa_Yoshikata-µ¥▒µ╡╖Θüô_µíæσÉì.jpg	extracted
/Users/bear/Documents/CoWork/bear-textbooks/books/art/extracted/ARTZIP-20260801T011809Z-1-001/ARTZIP/R_181_Toyohara Kunichika.zip	R_181_Toyohara Kunichika/Kunichika_9527_µ¥▒µ╡╖Θüô_µ▒áΘ»ëΘ«Æ.jpg	/Users/bear/Documents/CoWork/bear-textbooks/books/art/extracted/extracted/ARTZIP-20260801T011809Z-1-001/ARTZIP/R_181_Toyohara Kunichika/R_181_Toyohara Kunichika/Kunichika_9527_µ¥▒µ╡╖Θüô_µ▒áΘ»ëΘ«Æ.jpg	extracted
/Users/bear/Documents/CoWork/bear-textbooks/books/art/extracted/ARTZIP-20260801T011809Z-1-001/ARTZIP/R_181_Toyohara Kunichika.zip	R_181_Toyohara Kunichika/Kunichika_058_Σ┐│σä¬σ¢úµëçτö╗.jpg	/Users/bear/Documents/CoWork/bear-textbooks/books/art/extracted/extracted/ARTZIP-20260801T011809Z-1-001/ARTZIP/R_181_Toyohara Kunichika/R_181_Toyohara Kunichika/Kunichika_058_Σ┐│σä¬σ¢úµëçτö╗.jpg	extracted
/Users/bear/Documents/CoWork/bear-textbooks/books/art/extracted/ARTZIP-20260801T011809Z-1-001/ARTZIP/R_181_Toyohara Kunichika.zip	R_181_Toyohara Kunichika/Kunichika_9540-µ¥▒µ╡╖Θüô_σ¥éπâÄΣ╕ï.jpg	/Users/bear/Documents/CoWork/bear-textbooks/books/art/extracted/extracted/ARTZIP-20260801T011809Z-1-001/ARTZIP/R_181_Toyohara Kunichika/R_181_Toyohara Kunichika/Kunichika_9540-µ¥▒µ╡╖Θüô_σ¥éπâÄΣ╕ï.jpg	extracted
/Users/bear/Documents/CoWork/bear-textbooks/books/art/extracted/ARTZIP-20260801T011809Z-1-001/ARTZIP/R_181_Toyohara Kunichika.zip	R_181_Toyohara Kunichika/Kunichika_148_Σ┐│σä¬σ¢úµëçτö╗.jpg	/Users/bear/Documents/CoWork/bear-textbooks/books/art/extracted/extracted/ARTZIP-20260801T011809Z-1-001/ARTZIP/R_181_Toyohara Kunichika/R_181_Toyohara Kunichika/Kunichika_148_Σ┐│σä¬σ¢úµëçτö╗.jpg	extracted
/Users/bear/Documents/CoWork/bear-textbooks/books/art/extracted/ARTZIP-20260801T011809Z-1-001/ARTZIP/R_181_Toyohara Kunichika.zip	R_181_Toyohara Kunichika/Kunichika_2632_01_σñòµ╢╝Φè▒τü½Φ│æ-µÿÄµ▓╗3.jpg	/Users/bear/Documents/CoWork/bear-textbooks/books/art/extracted/extracted/ARTZIP-20260801T011809Z-1-001/ARTZIP/R_181_Toyohara Kunichika/R_181_Toyohara Kunichika/Kunichika_2632_01_σñòµ╢╝Φè▒τü½Φ│æ-µÿÄµ▓╗3.jpg	extracted
/Users/bear/Documents/CoWork/bear-textbooks/books/art/extracted/ARTZIP-20260801T011809Z-1-001/ARTZIP/R_181_Toyohara Kunichika.zip	R_181_Toyohara Kunichika/Kunichika_51560.jpg	/Users/bear/Documents/CoWork/bear-textbooks/books/art/extracted/extracted/ARTZIP-20260801T011809Z-1-001/ARTZIP/R_181_Toyohara Kunichika/R_181_Toyohara Kunichika/Kunichika_51560.jpg	extracted
/Users/bear/Documents/CoWork/bear-textbooks/books/art/extracted/ARTZIP-20260801T011809Z-1-001/ARTZIP/R_181_Toyohara Kunichika.zip	R_181_Toyohara Kunichika/Kunichika_28_cmb.jpg	/Users/bear/Documents/CoWork/bear-textbooks/books/art/extracted/extracted/ARTZIP-20260801T011809Z-1-001/ARTZIP/R_181_Toyohara Kunichika/R_181_Toyohara Kunichika/Kunichika_28_cmb.jpg	extracted
/Users/bear/Documents/CoWork/bear-textbooks/books/art/extracted/ARTZIP-20260801T011809Z-1-001/ARTZIP/R_181_Toyohara Kunichika.zip	R_181_Toyohara Kunichika/Kunichika_9570-µ¥▒µ╡╖Θüô_τÇ¼τö░σöÉµ⌐ï-µûçΣ╣à3.jpg	/Users/bear/Documents/CoWork/bear-textbooks/books/art/extracted/extracted/ARTZIP-20260801T011809Z-1-001/ARTZIP/R_181_Toyohara Kunichika/R_181_Toyohara Kunichika/Kunichika_9570-µ¥▒µ╡╖Θüô_τÇ¼τö░σöÉµ⌐ï-µûçΣ╣à3.jpg	extracted
/Users/bear/Documents/CoWork/bear-textbooks/books/art/extracted/ARTZIP-20260801T011809Z-1-001/ARTZIP/R_181_Toyohara Kunichika.zip	R_181_Toyohara Kunichika/Kunichika_7680_µ¥▒µ╡╖ΘüôΣ║öσìüΣ╕ëµ¼íΣ╣ïσåàΦê╣µ⌐ïµÄ¢µ╕íΦíîσêùΣ╣ïσ¢│-µûçΣ╣à3-cmb.jpg	/Users/bear/Documents/CoWork/bear-textbooks/books/art/extracted/extracted/ARTZIP-20260801T011809Z-1-001/ARTZIP/R_181_Toyohara Kunichika/R_181_Toyohara Kunichika/Kunichika_7680_µ¥▒µ╡╖ΘüôΣ║öσìüΣ╕ëµ¼íΣ╣ïσåàΦê╣µ⌐ïµÄ¢µ╕íΦíîσêùΣ╣ïσ¢│-µûçΣ╣à3-cmb.jpg	extracted
/Users/bear/Documents/CoWork/bear-textbooks/books/art/extracted/ARTZIP-20260801T011809Z-1-001/ARTZIP/R_181_Toyohara Kunichika.zip	R_181_Toyohara Kunichika/Ichikawa_Danjuro_als_Kato_Kiyomasa_Kato_Kiyomasa_Ichikawa_Danjuro.jpg	/Users/bear/Documents/CoWork/bear-textbooks/books/art/extracted/extracted/ARTZIP-20260801T011809Z-1-001/ARTZIP/R_181_Toyohara Kunichika/R_181_Toyohara Kunichika/Ichikawa_Danjuro_als_Kato_Kiyomasa_Kato_Kiyomasa_Ichikawa_Danjuro.jpg	extracted
/Users/bear/Documents/CoWork/bear-textbooks/books/art/extracted/ARTZIP-20260801T011809Z-1-001/ARTZIP/R_181_Toyohara Kunichika.zip	R_181_Toyohara Kunichika/Kunichika_9585-µ¥▒µ╡╖ΘüôσÉìµëÇΣ╣ïσåà_Θ┤¿τ½ïµ▓ó-µûçΣ╣à3.jpg	/Users/bear/Documents/CoWork/bear-textbooks/books/art/extracted/extracted/ARTZIP-20260801T011809Z-1-001/ARTZIP/R_181_Toyohara Kunichika/R_181_Toyohara Kunichika/Kunichika_9585-µ¥▒µ╡╖ΘüôσÉìµëÇΣ╣ïσåà_Θ┤¿τ½ïµ▓ó-µûçΣ╣à3.jpg	extracted
/Users/bear/Documents/CoWork/bear-textbooks/books/art/extracted/ARTZIP-20260801T011809Z-1-001/ARTZIP/R_181_Toyohara Kunichika.zip	R_181_Toyohara Kunichika/Kunichika_9581-II-µ¥▒µ╡╖Θüô_ΦÆ▓σÄƒ.jpg	/Users/bear/Documents/CoWork/bear-textbooks/books/art/extracted/extracted/ARTZIP-20260801T011809Z-1-001/ARTZIP/R_181_Toyohara Kunichika/R_181_Toyohara Kunichika/Kunichika_9581-II-µ¥▒µ╡╖Θüô_ΦÆ▓σÄƒ.jpg	extracted
/Users/bear/Documents/CoWork/bear-textbooks/books/art/extracted/ARTZIP-20260801T011809Z-1-001/ARTZIP/R_181_Toyohara Kunichika.zip	R_181_Toyohara Kunichika/Kunichika_060_Σ┐│σä¬σ¢úµëçτö╗.jpg	/Users/bear/Documents/CoWork/bear-textbooks/books/art/extracted/extracted/ARTZIP-20260801T011809Z-1-001/ARTZIP/R_181_Toyohara Kunichika/R_181_Toyohara Kunichika/Kunichika_060_Σ┐│σä¬σ¢úµëçτö╗.jpg	extracted
/Users/bear/Documents/CoWork/bear-textbooks/books/art/extracted/ARTZIP-20260801T011809Z-1-001/ARTZIP/R_181_Toyohara Kunichika.zip	R_181_Toyohara Kunichika/Kunichika_1840-03.jpg	/Users/bear/Documents/CoWork/bear-textbooks/books/art/extracted/extracted/ARTZIP-20260801T011809Z-1-001/ARTZIP/R_181_Toyohara Kunichika/R_181_Toyohara Kunichika/Kunichika_1840-03.jpg	extracted
/Users/bear/Documents/CoWork/bear-textbooks/books/art/extracted/ARTZIP-20260801T011809Z-1-001/ARTZIP/R_181_Toyohara Kunichika.zip	R_181_Toyohara Kunichika/Kunichika_32-02.jpg	/Users/bear/Documents/CoWork/bear-textbooks/books/art/extracted/extracted/ARTZIP-20260801T011809Z-1-001/ARTZIP/R_181_Toyohara Kunichika/R_181_Toyohara Kunichika/Kunichika_32-02.jpg	extracted
/Users/bear/Documents/CoWork/bear-textbooks/books/art/extracted/ARTZIP-20260801T011809Z-1-001/ARTZIP/R_181_Toyohara Kunichika.zip	R_181_Toyohara Kunichika/Kunichika_9522-II-µ¥▒µ╡╖Θüô_σÉëτö░.jpg	/Users/bear/Documents/CoWork/bear-textbooks/books/art/extracted/extracted/ARTZIP-20260801T011809Z-1-001/ARTZIP/R_181_Toyohara Kunichika/R_181_Toyohara Kunichika/Kunichika_9522-II-µ¥▒µ╡╖Θüô_σÉëτö░.jpg	extracted
/Users/bear/Documents/CoWork/bear-textbooks/books/art/extracted/ARTZIP-20260801T011809Z-1-001/ARTZIP/R_181_Toyohara Kunichika.zip	R_181_Toyohara Kunichika/Kunichika_2676-unknown-πüäπüïπüæµ¥╛_σ░╛Σ╕èΦÅèΣ║öΘâÄ.jpg	/Users/bear/Documents/CoWork/bear-textbooks/books/art/extracted/extracted/ARTZIP-20260801T011809Z-1-001/ARTZIP/R_181_Toyohara Kunichika/R_181_Toyohara Kunichika/Kunichika_2676-unknown-πüäπüïπüæµ¥╛_σ░╛Σ╕èΦÅèΣ║öΘâÄ.jpg	extracted
/Users/bear/Documents/CoWork/bear-textbooks/books/art/extracted/ARTZIP-20260801T011809Z-1-001/ARTZIP/R_181_Toyohara Kunichika.zip	R_181_Toyohara Kunichika/Kunichika_7680_01_µ¥▒µ╡╖ΘüôΣ║öσìüΣ╕ëµ¼íΣ╣ïσåàΦê╣µ⌐ïµÄ¢µ╕íΦíîσêùΣ╣ïσ¢│-µûçΣ╣à3.jpg	/Users/bear/Documents/CoWork/bear-textbooks/books/art/extracted/extracted/ARTZIP-20260801T011809Z-1-001/ARTZIP/R_181_Toyohara Kunichika/R_181_Toyohara Kunichika/Kunichika_7680_01_µ¥▒µ╡╖ΘüôΣ║öσìüΣ╕ëµ¼íΣ╣ïσåàΦê╣µ⌐ïµÄ¢µ╕íΦíîσêùΣ╣ïσ¢│-µûçΣ╣à3.jpg	extracted
/Users/bear/Documents/CoWork/bear-textbooks/books/art/extracted/ARTZIP-20260801T011809Z-1-001/ARTZIP/R_181_Toyohara Kunichika.zip	R_181_Toyohara Kunichika/Kunichika_9514-µ¥▒µ╡╖Θüô_ΦªïΘÖä-µûçΣ╣à3.jpg	/Users/bear/Documents/CoWork/bear-textbooks/books/art/extracted/extracted/ARTZIP-20260801T011809Z-1-001/ARTZIP/R_181_Toyohara Kunichika/R_181_Toyohara Kunichika/Kunichika_9514-µ¥▒µ╡╖Θüô_ΦªïΘÖä-µûçΣ╣à3.jpg	extracted
/Users/bear/Documents/CoWork/bear-textbooks/books/art/extracted/ARTZIP-20260801T011809Z-1-001/ARTZIP/R_181_Toyohara Kunichika.zip	R_181_Toyohara Kunichika/Kunichika_85_01_µç╕τÜ┐σñóπü«µ╡äτæáτÆâ-σ«ëµö┐3.jpg	/Users/bear/Documents/CoWork/bear-textbooks/books/art/extracted/extracted/ARTZIP-20260801T011809Z-1-001/ARTZIP/R_181_Toyohara Kunichika/R_181_Toyohara Kunichika/Kunichika_85_01_µç╕τÜ┐σñóπü«µ╡äτæáτÆâ-σ«ëµö┐3.jpg	extracted
/Users/bear/Documents/CoWork/bear-textbooks/books/art/extracted/ARTZIP-20260801T011809Z-1-001/ARTZIP/R_181_Toyohara Kunichika.zip	R_181_Toyohara Kunichika/Kunichika_0626_πÇöσ╜╣ΦÇàΣ╝╝Θíöτ╡╡σÅîσà¡πÇò-µÿÄµ▓╗1.jpg	/Users/bear/Documents/CoWork/bear-textbooks/books/art/extracted/extracted/ARTZIP-20260801T011809Z-1-001/ARTZIP/R_181_Toyohara Kunichika/R_181_Toyohara Kunichika/Kunichika_0626_πÇöσ╜╣ΦÇàΣ╝╝Θíöτ╡╡σÅîσà¡πÇò-µÿÄµ▓╗1.jpg	extracted
/Users/bear/Documents/CoWork/bear-textbooks/books/art/extracted/ARTZIP-20260801T011809Z-1-001/ARTZIP/R_181_Toyohara Kunichika.zip	R_181_Toyohara Kunichika/Kunichika_2635_03_σ┐áΦçúΦö╡Σ║öµ«╡τ¢«πâ╗σ┐áΦçúΦö╡σ¢¢µ«╡τ¢«πâ╗σ┐áΦçúΦö╡πâÄΣ╕ëµ«╡τ¢«-µÿÄµ▓╗3.jpg	/Users/bear/Documents/CoWork/bear-textbooks/books/art/extracted/extracted/ARTZIP-20260801T011809Z-1-001/ARTZIP/R_181_Toyohara Kunichika/R_181_Toyohara Kunichika/Kunichika_2635_03_σ┐áΦçúΦö╡Σ║öµ«╡τ¢«πâ╗σ┐áΦçúΦö╡σ¢¢µ«╡τ¢«πâ╗σ┐áΦçúΦö╡πâÄΣ╕ëµ«╡τ¢«-µÿÄµ▓╗3.jpg	extracted
/Users/bear/Documents/CoWork/bear-textbooks/books/art/extracted/ARTZIP-20260801T011809Z-1-001/ARTZIP/R_181_Toyohara Kunichika.zip	R_181_Toyohara Kunichika/The_Tale_of_Genji.jpg	/Users/bear/Documents/CoWork/bear-textbooks/books/art/extracted/extracted/ARTZIP-20260801T011809Z-1-001/ARTZIP/R_181_Toyohara Kunichika/R_181_Toyohara Kunichika/The_Tale_of_Genji.jpg	extracted
/Users/bear/Documents/CoWork/bear-textbooks/books/art/extracted/ARTZIP-20260801T011809Z-1-001/ARTZIP/R_181_Toyohara Kunichika.zip	R_181_Toyohara Kunichika/Kunichika_32-03.jpg	/Users/bear/Documents/CoWork/bear-textbooks/books/art/extracted/extracted/ARTZIP-20260801T011809Z-1-001/ARTZIP/R_181_Toyohara Kunichika/R_181_Toyohara Kunichika/Kunichika_32-03.jpg	extracted
/Users/bear/Documents/CoWork/bear-textbooks/books/art/extracted/ARTZIP-20260801T011809Z-1-001/ARTZIP/R_181_Toyohara Kunichika.zip	R_181_Toyohara Kunichika/Kunichika_1840-02.jpg	/Users/bear/Documents/CoWork/bear-textbooks/books/art/extracted/extracted/ARTZIP-20260801T011809Z-1-001/ARTZIP/R_181_Toyohara Kunichika/R_181_Toyohara Kunichika/Kunichika_1840-02.jpg	extracted
/Users/bear/Documents/CoWork/bear-textbooks/books/art/extracted/ARTZIP-20260801T011809Z-1-001/ARTZIP/R_181_Toyohara Kunichika.zip	R_181_Toyohara Kunichika/Kunichika_Scene_in_a_villa.jpg	/Users/bear/Documents/CoWork/bear-textbooks/books/art/extracted/extracted/ARTZIP-20260801T011809Z-1-001/ARTZIP/R_181_Toyohara Kunichika/R_181_Toyohara Kunichika/Kunichika_Scene_in_a_villa.jpg	extracted
/Users/bear/Documents/CoWork/bear-textbooks/books/art/extracted/ARTZIP-20260801T011809Z-1-001/ARTZIP/R_181_Toyohara Kunichika.zip	R_181_Toyohara Kunichika/Hodogaya_Tokaido.jpg	/Users/bear/Documents/CoWork/bear-textbooks/books/art/extracted/extracted/ARTZIP-20260801T011809Z-1-001/ARTZIP/R_181_Toyohara Kunichika/R_181_Toyohara Kunichika/Hodogaya_Tokaido.jpg	extracted
/Users/bear/Documents/CoWork/bear-textbooks/books/art/extracted/ARTZIP-20260801T011809Z-1-001/ARTZIP/R_181_Toyohara Kunichika.zip	R_181_Toyohara Kunichika/Kunichika_9507-µ¥▒µ╡╖Θüô_µ╡£µ¥╛.jpg	/Users/bear/Documents/CoWork/bear-textbooks/books/art/extracted/extracted/ARTZIP-20260801T011809Z-1-001/ARTZIP/R_181_Toyohara Kunichika/R_181_Toyohara Kunichika/Kunichika_9507-µ¥▒µ╡╖Θüô_µ╡£µ¥╛.jpg	extracted
/Users/bear/Documents/CoWork/bear-textbooks/books/art/extracted/ARTZIP-20260801T011809Z-1-001/ARTZIP/R_181_Toyohara Kunichika.zip	R_181_Toyohara Kunichika/Kunichika_2632_σñòµ╢╝Φè▒τü½Φ│æ-µÿÄµ▓╗3-cmb.jpg	/Users/bear/Documents/CoWork/bear-textbooks/books/art/extracted/extracted/ARTZIP-20260801T011809Z-1-001/ARTZIP/R_181_Toyohara Kunichika/R_181_Toyohara Kunichika/Kunichika_2632_σñòµ╢╝Φè▒τü½Φ│æ-µÿÄµ▓╗3-cmb.jpg	extracted
/Users/bear/Documents/CoWork/bear-textbooks/books/art/extracted/ARTZIP-20260801T011809Z-1-001/ARTZIP/R_181_Toyohara Kunichika.zip	R_181_Toyohara Kunichika/Kunichika_51561.jpg	/Users/bear/Documents/CoWork/bear-textbooks/books/art/extracted/extracted/ARTZIP-20260801T011809Z-1-001/ARTZIP/R_181_Toyohara Kunichika/R_181_Toyohara Kunichika/Kunichika_51561.jpg	extracted
/Users/bear/Documents/CoWork/bear-textbooks/books/art/extracted/ARTZIP-20260801T011809Z-1-001/ARTZIP/R_181_Toyohara Kunichika.zip	R_181_Toyohara Kunichika/Kunichika_1851_cmb.jpg	/Users/bear/Documents/CoWork/bear-textbooks/books/art/extracted/extracted/ARTZIP-20260801T011809Z-1-001/ARTZIP/R_181_Toyohara Kunichika/R_181_Toyohara Kunichika/Kunichika_1851_cmb.jpg	extracted
/Users/bear/Documents/CoWork/bear-textbooks/books/art/extracted/ARTZIP-20260801T011809Z-1-001/ARTZIP/R_181_Toyohara Kunichika.zip	R_181_Toyohara Kunichika/Kunichika_9574-µ¥▒µ╡╖Θüô_σ¢¢µùÑσ╕é-µûçΣ╣à3.jpg	/Users/bear/Documents/CoWork/bear-textbooks/books/art/extracted/extracted/ARTZIP-20260801T011809Z-1-001/ARTZIP/R_181_Toyohara Kunichika/R_181_Toyohara Kunichika/Kunichika_9574-µ¥▒µ╡╖Θüô_σ¢¢µùÑσ╕é-µûçΣ╣à3.jpg	extracted
/Users/bear/Documents/CoWork/bear-textbooks/books/art/extracted/ARTZIP-20260801T011809Z-1-001/ARTZIP/R_181_Toyohara Kunichika.zip	R_181_Toyohara Kunichika/Kunichika_1841_cmb.jpg	/Users/bear/Documents/CoWork/bear-textbooks/books/art/extracted/extracted/ARTZIP-20260801T011809Z-1-001/ARTZIP/R_181_Toyohara Kunichika/R_181_Toyohara Kunichika/Kunichika_1841_cmb.jpg	extracted
/Users/bear/Documents/CoWork/bear-textbooks/books/art/extracted/ARTZIP-20260801T011809Z-1-001/ARTZIP/R_181_Toyohara Kunichika.zip	R_181_Toyohara Kunichika/Kunichika_2636_03_πéåπüåσÑ│τÖ╜σÑ│_σ¥éµ¥▒Σ╕ëµ┤ÑΣ║öΘâÄπâ╗σ╛íµ¢╣σ¡Éτë¢ΦïÑΣ╕╕_µ▓óµ¥æΦ¿Ñσìçπâ╗τåèσ¥éΘò╖πü»πéô_Σ╕¡µ¥æΦè¥τ┐½-µÿÄµ▓╗1.jpg	/Users/bear/Documents/CoWork/bear-textbooks/books/art/extracted/extracted/ARTZIP-20260801T011809Z-1-001/ARTZIP/R_181_Toyohara Kunichika/R_181_Toyohara Kunichika/Kunichika_2636_03_πéåπüåσÑ│τÖ╜σÑ│_σ¥éµ¥▒Σ╕ëµ┤ÑΣ║öΘâÄπâ╗σ╛íµ¢╣σ¡Éτë¢ΦïÑΣ╕╕_µ▓óµ¥æΦ¿Ñσìçπâ╗τåèσ¥éΘò╖πü»πéô_Σ╕¡µ¥æΦè¥τ┐½-µÿÄµ▓╗1.jpg	extracted
/Users/bear/Documents/CoWork/bear-textbooks/books/art/extracted/ARTZIP-20260801T011809Z-1-001/ARTZIP/R_181_Toyohara Kunichika.zip	R_181_Toyohara Kunichika/Kunichika_51559.jpg	/Users/bear/Documents/CoWork/bear-textbooks/books/art/extracted/extracted/ARTZIP-20260801T011809Z-1-001/ARTZIP/R_181_Toyohara Kunichika/R_181_Toyohara Kunichika/Kunichika_51559.jpg	extracted
/Users/bear/Documents/CoWork/bear-textbooks/books/art/extracted/ARTZIP-20260801T011809Z-1-001/ARTZIP/R_181_Toyohara Kunichika.zip	R_181_Toyohara Kunichika/Kunichika_9484-µ¥▒µ╡╖ΘüôΣ╣ïσåà_τöƒΘ║ª-µûçΣ╣à3.jpg	/Users/bear/Documents/CoWork/bear-textbooks/books/art/extracted/extracted/ARTZIP-20260801T011809Z-1-001/ARTZIP/R_181_Toyohara Kunichika/R_181_Toyohara Kunichika/Kunichika_9484-µ¥▒µ╡╖ΘüôΣ╣ïσåà_τöƒΘ║ª-µûçΣ╣à3.jpg	extracted
/Users/bear/Documents/CoWork/bear-textbooks/books/art/extracted/ARTZIP-20260801T011809Z-1-001/ARTZIP/R_181_Toyohara Kunichika.zip	R_181_Toyohara Kunichika/Kunichika_2632_02_σñòµ╢╝Φè▒τü½Φ│æ-µÿÄµ▓╗3.jpg	/Users/bear/Documents/CoWork/bear-textbooks/books/art/extracted/extracted/ARTZIP-20260801T011809Z-1-001/ARTZIP/R_181_Toyohara Kunichika/R_181_Toyohara Kunichika/Kunichika_2632_02_σñòµ╢╝Φè▒τü½Φ│æ-µÿÄµ▓╗3.jpg	extracted
/Users/bear/Documents/CoWork/bear-textbooks/books/art/extracted/ARTZIP-20260801T011809Z-1-001/ARTZIP/R_181_Toyohara Kunichika.zip	R_181_Toyohara Kunichika/Genji_Excursion_to_Enoshima _Island.jpg	/Users/bear/Documents/CoWork/bear-textbooks/books/art/extracted/extracted/ARTZIP-20260801T011809Z-1-001/ARTZIP/R_181_Toyohara Kunichika/R_181_Toyohara Kunichika/Genji_Excursion_to_Enoshima _Island.jpg	extracted
/Users/bear/Documents/CoWork/bear-textbooks/books/art/extracted/ARTZIP-20260801T011809Z-1-001/ARTZIP/R_181_Toyohara Kunichika.zip	R_181_Toyohara Kunichika/Kunichika_39_cmb.jpg	/Users/bear/Documents/CoWork/bear-textbooks/books/art/extracted/extracted/ARTZIP-20260801T011809Z-1-001/ARTZIP/R_181_Toyohara Kunichika/R_181_Toyohara Kunichika/Kunichika_39_cmb.jpg	extracted
/Users/bear/Documents/CoWork/bear-textbooks/books/art/extracted/ARTZIP-20260801T011809Z-1-001/ARTZIP/R_181_Toyohara Kunichika.zip	R_181_Toyohara Kunichika/Kunichika_9503-µ¥▒µ╡╖ΘüôσÉìµëÇΣ╣ïσåà_Θ½ÿσ╕½πâÄµ╡ª.jpg	/Users/bear/Documents/CoWork/bear-textbooks/books/art/extracted/extracted/ARTZIP-20260801T011809Z-1-001/ARTZIP/R_181_Toyohara Kunichika/R_181_Toyohara Kunichika/Kunichika_9503-µ¥▒µ╡╖ΘüôσÉìµëÇΣ╣ïσåà_Θ½ÿσ╕½πâÄµ╡ª.jpg	extracted
/Users/bear/Documents/CoWork/bear-textbooks/books/art/extracted/ARTZIP-20260801T011809Z-1-001/ARTZIP/R_181_Toyohara Kunichika.zip	R_181_Toyohara Kunichika/Kunichika_9587-µ¥▒µ╡╖ΘüôσÉìµëÇΣ╣ïσåà_Σ╝èσïóσñûσ««-µûçΣ╣à3.jpg	/Users/bear/Documents/CoWork/bear-textbooks/books/art/extracted/extracted/ARTZIP-20260801T011809Z-1-001/ARTZIP/R_181_Toyohara Kunichika/R_181_Toyohara Kunichika/Kunichika_9587-µ¥▒µ╡╖ΘüôσÉìµëÇΣ╣ïσåà_Σ╝èσïóσñûσ««-µûçΣ╣à3.jpg	extracted
/Users/bear/Documents/CoWork/bear-textbooks/books/art/extracted/ARTZIP-20260801T011809Z-1-001/ARTZIP/R_181_Toyohara Kunichika.zip	R_181_Toyohara Kunichika/Kunichika_1842-03.jpg	/Users/bear/Documents/CoWork/bear-textbooks/books/art/extracted/extracted/ARTZIP-20260801T011809Z-1-001/ARTZIP/R_181_Toyohara Kunichika/R_181_Toyohara Kunichika/Kunichika_1842-03.jpg	extracted
/Users/bear/Documents/CoWork/bear-textbooks/books/art/extracted/ARTZIP-20260801T011809Z-1-001/ARTZIP/R_181_Toyohara Kunichika.zip	R_181_Toyohara Kunichika/Kunichika-Kogiku-in-Saruwaka-Cho.jpg	/Users/bear/Documents/CoWork/bear-textbooks/books/art/extracted/extracted/ARTZIP-20260801T011809Z-1-001/ARTZIP/R_181_Toyohara Kunichika/R_181_Toyohara Kunichika/Kunichika-Kogiku-in-Saruwaka-Cho.jpg	extracted
/Users/bear/Documents/CoWork/bear-textbooks/books/art/extracted/ARTZIP-20260801T011809Z-1-001/ARTZIP/R_181_Toyohara Kunichika.zip	R_181_Toyohara Kunichika/Kunichika_2948_τö░ΦêÄσ¿ÿσ«ƒπâÅΣ╣¥σ░╛_µ▓óµ¥æτö░Σ╣ïσè⌐πâ╗Σ╕ëµ╡ªΣ╣ïσè⌐_σ¥éµ¥▒σ╜ªΣ╕ëΘâÄ-cmb.jpg	/Users/bear/Documents/CoWork/bear-textbooks/books/art/extracted/extracted/ARTZIP-20260801T011809Z-1-001/ARTZIP/R_181_Toyohara Kunichika/R_181_Toyohara Kunichika/Kunichika_2948_τö░ΦêÄσ¿ÿσ«ƒπâÅΣ╣¥σ░╛_µ▓óµ¥æτö░Σ╣ïσè⌐πâ╗Σ╕ëµ╡ªΣ╣ïσè⌐_σ¥éµ¥▒σ╜ªΣ╕ëΘâÄ-cmb.jpg	extracted
/Users/bear/Documents/CoWork/bear-textbooks/books/art/extracted/ARTZIP-20260801T011809Z-1-001/ARTZIP/R_181_Toyohara Kunichika.zip	R_181_Toyohara Kunichika/Kunichika_41-02.jpg	/Users/bear/Documents/CoWork/bear-textbooks/books/art/extracted/extracted/ARTZIP-20260801T011809Z-1-001/ARTZIP/R_181_Toyohara Kunichika/R_181_Toyohara Kunichika/Kunichika_41-02.jpg	extracted
/Users/bear/Documents/CoWork/bear-textbooks/books/art/extracted/ARTZIP-20260801T011809Z-1-001/ARTZIP/R_181_Toyohara Kunichika.zip	R_181_Toyohara Kunichika/Kunichika_3323_Θƒ│τ╛╜σ▒ïµ╗¥_σ¥éµ¥▒σ╜ªΣ╕ëΘâÄ-σàâµ▓╗1.jpg	/Users/bear/Documents/CoWork/bear-textbooks/books/art/extracted/extracted/ARTZIP-20260801T011809Z-1-001/ARTZIP/R_181_Toyohara Kunichika/R_181_Toyohara Kunichika/Kunichika_3323_Θƒ│τ╛╜σ▒ïµ╗¥_σ¥éµ¥▒σ╜ªΣ╕ëΘâÄ-σàâµ▓╗1.jpg	extracted
/Users/bear/Documents/CoWork/bear-textbooks/books/art/extracted/ARTZIP-20260801T011809Z-1-001/ARTZIP/R_181_Toyohara Kunichika.zip	R_181_Toyohara Kunichika/Kunichika_9491-µ¥▒µ╡╖ΘüôσÉìµëÇΣ╣ïσåà_τå▒τö░Σ╕Çπü«Θ│Ñσ▒à.jpg	/Users/bear/Documents/CoWork/bear-textbooks/books/art/extracted/extracted/ARTZIP-20260801T011809Z-1-001/ARTZIP/R_181_Toyohara Kunichika/R_181_Toyohara Kunichika/Kunichika_9491-µ¥▒µ╡╖ΘüôσÉìµëÇΣ╣ïσåà_τå▒τö░Σ╕Çπü«Θ│Ñσ▒à.jpg	extracted
/Users/bear/Documents/CoWork/bear-textbooks/books/art/extracted/ARTZIP-20260801T011809Z-1-001/ARTZIP/R_181_Toyohara Kunichika.zip	R_181_Toyohara Kunichika/Kunichika_1850-02.jpg	/Users/bear/Documents/CoWork/bear-textbooks/books/art/extracted/extracted/ARTZIP-20260801T011809Z-1-001/ARTZIP/R_181_Toyohara Kunichika/R_181_Toyohara Kunichika/Kunichika_1850-02.jpg	extracted
/Users/bear/Documents/CoWork/bear-textbooks/books/art/extracted/ARTZIP-20260801T011809Z-1-001/ARTZIP/R_181_Toyohara Kunichika.zip	R_181_Toyohara Kunichika/Kunichika_9475-µ¥▒µ╡╖ΘüôσÉìµëÇΣ╣ïσåà_σôüσ╖¥σà½πâäσ▒▒Σ╕ï-µûçΣ╣à3.jpg	/Users/bear/Documents/CoWork/bear-textbooks/books/art/extracted/extracted/ARTZIP-20260801T011809Z-1-001/ARTZIP/R_181_Toyohara Kunichika/R_181_Toyohara Kunichika/Kunichika_9475-µ¥▒µ╡╖ΘüôσÉìµëÇΣ╣ïσåà_σôüσ╖¥σà½πâäσ▒▒Σ╕ï-µûçΣ╣à3.jpg	extracted
/Users/bear/Documents/CoWork/bear-textbooks/books/art/extracted/ARTZIP-20260801T011809Z-1-001/ARTZIP/R_181_Toyohara Kunichika.zip	R_181_Toyohara Kunichika/Kunichika_9545-µ¥▒µ╡╖Θüô_τƒ│Θâ¿.jpg	/Users/bear/Documents/CoWork/bear-textbooks/books/art/extracted/extracted/ARTZIP-20260801T011809Z-1-001/ARTZIP/R_181_Toyohara Kunichika/R_181_Toyohara Kunichika/Kunichika_9545-µ¥▒µ╡╖Θüô_τƒ│Θâ¿.jpg	extracted
/Users/bear/Documents/CoWork/bear-textbooks/books/art/extracted/ARTZIP-20260801T011809Z-1-001/ARTZIP/R_181_Toyohara Kunichika.zip	R_181_Toyohara Kunichika/Louis_Vuitton_jigsaw_puzzle.jpg	/Users/bear/Documents/CoWork/bear-textbooks/books/art/extracted/extracted/ARTZIP-20260801T011809Z-1-001/ARTZIP/R_181_Toyohara Kunichika/R_181_Toyohara Kunichika/Louis_Vuitton_jigsaw_puzzle.jpg	extracted
/Users/bear/Documents/CoWork/bear-textbooks/books/art/extracted/ARTZIP-20260801T011809Z-1-001/ARTZIP/R_181_Toyohara Kunichika.zip	R_181_Toyohara Kunichika/Kunichika_41-03.jpg	/Users/bear/Documents/CoWork/bear-textbooks/books/art/extracted/extracted/ARTZIP-20260801T011809Z-1-001/ARTZIP/R_181_Toyohara Kunichika/R_181_Toyohara Kunichika/Kunichika_41-03.jpg	extracted
/Users/bear/Documents/CoWork/bear-textbooks/books/art/extracted/ARTZIP-20260801T011809Z-1-001/ARTZIP/R_181_Toyohara Kunichika.zip	R_181_Toyohara Kunichika/Kunichika_143_Σ┐│σä¬σ¢úµëçτö╗.jpg	/Users/bear/Documents/CoWork/bear-textbooks/books/art/extracted/extracted/ARTZIP-20260801T011809Z-1-001/ARTZIP/R_181_Toyohara Kunichika/R_181_Toyohara Kunichika/Kunichika_143_Σ┐│σä¬σ¢úµëçτö╗.jpg	extracted
/Users/bear/Documents/CoWork/bear-textbooks/books/art/extracted/ARTZIP-20260801T011809Z-1-001/ARTZIP/R_181_Toyohara Kunichika.zip	R_181_Toyohara Kunichika/Kunichika_7604_05_σ╜ôΣ╕ûτ╛ÄσÑ│Σ║öΣ║║µÅâ.jpg	/Users/bear/Documents/CoWork/bear-textbooks/books/art/extracted/extracted/ARTZIP-20260801T011809Z-1-001/ARTZIP/R_181_Toyohara Kunichika/R_181_Toyohara Kunichika/Kunichika_7604_05_σ╜ôΣ╕ûτ╛ÄσÑ│Σ║öΣ║║µÅâ.jpg	extracted
/Users/bear/Documents/CoWork/bear-textbooks/books/art/extracted/ARTZIP-20260801T011809Z-1-001/ARTZIP/R_181_Toyohara Kunichika.zip	R_181_Toyohara Kunichika/Kunichika_1842-02.jpg	/Users/bear/Documents/CoWork/bear-textbooks/books/art/extracted/extracted/ARTZIP-20260801T011809Z-1-001/ARTZIP/R_181_Toyohara Kunichika/R_181_Toyohara Kunichika/Kunichika_1842-02.jpg	extracted
/Users/bear/Documents/CoWork/bear-textbooks/books/art/extracted/ARTZIP-20260801T011809Z-1-001/ARTZIP/R_181_Toyohara Kunichika.zip	R_181_Toyohara Kunichika/Kunichika_9526-µ¥▒µ╡╖Θüô_Φùñσ╖¥-µûçΣ╣à3.jpg	/Users/bear/Documents/CoWork/bear-textbooks/books/art/extracted/extracted/ARTZIP-20260801T011809Z-1-001/ARTZIP/R_181_Toyohara Kunichika/R_181_Toyohara Kunichika/Kunichika_9526-µ¥▒µ╡╖Θüô_Φùñσ╖¥-µûçΣ╣à3.jpg	extracted
/Users/bear/Documents/CoWork/bear-textbooks/books/art/extracted/ARTZIP-20260801T011809Z-1-001/ARTZIP/R_181_Toyohara Kunichika.zip	R_181_Toyohara Kunichika/Kunichika_9524-II-µ¥▒µ╡╖ΘüôσÉìµëÇΣ╣ïσåà_Θ│┤µ╡╖µ£ëµ¥╛τ╡₧-µûçΣ╣à3.jpg	/Users/bear/Documents/CoWork/bear-textbooks/books/art/extracted/extracted/ARTZIP-20260801T011809Z-1-001/ARTZIP/R_181_Toyohara Kunichika/R_181_Toyohara Kunichika/Kunichika_9524-II-µ¥▒µ╡╖ΘüôσÉìµëÇΣ╣ïσåà_Θ│┤µ╡╖µ£ëµ¥╛τ╡₧-µûçΣ╣à3.jpg	extracted
/Users/bear/Documents/CoWork/bear-textbooks/books/art/extracted/ARTZIP-20260801T011809Z-1-001/ARTZIP/R_181_Toyohara Kunichika.zip	R_181_Toyohara Kunichika/Ichikawa_Danjuro_IX_als_Watonai_Watonai_(titel_op_object)_Honderd_rollen_van_Ichikawa_Danjuro_IX.jpg	/Users/bear/Documents/CoWork/bear-textbooks/books/art/extracted/extracted/ARTZIP-20260801T011809Z-1-001/ARTZIP/R_181_Toyohara Kunichika/R_181_Toyohara Kunichika/Ichikawa_Danjuro_IX_als_Watonai_Watonai_(titel_op_object)_Honderd_rollen_van_Ichikawa_Danjuro_IX.jpg	extracted
/Users/bear/Documents/CoWork/bear-textbooks/books/art/extracted/ARTZIP-20260801T011809Z-1-001/ARTZIP/R_181_Toyohara Kunichika.zip	R_181_Toyohara Kunichika/Kunichika_1840_cmb.jpg	/Users/bear/Documents/CoWork/bear-textbooks/books/art/extracted/extracted/ARTZIP-20260801T011809Z-1-001/ARTZIP/R_181_Toyohara Kunichika/R_181_Toyohara Kunichika/Kunichika_1840_cmb.jpg	extracted
/Users/bear/Documents/CoWork/bear-textbooks/books/art/extracted/ARTZIP-20260801T011809Z-1-001/ARTZIP/R_181_Toyohara Kunichika.zip	R_181_Toyohara Kunichika/Kunichika_1850_cmb.jpg	/Users/bear/Documents/CoWork/bear-textbooks/books/art/extracted/extracted/ARTZIP-20260801T011809Z-1-001/ARTZIP/R_181_Toyohara Kunichika/R_181_Toyohara Kunichika/Kunichika_1850_cmb.jpg	extracted
/Users/bear/Documents/CoWork/bear-textbooks/books/art/extracted/ARTZIP-20260801T011809Z-1-001/ARTZIP/R_181_Toyohara Kunichika.zip	R_181_Toyohara Kunichika/Kunichika_9594-µ¥▒µ╡╖Θüô_Θçæµ¥ëµ⌐ïΦè¥µ╡ª.jpg	/Users/bear/Documents/CoWork/bear-textbooks/books/art/extracted/extracted/ARTZIP-20260801T011809Z-1-001/ARTZIP/R_181_Toyohara Kunichika/R_181_Toyohara Kunichika/Kunichika_9594-µ¥▒µ╡╖Θüô_Θçæµ¥ëµ⌐ïΦè¥µ╡ª.jpg	extracted
/Users/bear/Documents/CoWork/bear-textbooks/books/art/extracted/ARTZIP-20260801T011809Z-1-001/ARTZIP/R_181_Toyohara Kunichika.zip	R_181_Toyohara Kunichika/Kunichika_9593-II-µ¥▒µ╡╖Θüô_σ╖¥σ┤Ä.jpg	/Users/bear/Documents/CoWork/bear-textbooks/books/art/extracted/extracted/ARTZIP-20260801T011809Z-1-001/ARTZIP/R_181_Toyohara Kunichika/R_181_Toyohara Kunichika/Kunichika_9593-II-µ¥▒µ╡╖Θüô_σ╖¥σ┤Ä.jpg	extracted
/Users/bear/Documents/CoWork/bear-textbooks/books/art/extracted/ARTZIP-20260801T011809Z-1-001/ARTZIP/R_181_Toyohara Kunichika.zip	R_181_Toyohara Kunichika/Kunichika_9494-µ¥▒µ╡╖ΘüôσÉìµëÇΣ╣ïσåà_τ«▒µá╣σ▒▒Σ╕¡ΘÖ░τƒ│-µûçΣ╣à3.jpg	/Users/bear/Documents/CoWork/bear-textbooks/books/art/extracted/extracted/ARTZIP-20260801T011809Z-1-001/ARTZIP/R_181_Toyohara Kunichika/R_181_Toyohara Kunichika/Kunichika_9494-µ¥▒µ╡╖ΘüôσÉìµëÇΣ╣ïσåà_τ«▒µá╣σ▒▒Σ╕¡ΘÖ░τƒ│-µûçΣ╣à3.jpg	extracted
/Users/bear/Documents/CoWork/bear-textbooks/books/art/extracted/ARTZIP-20260801T011809Z-1-001/ARTZIP/R_181_Toyohara Kunichika.zip	R_181_Toyohara Kunichika/Kunichika_2948_01_τö░ΦêÄσ¿ÿσ«ƒπâÅΣ╣¥σ░╛_µ▓óµ¥æτö░Σ╣ïσè⌐πâ╗Σ╕ëµ╡ªΣ╣ïσè⌐_σ¥éµ¥▒σ╜ªΣ╕ëΘâÄ.jpg	/Users/bear/Documents/CoWork/bear-textbooks/books/art/extracted/extracted/ARTZIP-20260801T011809Z-1-001/ARTZIP/R_181_Toyohara Kunichika/R_181_Toyohara Kunichika/Kunichika_2948_01_τö░ΦêÄσ¿ÿσ«ƒπâÅΣ╣¥σ░╛_µ▓óµ¥æτö░Σ╣ïσè⌐πâ╗Σ╕ëµ╡ªΣ╣ïσè⌐_σ¥éµ¥▒σ╜ªΣ╕ëΘâÄ.jpg	extracted
/Users/bear/Documents/CoWork/bear-textbooks/books/art/extracted/ARTZIP-20260801T011809Z-1-001/ARTZIP/R_181_Toyohara Kunichika.zip	R_181_Toyohara Kunichika/Kunichika_1964_02_µÑ╜σ▒ïσñºΦ⌐òσêñ-µÿÄµ▓╗1.jpg	/Users/bear/Documents/CoWork/bear-textbooks/books/art/extracted/extracted/ARTZIP-20260801T011809Z-1-001/ARTZIP/R_181_Toyohara Kunichika/R_181_Toyohara Kunichika/Kunichika_1964_02_µÑ╜σ▒ïσñºΦ⌐òσêñ-µÿÄµ▓╗1.jpg	extracted
/Users/bear/Documents/CoWork/bear-textbooks/books/art/extracted/ARTZIP-20260801T011809Z-1-001/ARTZIP/R_181_Toyohara Kunichika.zip	R_181_Toyohara Kunichika/Kunichika_9580-µ¥▒µ╡╖ΘüôΣ╣ïσåà_Θ││µ¥Ñσ»║-µûçΣ╣à3.jpg	/Users/bear/Documents/CoWork/bear-textbooks/books/art/extracted/extracted/ARTZIP-20260801T011809Z-1-001/ARTZIP/R_181_Toyohara Kunichika/R_181_Toyohara Kunichika/Kunichika_9580-µ¥▒µ╡╖ΘüôΣ╣ïσåà_Θ││µ¥Ñσ»║-µûçΣ╣à3.jpg	extracted
/Users/bear/Documents/CoWork/bear-textbooks/books/art/extracted/ARTZIP-20260801T011809Z-1-001/ARTZIP/R_181_Toyohara Kunichika.zip	R_181_Toyohara Kunichika/Kunichika_9525_µ¥▒µ╡╖ΘüôσÉìµëÇΣ╣ïσåà_Φ▒èσ╖¥-µûçΣ╣à3.jpg	/Users/bear/Documents/CoWork/bear-textbooks/books/art/extracted/extracted/ARTZIP-20260801T011809Z-1-001/ARTZIP/R_181_Toyohara Kunichika/R_181_Toyohara Kunichika/Kunichika_9525_µ¥▒µ╡╖ΘüôσÉìµëÇΣ╣ïσåà_Φ▒èσ╖¥-µûçΣ╣à3.jpg	extracted
/Users/bear/Documents/CoWork/bear-textbooks/books/art/extracted/ARTZIP-20260801T011809Z-1-001/ARTZIP/R_181_Toyohara Kunichika.zip	R_181_Toyohara Kunichika/Kunichika_41-01.jpg	/Users/bear/Documents/CoWork/bear-textbooks/books/art/extracted/extracted/ARTZIP-20260801T011809Z-1-001/ARTZIP/R_181_Toyohara Kunichika/R_181_Toyohara Kunichika/Kunichika_41-01.jpg	extracted
/Users/bear/Documents/CoWork/bear-textbooks/books/art/extracted/ARTZIP-20260801T011809Z-1-001/ARTZIP/R_181_Toyohara Kunichika.zip	R_181_Toyohara Kunichika/Kunichika_3318_σ╜ôσïóΣ╕ëσìüΣ║îµâ│_µÇ¥πü▓σêçπüïπéÖπéêπüòτ¢╕-µÿÄµ▓╗1.jpg	/Users/bear/Documents/CoWork/bear-textbooks/books/art/extracted/extracted/ARTZIP-20260801T011809Z-1-001/ARTZIP/R_181_Toyohara Kunichika/R_181_Toyohara Kunichika/Kunichika_3318_σ╜ôσïóΣ╕ëσìüΣ║îµâ│_µÇ¥πü▓σêçπüïπéÖπéêπüòτ¢╕-µÿÄµ▓╗1.jpg	extracted
/Users/bear/Documents/CoWork/bear-textbooks/books/art/extracted/ARTZIP-20260801T011809Z-1-001/ARTZIP/R_181_Toyohara Kunichika.zip	R_181_Toyohara Kunichika/Kunichika_1930-unknown_artist-µ░æΦ░╖Σ╝èσÅ│Φí¢ΘûÇ_Σ╕¡µ¥æΦè¥τ┐½πâ╗Σ╕ÄΦîéΣ╕âσª╗πüèΦóû_σ¥éµ¥▒Σ╕ëπâäΣ║öΘâÄ.jpg	/Users/bear/Documents/CoWork/bear-textbooks/books/art/extracted/extracted/ARTZIP-20260801T011809Z-1-001/ARTZIP/R_181_Toyohara Kunichika/R_181_Toyohara Kunichika/Kunichika_1930-unknown_artist-µ░æΦ░╖Σ╝èσÅ│Φí¢ΘûÇ_Σ╕¡µ¥æΦè¥τ┐½πâ╗Σ╕ÄΦîéΣ╕âσª╗πüèΦóû_σ¥éµ¥▒Σ╕ëπâäΣ║öΘâÄ.jpg	extracted
/Users/bear/Documents/CoWork/bear-textbooks/books/art/extracted/ARTZIP-20260801T011809Z-1-001/ARTZIP/R_181_Toyohara Kunichika.zip	R_181_Toyohara Kunichika/Kunichika_9492-µ¥▒µ╡╖Θüô_τ«▒µá╣.jpg	/Users/bear/Documents/CoWork/bear-textbooks/books/art/extracted/extracted/ARTZIP-20260801T011809Z-1-001/ARTZIP/R_181_Toyohara Kunichika/R_181_Toyohara Kunichika/Kunichika_9492-µ¥▒µ╡╖Θüô_τ«▒µá╣.jpg	extracted
/Users/bear/Documents/CoWork/bear-textbooks/books/art/extracted/ARTZIP-20260801T011809Z-1-001/ARTZIP/R_181_Toyohara Kunichika.zip	R_181_Toyohara Kunichika/Ichikawa_Danjuro_IX_als_Taira_no_Tomomori_Taira_no_Tomomori_(titel_op_object)_Honderd_rollen_van_Ichikawa_Danjuro_IX.jpg	/Users/bear/Documents/CoWork/bear-textbooks/books/art/extracted/extracted/ARTZIP-20260801T011809Z-1-001/ARTZIP/R_181_Toyohara Kunichika/R_181_Toyohara Kunichika/Ichikawa_Danjuro_IX_als_Taira_no_Tomomori_Taira_no_Tomomori_(titel_op_object)_Honderd_rollen_van_Ichikawa_Danjuro_IX.jpg	extracted
/Users/bear/Documents/CoWork/bear-textbooks/books/art/extracted/ARTZIP-20260801T011809Z-1-001/ARTZIP/R_181_Toyohara Kunichika.zip	R_181_Toyohara Kunichika/Kunichika_1850-01.jpg	/Users/bear/Documents/CoWork/bear-textbooks/books/art/extracted/extracted/ARTZIP-20260801T011809Z-1-001/ARTZIP/R_181_Toyohara Kunichika/R_181_Toyohara Kunichika/Kunichika_1850-01.jpg	extracted
/Users/bear/Documents/CoWork/bear-textbooks/books/art/extracted/ARTZIP-20260801T011809Z-1-001/ARTZIP/R_181_Toyohara Kunichika.zip	R_181_Toyohara Kunichika/Kunichika_072_Σ┐│σä¬σ¢úµëçτö╗.jpg	/Users/bear/Documents/CoWork/bear-textbooks/books/art/extracted/extracted/ARTZIP-20260801T011809Z-1-001/ARTZIP/R_181_Toyohara Kunichika/R_181_Toyohara Kunichika/Kunichika_072_Σ┐│σä¬σ¢úµëçτö╗.jpg	extracted
/Users/bear/Documents/CoWork/bear-textbooks/books/art/extracted/ARTZIP-20260801T011809Z-1-001/ARTZIP/R_181_Toyohara Kunichika.zip	R_181_Toyohara Kunichika/Kunichika_9561-µ¥▒µ╡╖ΘüôσÉìµëÇΣ╣ïσåà_πüéπü╕πéÖσ╖¥-µûçΣ╣à3.jpg	/Users/bear/Documents/CoWork/bear-textbooks/books/art/extracted/extracted/ARTZIP-20260801T011809Z-1-001/ARTZIP/R_181_Toyohara Kunichika/R_181_Toyohara Kunichika/Kunichika_9561-µ¥▒µ╡╖ΘüôσÉìµëÇΣ╣ïσåà_πüéπü╕πéÖσ╖¥-µûçΣ╣à3.jpg	extracted
/Users/bear/Documents/CoWork/bear-textbooks/books/art/extracted/ARTZIP-20260801T011809Z-1-001/ARTZIP/R_181_Toyohara Kunichika.zip	R_181_Toyohara Kunichika/Kunichika_3306_σ╜ôσïóΣ╕ëσìüΣ║îµâ│_µö╛πüùπüªπéäπéèπüƒτ¢╕.jpg	/Users/bear/Documents/CoWork/bear-textbooks/books/art/extracted/extracted/ARTZIP-20260801T011809Z-1-001/ARTZIP/R_181_Toyohara Kunichika/R_181_Toyohara Kunichika/Kunichika_3306_σ╜ôσïóΣ╕ëσìüΣ║îµâ│_µö╛πüùπüªπéäπéèπüƒτ¢╕.jpg	extracted
/Users/bear/Documents/CoWork/bear-textbooks/books/art/extracted/ARTZIP-20260801T011809Z-1-001/ARTZIP/R_181_Toyohara Kunichika.zip	R_181_Toyohara Kunichika/Kunichika_1842-01.jpg	/Users/bear/Documents/CoWork/bear-textbooks/books/art/extracted/extracted/ARTZIP-20260801T011809Z-1-001/ARTZIP/R_181_Toyohara Kunichika/R_181_Toyohara Kunichika/Kunichika_1842-01.jpg	extracted
/Users/bear/Documents/CoWork/bear-textbooks/books/art/extracted/ARTZIP-20260801T011809Z-1-001/ARTZIP/R_181_Toyohara Kunichika.zip	R_181_Toyohara Kunichika/Ichikawa_Danjuro_IX_als_Kezori_Kyuemon_Kezori_Kyuemon_(titel_op_object)_Honderd_rollen_van_Ichikawa_Danjuro_IX.jpg	/Users/bear/Documents/CoWork/bear-textbooks/books/art/extracted/extracted/ARTZIP-20260801T011809Z-1-001/ARTZIP/R_181_Toyohara Kunichika/R_181_Toyohara Kunichika/Ichikawa_Danjuro_IX_als_Kezori_Kyuemon_Kezori_Kyuemon_(titel_op_object)_Honderd_rollen_van_Ichikawa_Danjuro_IX.jpg	extracted
/Users/bear/Documents/CoWork/bear-textbooks/books/art/extracted/ARTZIP-20260801T011809Z-1-001/ARTZIP/R_181_Toyohara Kunichika.zip	R_181_Toyohara Kunichika/Kunichika_ 18.jpg	/Users/bear/Documents/CoWork/bear-textbooks/books/art/extracted/extracted/ARTZIP-20260801T011809Z-1-001/ARTZIP/R_181_Toyohara Kunichika/R_181_Toyohara Kunichika/Kunichika_ 18.jpg	extracted
/Users/bear/Documents/CoWork/bear-textbooks/books/art/extracted/ARTZIP-20260801T011809Z-1-001/ARTZIP/R_181_Toyohara Kunichika.zip	R_181_Toyohara Kunichika/Kunichika_066_Σ┐│σä¬σ¢úµëçτö╗.jpg	/Users/bear/Documents/CoWork/bear-textbooks/books/art/extracted/extracted/ARTZIP-20260801T011809Z-1-001/ARTZIP/R_181_Toyohara Kunichika/R_181_Toyohara Kunichika/Kunichika_066_Σ┐│σä¬σ¢úµëçτö╗.jpg	extracted
/Users/bear/Documents/CoWork/bear-textbooks/books/art/extracted/ARTZIP-20260801T011809Z-1-001/ARTZIP/R_181_Toyohara Kunichika.zip	R_181_Toyohara Kunichika/Kunichika_7228_Φ▒¬σéæσÑçΦíôτ½╢_σàÉΘ¢╖Σ╣ƒ_µ▓│σÄƒσ┤Äµ¿⌐Σ╣ïΣ╗ï-µûçΣ╣à1.jpg	/Users/bear/Documents/CoWork/bear-textbooks/books/art/extracted/extracted/ARTZIP-20260801T011809Z-1-001/ARTZIP/R_181_Toyohara Kunichika/R_181_Toyohara Kunichika/Kunichika_7228_Φ▒¬σéæσÑçΦíôτ½╢_σàÉΘ¢╖Σ╣ƒ_µ▓│σÄƒσ┤Äµ¿⌐Σ╣ïΣ╗ï-µûçΣ╣à1.jpg	extracted
/Users/bear/Documents/CoWork/bear-textbooks/books/art/extracted/ARTZIP-20260801T011809Z-1-001/ARTZIP/R_181_Toyohara Kunichika.zip	R_181_Toyohara Kunichika/Kunichika_ 15.jpg	/Users/bear/Documents/CoWork/bear-textbooks/books/art/extracted/extracted/ARTZIP-20260801T011809Z-1-001/ARTZIP/R_181_Toyohara Kunichika/R_181_Toyohara Kunichika/Kunichika_ 15.jpg	extracted
/Users/bear/Documents/CoWork/bear-textbooks/books/art/extracted/ARTZIP-20260801T011809Z-1-001/ARTZIP/R_181_Toyohara Kunichika.zip	R_181_Toyohara Kunichika/Kunichika_0568-Kunichika_Hiroshige-µ¥▒Σ║¼ΘèÿΘúƒΘüèΦêêσ»┐σÉ╛σà¡-µÿÄµ▓╗1.jpg	/Users/bear/Documents/CoWork/bear-textbooks/books/art/extracted/extracted/ARTZIP-20260801T011809Z-1-001/ARTZIP/R_181_Toyohara Kunichika/R_181_Toyohara Kunichika/Kunichika_0568-Kunichika_Hiroshige-µ¥▒Σ║¼ΘèÿΘúƒΘüèΦêêσ»┐σÉ╛σà¡-µÿÄµ▓╗1.jpg	extracted
/Users/bear/Documents/CoWork/bear-textbooks/books/art/extracted/ARTZIP-20260801T011809Z-1-001/ARTZIP/R_181_Toyohara Kunichika.zip	R_181_Toyohara Kunichika/Kunichika_3307_σ╜ôσïóΣ╕ëσìüΣ║îµâ│_Θñ¥πüñπüªΦªïπüƒτ¢╕-µÿÄµ▓╗1.jpg	/Users/bear/Documents/CoWork/bear-textbooks/books/art/extracted/extracted/ARTZIP-20260801T011809Z-1-001/ARTZIP/R_181_Toyohara Kunichika/R_181_Toyohara Kunichika/Kunichika_3307_σ╜ôσïóΣ╕ëσìüΣ║îµâ│_Θñ¥πüñπüªΦªïπüƒτ¢╕-µÿÄµ▓╗1.jpg	extracted
/Users/bear/Documents/CoWork/bear-textbooks/books/art/extracted/ARTZIP-20260801T011809Z-1-001/ARTZIP/R_181_Toyohara Kunichika.zip	R_181_Toyohara Kunichika/Kunichika_39-01.jpg	/Users/bear/Documents/CoWork/bear-textbooks/books/art/extracted/extracted/ARTZIP-20260801T011809Z-1-001/ARTZIP/R_181_Toyohara Kunichika/R_181_Toyohara Kunichika/Kunichika_39-01.jpg	extracted
/Users/bear/Documents/CoWork/bear-textbooks/books/art/extracted/ARTZIP-20260801T011809Z-1-001/ARTZIP/R_181_Toyohara Kunichika.zip	R_181_Toyohara Kunichika/Kunichika_9582-µ¥▒µ╡╖ΘüôσÉìµëÇΣ╣ïσåà_σèáΦîéπü«τ½╢Θª¼-µûçΣ╣à3.jpg	/Users/bear/Documents/CoWork/bear-textbooks/books/art/extracted/extracted/ARTZIP-20260801T011809Z-1-001/ARTZIP/R_181_Toyohara Kunichika/R_181_Toyohara Kunichika/Kunichika_9582-µ¥▒µ╡╖ΘüôσÉìµëÇΣ╣ïσåà_σèáΦîéπü«τ½╢Θª¼-µûçΣ╣à3.jpg	extracted
/Users/bear/Documents/CoWork/bear-textbooks/books/art/extracted/ARTZIP-20260801T011809Z-1-001/ARTZIP/R_181_Toyohara Kunichika.zip	R_181_Toyohara Kunichika/Kunichika_2634_02_µ£¥πüìπéèσ│╢Φö╡_σ╕éσ╖¥Σ╣¥Φö╡πâ╗Σ╕Çπü╡πüùπéÖΣ╗üσñ¬ΘâÄ-µà╢σ┐£2.jpg	/Users/bear/Documents/CoWork/bear-textbooks/books/art/extracted/extracted/ARTZIP-20260801T011809Z-1-001/ARTZIP/R_181_Toyohara Kunichika/R_181_Toyohara Kunichika/Kunichika_2634_02_µ£¥πüìπéèσ│╢Φö╡_σ╕éσ╖¥Σ╣¥Φö╡πâ╗Σ╕Çπü╡πüùπéÖΣ╗üσñ¬ΘâÄ-µà╢σ┐£2.jpg	extracted
/Users/bear/Documents/CoWork/bear-textbooks/books/art/extracted/ARTZIP-20260801T011809Z-1-001/ARTZIP/R_181_Toyohara Kunichika.zip	R_181_Toyohara Kunichika/Kunichika_35-01.jpg	/Users/bear/Documents/CoWork/bear-textbooks/books/art/extracted/extracted/ARTZIP-20260801T011809Z-1-001/ARTZIP/R_181_Toyohara Kunichika/R_181_Toyohara Kunichika/Kunichika_35-01.jpg	extracted
/Users/bear/Documents/CoWork/bear-textbooks/books/art/extracted/ARTZIP-20260801T011809Z-1-001/ARTZIP/R_181_Toyohara Kunichika.zip	R_181_Toyohara Kunichika/Kunichika_1812-01.jpg	/Users/bear/Documents/CoWork/bear-textbooks/books/art/extracted/extracted/ARTZIP-20260801T011809Z-1-001/ARTZIP/R_181_Toyohara Kunichika/R_181_Toyohara Kunichika/Kunichika_1812-01.jpg	extracted
/Users/bear/Documents/CoWork/bear-textbooks/books/art/extracted/ARTZIP-20260801T011809Z-1-001/ARTZIP/R_181_Toyohara Kunichika.zip	R_181_Toyohara Kunichika/Kunichika_9529-µ¥▒µ╡╖ΘüôσÉìµëÇΣ╣ïσåà_µíæσÉìΦ£âµ░ùµÑ╝-µûçΣ╣à3.jpg	/Users/bear/Documents/CoWork/bear-textbooks/books/art/extracted/extracted/ARTZIP-20260801T011809Z-1-001/ARTZIP/R_181_Toyohara Kunichika/R_181_Toyohara Kunichika/Kunichika_9529-µ¥▒µ╡╖ΘüôσÉìµëÇΣ╣ïσåà_µíæσÉìΦ£âµ░ùµÑ╝-µûçΣ╣à3.jpg	extracted
/Users/bear/Documents/CoWork/bear-textbooks/books/art/extracted/ARTZIP-20260801T011809Z-1-001/ARTZIP/R_181_Toyohara Kunichika.zip	R_181_Toyohara Kunichika/Kunichika_9556-µ¥▒µ╡╖ΘüôσÉìµëÇΣ╣ïσåà_Σ╕ïσèáΦîé-µûçΣ╣à3.jpg	/Users/bear/Documents/CoWork/bear-textbooks/books/art/extracted/extracted/ARTZIP-20260801T011809Z-1-001/ARTZIP/R_181_Toyohara Kunichika/R_181_Toyohara Kunichika/Kunichika_9556-µ¥▒µ╡╖ΘüôσÉìµëÇΣ╣ïσåà_Σ╕ïσèáΦîé-µûçΣ╣à3.jpg	extracted
/Users/bear/Documents/CoWork/bear-textbooks/books/art/extracted/ARTZIP-20260801T011809Z-1-001/ARTZIP/R_181_Toyohara Kunichika.zip	R_181_Toyohara Kunichika/Kunichika_1412_σÉìσÅñσ▒ïσ▒▒Σ╕ë_µ▓óµ¥æΦ¿Ñσìçπâ╗Σ╕ìτá┤Σ╝┤σ╖ªΦí¢ΘûÇ_σ¥éµ¥▒σ╜ªΣ╕ëΘâÄπâ╗Σ╕ïΘâ¿Θ╣┐Φö╡_σ¥éµ¥▒σñ¬ΘâÄ-µà╢σ┐£3-cmb.jpg	/Users/bear/Documents/CoWork/bear-textbooks/books/art/extracted/extracted/ARTZIP-20260801T011809Z-1-001/ARTZIP/R_181_Toyohara Kunichika/R_181_Toyohara Kunichika/Kunichika_1412_σÉìσÅñσ▒ïσ▒▒Σ╕ë_µ▓óµ¥æΦ¿Ñσìçπâ╗Σ╕ìτá┤Σ╝┤σ╖ªΦí¢ΘûÇ_σ¥éµ¥▒σ╜ªΣ╕ëΘâÄπâ╗Σ╕ïΘâ¿Θ╣┐Φö╡_σ¥éµ¥▒σñ¬ΘâÄ-µà╢σ┐£3-cmb.jpg	extracted
/Users/bear/Documents/CoWork/bear-textbooks/books/art/extracted/ARTZIP-20260801T011809Z-1-001/ARTZIP/R_181_Toyohara Kunichika.zip	R_181_Toyohara Kunichika/Kunichika_2631_02_πüƒπéÖπüäπüïπüÅπéÖπéë_µ▓óµ¥æΦ¿Ñσìçπâ╗Φè╕ΦÇàπüèπüìπü«_µ▓óµ¥æτö░Σ╣ïσè⌐πâ╗πü╛πéèπü▓πéìπüä_Σ╕¡µ¥æΦè¥τ┐½-σàâµ▓╗1.jpg	/Users/bear/Documents/CoWork/bear-textbooks/books/art/extracted/extracted/ARTZIP-20260801T011809Z-1-001/ARTZIP/R_181_Toyohara Kunichika/R_181_Toyohara Kunichika/Kunichika_2631_02_πüƒπéÖπüäπüïπüÅπéÖπéë_µ▓óµ¥æΦ¿Ñσìçπâ╗Φè╕ΦÇàπüèπüìπü«_µ▓óµ¥æτö░Σ╣ïσè⌐πâ╗πü╛πéèπü▓πéìπüä_Σ╕¡µ¥æΦè¥τ┐½-σàâµ▓╗1.jpg	extracted
/Users/bear/Documents/CoWork/bear-textbooks/books/art/extracted/ARTZIP-20260801T011809Z-1-001/ARTZIP/R_181_Toyohara Kunichika.zip	R_181_Toyohara Kunichika/Kunichika_9479-II-µ¥▒µ╡╖ΘüôσÉìµëÇ_σñºµú«.jpg	/Users/bear/Documents/CoWork/bear-textbooks/books/art/extracted/extracted/ARTZIP-20260801T011809Z-1-001/ARTZIP/R_181_Toyohara Kunichika/R_181_Toyohara Kunichika/Kunichika_9479-II-µ¥▒µ╡╖ΘüôσÉìµëÇ_σñºµú«.jpg	extracted
/Users/bear/Documents/CoWork/bear-textbooks/books/art/extracted/ARTZIP-20260801T011809Z-1-001/ARTZIP/R_181_Toyohara Kunichika.zip	R_181_Toyohara Kunichika/Kunichika_7225_Φ▒¬σéæσÑçΦíôτ½╢_σñºµ╕àµ░┤τ╛⌐Θ½ÿ_σ╕éσ╖¥σ╖ªσ¢úµ¼í-µûçΣ╣à1.jpg	/Users/bear/Documents/CoWork/bear-textbooks/books/art/extracted/extracted/ARTZIP-20260801T011809Z-1-001/ARTZIP/R_181_Toyohara Kunichika/R_181_Toyohara Kunichika/Kunichika_7225_Φ▒¬σéæσÑçΦíôτ½╢_σñºµ╕àµ░┤τ╛⌐Θ½ÿ_σ╕éσ╖¥σ╖ªσ¢úµ¼í-µûçΣ╣à1.jpg	extracted
/Users/bear/Documents/CoWork/bear-textbooks/books/art/extracted/ARTZIP-20260801T011809Z-1-001/ARTZIP/R_181_Toyohara Kunichika.zip	R_181_Toyohara Kunichika/Kunichika_9464-µ¥▒µ╡╖Θüô_µê╕σíÜ.jpg	/Users/bear/Documents/CoWork/bear-textbooks/books/art/extracted/extracted/ARTZIP-20260801T011809Z-1-001/ARTZIP/R_181_Toyohara Kunichika/R_181_Toyohara Kunichika/Kunichika_9464-µ¥▒µ╡╖Θüô_µê╕σíÜ.jpg	extracted
/Users/bear/Documents/CoWork/bear-textbooks/books/art/extracted/ARTZIP-20260801T011809Z-1-001/ARTZIP/R_181_Toyohara Kunichika.zip	R_181_Toyohara Kunichika/Kunichika_9579_µ¥▒µ╡╖ΘüôΣ╣ïσåà_Σ║îσ╖¥.jpg	/Users/bear/Documents/CoWork/bear-textbooks/books/art/extracted/extracted/ARTZIP-20260801T011809Z-1-001/ARTZIP/R_181_Toyohara Kunichika/R_181_Toyohara Kunichika/Kunichika_9579_µ¥▒µ╡╖ΘüôΣ╣ïσåà_Σ║îσ╖¥.jpg	extracted
/Users/bear/Documents/CoWork/bear-textbooks/books/art/extracted/ARTZIP-20260801T011809Z-1-001/ARTZIP/R_181_Toyohara Kunichika.zip	R_181_Toyohara Kunichika/Kunichika_9557-µ¥▒µ╡╖ΘüôΣ║¼Θâ╜Σ╣ïσåà_σñºσåàΦâ╜Σ╕èΦªºσ¢│.jpg	/Users/bear/Documents/CoWork/bear-textbooks/books/art/extracted/extracted/ARTZIP-20260801T011809Z-1-001/ARTZIP/R_181_Toyohara Kunichika/R_181_Toyohara Kunichika/Kunichika_9557-µ¥▒µ╡╖ΘüôΣ║¼Θâ╜Σ╣ïσåà_σñºσåàΦâ╜Σ╕èΦªºσ¢│.jpg	extracted
/Users/bear/Documents/CoWork/bear-textbooks/books/art/extracted/ARTZIP-20260801T011809Z-1-001/ARTZIP/R_181_Toyohara Kunichika.zip	R_181_Toyohara Kunichika/Kunichika_1847-01.jpg	/Users/bear/Documents/CoWork/bear-textbooks/books/art/extracted/extracted/ARTZIP-20260801T011809Z-1-001/ARTZIP/R_181_Toyohara Kunichika/R_181_Toyohara Kunichika/Kunichika_1847-01.jpg	extracted
/Users/bear/Documents/CoWork/bear-textbooks/books/art/extracted/ARTZIP-20260801T011809Z-1-001/ARTZIP/R_181_Toyohara Kunichika.zip	R_181_Toyohara Kunichika/Kunichika_3324_πéäµò╖µóàτö░πü«_µ▓óµ¥æτö░Σ╣ïσè⌐-σàâµ▓╗1.jpg	/Users/bear/Documents/CoWork/bear-textbooks/books/art/extracted/extracted/ARTZIP-20260801T011809Z-1-001/ARTZIP/R_181_Toyohara Kunichika/R_181_Toyohara Kunichika/Kunichika_3324_πéäµò╖µóàτö░πü«_µ▓óµ¥æτö░Σ╣ïσè⌐-σàâµ▓╗1.jpg	extracted
/Users/bear/Documents/CoWork/bear-textbooks/books/art/extracted/ARTZIP-20260801T011809Z-1-001/ARTZIP/R_181_Toyohara Kunichika.zip	R_181_Toyohara Kunichika/Kunichika_3311_σ╜ôσïóΣ╕ëσìüΣ║îµâ│_σ╛îσÅúπüïπéÖπüïπé¥πéèτ¢╕-µÿÄµ▓╗1.jpg	/Users/bear/Documents/CoWork/bear-textbooks/books/art/extracted/extracted/ARTZIP-20260801T011809Z-1-001/ARTZIP/R_181_Toyohara Kunichika/R_181_Toyohara Kunichika/Kunichika_3311_σ╜ôσïóΣ╕ëσìüΣ║îµâ│_σ╛îσÅúπüïπéÖπüïπé¥πéèτ¢╕-µÿÄµ▓╗1.jpg	extracted
/Users/bear/Documents/CoWork/bear-textbooks/books/art/extracted/ARTZIP-20260801T011809Z-1-001/ARTZIP/R_181_Toyohara Kunichika.zip	R_181_Toyohara Kunichika/Kunichika_2632_03_σñòµ╢╝Φè▒τü½Φ│æ-µÿÄµ▓╗3.jpg	/Users/bear/Documents/CoWork/bear-textbooks/books/art/extracted/extracted/ARTZIP-20260801T011809Z-1-001/ARTZIP/R_181_Toyohara Kunichika/R_181_Toyohara Kunichika/Kunichika_2632_03_σñòµ╢╝Φè▒τü½Φ│æ-µÿÄµ▓╗3.jpg	extracted
/Users/bear/Documents/CoWork/bear-textbooks/books/art/extracted/ARTZIP-20260801T011809Z-1-001/ARTZIP/R_181_Toyohara Kunichika.zip	R_181_Toyohara Kunichika/Kunichika_ 14.jpg	/Users/bear/Documents/CoWork/bear-textbooks/books/art/extracted/extracted/ARTZIP-20260801T011809Z-1-001/ARTZIP/R_181_Toyohara Kunichika/R_181_Toyohara Kunichika/Kunichika_ 14.jpg	extracted
/Users/bear/Documents/CoWork/bear-textbooks/books/art/extracted/ARTZIP-20260801T011809Z-1-001/ARTZIP/R_181_Toyohara Kunichika.zip	R_181_Toyohara Kunichika/Kunichika_2638_02_µ¡ªτö░σï¥Θá╝_µ▓óπéÇπéëΦ¿Ñσìçπâ╗σà½Θçìσ₧úσº½_µ▓óµ¥æτö░Σ╣ïσè⌐.jpg	/Users/bear/Documents/CoWork/bear-textbooks/books/art/extracted/extracted/ARTZIP-20260801T011809Z-1-001/ARTZIP/R_181_Toyohara Kunichika/R_181_Toyohara Kunichika/Kunichika_2638_02_µ¡ªτö░σï¥Θá╝_µ▓óπéÇπéëΦ¿Ñσìçπâ╗σà½Θçìσ₧úσº½_µ▓óµ¥æτö░Σ╣ïσè⌐.jpg	extracted
/Users/bear/Documents/CoWork/bear-textbooks/books/art/extracted/ARTZIP-20260801T011809Z-1-001/ARTZIP/R_181_Toyohara Kunichika.zip	R_181_Toyohara Kunichika/Kunichika_35_cmb.jpg	/Users/bear/Documents/CoWork/bear-textbooks/books/art/extracted/extracted/ARTZIP-20260801T011809Z-1-001/ARTZIP/R_181_Toyohara Kunichika/R_181_Toyohara Kunichika/Kunichika_35_cmb.jpg	extracted
/Users/bear/Documents/CoWork/bear-textbooks/books/art/extracted/ARTZIP-20260801T011809Z-1-001/ARTZIP/R_181_Toyohara Kunichika.zip	R_181_Toyohara Kunichika/Kunichika_51557.jpg	/Users/bear/Documents/CoWork/bear-textbooks/books/art/extracted/extracted/ARTZIP-20260801T011809Z-1-001/ARTZIP/R_181_Toyohara Kunichika/R_181_Toyohara Kunichika/Kunichika_51557.jpg	extracted
/Users/bear/Documents/CoWork/bear-textbooks/books/art/extracted/ARTZIP-20260801T011809Z-1-001/ARTZIP/R_181_Toyohara Kunichika.zip	R_181_Toyohara Kunichika/Kunichika_9466-µ¥▒µ╡╖ΘüôσÉìµëÇΣ╣ïσåà_τö▒µ»öπé▒µ╡£-µûçΣ╣à3.jpg	/Users/bear/Documents/CoWork/bear-textbooks/books/art/extracted/extracted/ARTZIP-20260801T011809Z-1-001/ARTZIP/R_181_Toyohara Kunichika/R_181_Toyohara Kunichika/Kunichika_9466-µ¥▒µ╡╖ΘüôσÉìµëÇΣ╣ïσåà_τö▒µ»öπé▒µ╡£-µûçΣ╣à3.jpg	extracted
/Users/bear/Documents/CoWork/bear-textbooks/books/art/extracted/ARTZIP-20260801T011809Z-1-001/ARTZIP/R_181_Toyohara Kunichika.zip	R_181_Toyohara Kunichika/Kunichika_85_03_µç╕τÜ┐σñóπü«µ╡äτæáτÆâ-σ«ëµö┐3.jpg	/Users/bear/Documents/CoWork/bear-textbooks/books/art/extracted/extracted/ARTZIP-20260801T011809Z-1-001/ARTZIP/R_181_Toyohara Kunichika/R_181_Toyohara Kunichika/Kunichika_85_03_µç╕τÜ┐σñóπü«µ╡äτæáτÆâ-σ«ëµö┐3.jpg	extracted
/Users/bear/Documents/CoWork/bear-textbooks/books/art/extracted/ARTZIP-20260801T011809Z-1-001/ARTZIP/R_181_Toyohara Kunichika.zip	R_181_Toyohara Kunichika/Kunichika_7604_σ╜ôΣ╕ûτ╛ÄσÑ│Σ║öΣ║║µÅâ-cmb.jpg	/Users/bear/Documents/CoWork/bear-textbooks/books/art/extracted/extracted/ARTZIP-20260801T011809Z-1-001/ARTZIP/R_181_Toyohara Kunichika/R_181_Toyohara Kunichika/Kunichika_7604_σ╜ôΣ╕ûτ╛ÄσÑ│Σ║öΣ║║µÅâ-cmb.jpg	extracted
/Users/bear/Documents/CoWork/bear-textbooks/books/art/extracted/ARTZIP-20260801T011809Z-1-001/ARTZIP/R_181_Toyohara Kunichika.zip	R_181_Toyohara Kunichika/Kunichika_3205-µ¥▒Θâ╜Σ╕ëσìüσà¡µÖ»σåà_σñºσ╖¥τ½»µñÄπü«µ£¿-σàâµ▓╗1.jpg	/Users/bear/Documents/CoWork/bear-textbooks/books/art/extracted/extracted/ARTZIP-20260801T011809Z-1-001/ARTZIP/R_181_Toyohara Kunichika/R_181_Toyohara Kunichika/Kunichika_3205-µ¥▒Θâ╜Σ╕ëσìüσà¡µÖ»σåà_σñºσ╖¥τ½»µñÄπü«µ£¿-σàâµ▓╗1.jpg	extracted
/Users/bear/Documents/CoWork/bear-textbooks/books/art/extracted/ARTZIP-20260801T011809Z-1-001/ARTZIP/R_181_Toyohara Kunichika.zip	R_181_Toyohara Kunichika/Kunichika_51555.jpg	/Users/bear/Documents/CoWork/bear-textbooks/books/art/extracted/extracted/ARTZIP-20260801T011809Z-1-001/ARTZIP/R_181_Toyohara Kunichika/R_181_Toyohara Kunichika/Kunichika_51555.jpg	extracted
/Users/bear/Documents/CoWork/bear-textbooks/books/art/extracted/ARTZIP-20260801T011809Z-1-001/ARTZIP/R_181_Toyohara Kunichika.zip	R_181_Toyohara Kunichika/Kunichika_ 16.jpg	/Users/bear/Documents/CoWork/bear-textbooks/books/art/extracted/extracted/ARTZIP-20260801T011809Z-1-001/ARTZIP/R_181_Toyohara Kunichika/R_181_Toyohara Kunichika/Kunichika_ 16.jpg	extracted
/Users/bear/Documents/CoWork/bear-textbooks/books/art/extracted/ARTZIP-20260801T011809Z-1-001/ARTZIP/R_181_Toyohara Kunichika.zip	R_181_Toyohara Kunichika/Kunichika_39-02.jpg	/Users/bear/Documents/CoWork/bear-textbooks/books/art/extracted/extracted/ARTZIP-20260801T011809Z-1-001/ARTZIP/R_181_Toyohara Kunichika/R_181_Toyohara Kunichika/Kunichika_39-02.jpg	extracted
/Users/bear/Documents/CoWork/bear-textbooks/books/art/extracted/ARTZIP-20260801T011809Z-1-001/ARTZIP/R_181_Toyohara Kunichika.zip	R_181_Toyohara Kunichika/Kunichika_1845_cmb.jpg	/Users/bear/Documents/CoWork/bear-textbooks/books/art/extracted/extracted/ARTZIP-20260801T011809Z-1-001/ARTZIP/R_181_Toyohara Kunichika/R_181_Toyohara Kunichika/Kunichika_1845_cmb.jpg	extracted
/Users/bear/Documents/CoWork/bear-textbooks/books/art/extracted/ARTZIP-20260801T011809Z-1-001/ARTZIP/R_181_Toyohara Kunichika.zip	R_181_Toyohara Kunichika/Kunichika_35-02.jpg	/Users/bear/Documents/CoWork/bear-textbooks/books/art/extracted/extracted/ARTZIP-20260801T011809Z-1-001/ARTZIP/R_181_Toyohara Kunichika/R_181_Toyohara Kunichika/Kunichika_35-02.jpg	extracted
/Users/bear/Documents/CoWork/bear-textbooks/books/art/extracted/ARTZIP-20260801T011809Z-1-001/ARTZIP/R_181_Toyohara Kunichika.zip	R_181_Toyohara Kunichika/Kunichika_1812-02.jpg	/Users/bear/Documents/CoWork/bear-textbooks/books/art/extracted/extracted/ARTZIP-20260801T011809Z-1-001/ARTZIP/R_181_Toyohara Kunichika/R_181_Toyohara Kunichika/Kunichika_1812-02.jpg	extracted
/Users/bear/Documents/CoWork/bear-textbooks/books/art/extracted/ARTZIP-20260801T011809Z-1-001/ARTZIP/R_181_Toyohara Kunichika.zip	R_181_Toyohara Kunichika/Kunichika_1847-03.jpg	/Users/bear/Documents/CoWork/bear-textbooks/books/art/extracted/extracted/ARTZIP-20260801T011809Z-1-001/ARTZIP/R_181_Toyohara Kunichika/R_181_Toyohara Kunichika/Kunichika_1847-03.jpg	extracted
/Users/bear/Documents/CoWork/bear-textbooks/books/art/extracted/ARTZIP-20260801T011809Z-1-001/ARTZIP/R_181_Toyohara Kunichika.zip	R_181_Toyohara Kunichika/Kunichika_49246.jpg	/Users/bear/Documents/CoWork/bear-textbooks/books/art/extracted/extracted/ARTZIP-20260801T011809Z-1-001/ARTZIP/R_181_Toyohara Kunichika/R_181_Toyohara Kunichika/Kunichika_49246.jpg	extracted
/Users/bear/Documents/CoWork/bear-textbooks/books/art/extracted/ARTZIP-20260801T011809Z-1-001/ARTZIP/R_181_Toyohara Kunichika.zip	R_181_Toyohara Kunichika/Kunichika_9550-I-µ¥▒µ╡╖Θüô_µ┤¢Σ╕¡Σ╕ëµó¥πâÄσñºµ⌐ï-µûçΣ╣à3.jpg	/Users/bear/Documents/CoWork/bear-textbooks/books/art/extracted/extracted/ARTZIP-20260801T011809Z-1-001/ARTZIP/R_181_Toyohara Kunichika/R_181_Toyohara Kunichika/Kunichika_9550-I-µ¥▒µ╡╖Θüô_µ┤¢Σ╕¡Σ╕ëµó¥πâÄσñºµ⌐ï-µûçΣ╣à3.jpg	extracted
/Users/bear/Documents/CoWork/bear-textbooks/books/art/extracted/ARTZIP-20260801T011809Z-1-001/ARTZIP/R_181_Toyohara Kunichika.zip	R_181_Toyohara Kunichika/Kunichika_9461-µ¥▒µ╡╖ΘüôΣ╣ïσåà_Σ║¼Θâ╜σÅéσåà-µûçΣ╣à3.jpg	/Users/bear/Documents/CoWork/bear-textbooks/books/art/extracted/extracted/ARTZIP-20260801T011809Z-1-001/ARTZIP/R_181_Toyohara Kunichika/R_181_Toyohara Kunichika/Kunichika_9461-µ¥▒µ╡╖ΘüôΣ╣ïσåà_Σ║¼Θâ╜σÅéσåà-µûçΣ╣à3.jpg	extracted
/Users/bear/Documents/CoWork/bear-textbooks/books/art/extracted/ARTZIP-20260801T011809Z-1-001/ARTZIP/R_181_Toyohara Kunichika.zip	R_181_Toyohara Kunichika/Kunichika_3325_Σ║îΣ╕üτö║σ╕é_σ╕éµ¥æτ╛╜σ╖ªΦí¢ΘûÇ-σàâµ▓╗1.jpg	/Users/bear/Documents/CoWork/bear-textbooks/books/art/extracted/extracted/ARTZIP-20260801T011809Z-1-001/ARTZIP/R_181_Toyohara Kunichika/R_181_Toyohara Kunichika/Kunichika_3325_Σ║îΣ╕üτö║σ╕é_σ╕éµ¥æτ╛╜σ╖ªΦí¢ΘûÇ-σàâµ▓╗1.jpg	extracted
/Users/bear/Documents/CoWork/bear-textbooks/books/art/extracted/ARTZIP-20260801T011809Z-1-001/ARTZIP/R_181_Toyohara Kunichika.zip	R_181_Toyohara Kunichika/Kunichika_9576-µ¥▒µ╡╖Θüô_σ▓íσ┤Ä-µûçΣ╣à3.jpg	/Users/bear/Documents/CoWork/bear-textbooks/books/art/extracted/extracted/ARTZIP-20260801T011809Z-1-001/ARTZIP/R_181_Toyohara Kunichika/R_181_Toyohara Kunichika/Kunichika_9576-µ¥▒µ╡╖Θüô_σ▓íσ┤Ä-µûçΣ╣à3.jpg	extracted
/Users/bear/Documents/CoWork/bear-textbooks/books/art/extracted/ARTZIP-20260801T011809Z-1-001/ARTZIP/R_181_Toyohara Kunichika.zip	R_181_Toyohara Kunichika/Kunichika_1928_τåèΦ░╖τ¢┤σ«ƒ_Σ╕¡µ¥æΦè¥τ┐½.jpg	/Users/bear/Documents/CoWork/bear-textbooks/books/art/extracted/extracted/ARTZIP-20260801T011809Z-1-001/ARTZIP/R_181_Toyohara Kunichika/R_181_Toyohara Kunichika/Kunichika_1928_τåèΦ░╖τ¢┤σ«ƒ_Σ╕¡µ¥æΦè¥τ┐½.jpg	extracted
/Users/bear/Documents/CoWork/bear-textbooks/books/art/extracted/ARTZIP-20260801T011809Z-1-001/ARTZIP/R_181_Toyohara Kunichika.zip	R_181_Toyohara Kunichika/Kunichika_1847-02.jpg	/Users/bear/Documents/CoWork/bear-textbooks/books/art/extracted/extracted/ARTZIP-20260801T011809Z-1-001/ARTZIP/R_181_Toyohara Kunichika/R_181_Toyohara Kunichika/Kunichika_1847-02.jpg	extracted
/Users/bear/Documents/CoWork/bear-textbooks/books/art/extracted/ARTZIP-20260801T011809Z-1-001/ARTZIP/R_181_Toyohara Kunichika.zip	R_181_Toyohara Kunichika/Kunichika_1812-03.jpg	/Users/bear/Documents/CoWork/bear-textbooks/books/art/extracted/extracted/ARTZIP-20260801T011809Z-1-001/ARTZIP/R_181_Toyohara Kunichika/R_181_Toyohara Kunichika/Kunichika_1812-03.jpg	extracted
/Users/bear/Documents/CoWork/bear-textbooks/books/art/extracted/ARTZIP-20260801T011809Z-1-001/ARTZIP/R_181_Toyohara Kunichika.zip	R_181_Toyohara Kunichika/Kunichika_35-03.jpg	/Users/bear/Documents/CoWork/bear-textbooks/books/art/extracted/extracted/ARTZIP-20260801T011809Z-1-001/ARTZIP/R_181_Toyohara Kunichika/R_181_Toyohara Kunichika/Kunichika_35-03.jpg	extracted
/Users/bear/Documents/CoWork/bear-textbooks/books/art/extracted/ARTZIP-20260801T011809Z-1-001/ARTZIP/R_181_Toyohara Kunichika.zip	R_181_Toyohara Kunichika/Kunichika_7604_02_σ╜ôΣ╕ûτ╛ÄσÑ│Σ║öΣ║║µÅâ.jpg	/Users/bear/Documents/CoWork/bear-textbooks/books/art/extracted/extracted/ARTZIP-20260801T011809Z-1-001/ARTZIP/R_181_Toyohara Kunichika/R_181_Toyohara Kunichika/Kunichika_7604_02_σ╜ôΣ╕ûτ╛ÄσÑ│Σ║öΣ║║µÅâ.jpg	extracted
/Users/bear/Documents/CoWork/bear-textbooks/books/art/extracted/ARTZIP-20260801T011809Z-1-001/ARTZIP/R_181_Toyohara Kunichika.zip	R_181_Toyohara Kunichika/Kunichika_2633_σìâσ┤Äσ╝ÑΣ║öΘâÄ_µ▓│σÄƒσ┤Äµ¿⌐Σ╣ïσè⌐πâ╗µù⌐ΘçÄσïÿσ╣│_σ░╛Σ╕èΦÅèΣ║öΘâÄπâ╗Σ╕ìµ│óµò░σÅ│Φí¢ΘûÇ_σñºΦ░╖τ┤½Θüô-µÿÄµ▓╗3-cmb.jpg	/Users/bear/Documents/CoWork/bear-textbooks/books/art/extracted/extracted/ARTZIP-20260801T011809Z-1-001/ARTZIP/R_181_Toyohara Kunichika/R_181_Toyohara Kunichika/Kunichika_2633_σìâσ┤Äσ╝ÑΣ║öΘâÄ_µ▓│σÄƒσ┤Äµ¿⌐Σ╣ïσè⌐πâ╗µù⌐ΘçÄσïÿσ╣│_σ░╛Σ╕èΦÅèΣ║öΘâÄπâ╗Σ╕ìµ│óµò░σÅ│Φí¢ΘûÇ_σñºΦ░╖τ┤½Θüô-µÿÄµ▓╗3-cmb.jpg	extracted
/Users/bear/Documents/CoWork/bear-textbooks/books/art/extracted/ARTZIP-20260801T011809Z-1-001/ARTZIP/R_181_Toyohara Kunichika.zip	R_181_Toyohara Kunichika/Kunichika_39-03.jpg	/Users/bear/Documents/CoWork/bear-textbooks/books/art/extracted/extracted/ARTZIP-20260801T011809Z-1-001/ARTZIP/R_181_Toyohara Kunichika/R_181_Toyohara Kunichika/Kunichika_39-03.jpg	extracted
/Users/bear/Documents/CoWork/bear-textbooks/books/art/extracted/ARTZIP-20260801T011809Z-1-001/ARTZIP/R_181_Toyohara Kunichika.zip	R_181_Toyohara Kunichika/Nakama_Gonbee_en_Kanbara_Mikinosuke_bij_de_geest_van_Sajiro.jpg	/Users/bear/Documents/CoWork/bear-textbooks/books/art/extracted/extracted/ARTZIP-20260801T011809Z-1-001/ARTZIP/R_181_Toyohara Kunichika/R_181_Toyohara Kunichika/Nakama_Gonbee_en_Kanbara_Mikinosuke_bij_de_geest_van_Sajiro.jpg	extracted
/Users/bear/Documents/CoWork/bear-textbooks/books/art/extracted/ARTZIP-20260801T011809Z-1-001/ARTZIP/R_181_Toyohara Kunichika.zip	R_181_Toyohara Kunichika/Kunichika_9519_µ¥▒µ╡╖ΘüôΣ╣ïσåà_σñ⌐τ½£σ╖¥.jpg	/Users/bear/Documents/CoWork/bear-textbooks/books/art/extracted/extracted/ARTZIP-20260801T011809Z-1-001/ARTZIP/R_181_Toyohara Kunichika/R_181_Toyohara Kunichika/Kunichika_9519_µ¥▒µ╡╖ΘüôΣ╣ïσåà_σñ⌐τ½£σ╖¥.jpg	extracted
/Users/bear/Documents/CoWork/bear-textbooks/books/art/extracted/ARTZIP-20260801T011809Z-1-001/ARTZIP/R_181_Toyohara Kunichika.zip	R_181_Toyohara Kunichika/Kunichika_3310_σ╜ôσïóΣ╕ëσìüΣ║îµâ│_τ¢╕Φ½çπüïπéÖµò┤πü▓τ¢╕-µÿÄµ▓╗1.jpg	/Users/bear/Documents/CoWork/bear-textbooks/books/art/extracted/extracted/ARTZIP-20260801T011809Z-1-001/ARTZIP/R_181_Toyohara Kunichika/R_181_Toyohara Kunichika/Kunichika_3310_σ╜ôσïóΣ╕ëσìüΣ║îµâ│_τ¢╕Φ½çπüïπéÖµò┤πü▓τ¢╕-µÿÄµ▓╗1.jpg	extracted
/Users/bear/Documents/CoWork/bear-textbooks/books/art/extracted/ARTZIP-20260801T011809Z-1-001/ARTZIP/R_181_Toyohara Kunichika.zip	R_181_Toyohara Kunichika/Kunichika_1964_03_µÑ╜σ▒ïσñºΦ⌐òσêñ-µÿÄµ▓╗1.jpg	/Users/bear/Documents/CoWork/bear-textbooks/books/art/extracted/extracted/ARTZIP-20260801T011809Z-1-001/ARTZIP/R_181_Toyohara Kunichika/R_181_Toyohara Kunichika/Kunichika_1964_03_µÑ╜σ▒ïσñºΦ⌐òσêñ-µÿÄµ▓╗1.jpg	extracted
/Users/bear/Documents/CoWork/bear-textbooks/books/art/extracted/ARTZIP-20260801T011809Z-1-001/ARTZIP/R_181_Toyohara Kunichika.zip	R_181_Toyohara Kunichika/Kunichika_9490-µ¥▒µ╡╖Θüô_Φùñµ▓ó-µûçΣ╣à3.jpg	/Users/bear/Documents/CoWork/bear-textbooks/books/art/extracted/extracted/ARTZIP-20260801T011809Z-1-001/ARTZIP/R_181_Toyohara Kunichika/R_181_Toyohara Kunichika/Kunichika_9490-µ¥▒µ╡╖Θüô_Φùñµ▓ó-µûçΣ╣à3.jpg	extracted
/Users/bear/Documents/CoWork/bear-textbooks/books/art/extracted/ARTZIP-20260801T011809Z-1-001/ARTZIP/R_181_Toyohara Kunichika.zip	R_181_Toyohara Kunichika/Kunichika_1964_µÑ╜σ▒ïσñºΦ⌐òσêñ-µÿÄµ▓╗1-cmb.jpg	/Users/bear/Documents/CoWork/bear-textbooks/books/art/extracted/extracted/ARTZIP-20260801T011809Z-1-001/ARTZIP/R_181_Toyohara Kunichika/R_181_Toyohara Kunichika/Kunichika_1964_µÑ╜σ▒ïσñºΦ⌐òσêñ-µÿÄµ▓╗1-cmb.jpg	extracted
/Users/bear/Documents/CoWork/bear-textbooks/books/art/extracted/ARTZIP-20260801T011809Z-1-001/ARTZIP/R_181_Toyohara Kunichika.zip	R_181_Toyohara Kunichika/Kunichika_9659.jpg	/Users/bear/Documents/CoWork/bear-textbooks/books/art/extracted/extracted/ARTZIP-20260801T011809Z-1-001/ARTZIP/R_181_Toyohara Kunichika/R_181_Toyohara Kunichika/Kunichika_9659.jpg	extracted
/Users/bear/Documents/CoWork/bear-textbooks/books/art/extracted/ARTZIP-20260801T011809Z-1-001/ARTZIP/R_181_Toyohara Kunichika.zip	R_181_Toyohara Kunichika/Kunichika_4958-µ¥▒µ╡╖Θüô_σ║äΘçÄ-µûçΣ╣à3.jpg	/Users/bear/Documents/CoWork/bear-textbooks/books/art/extracted/extracted/ARTZIP-20260801T011809Z-1-001/ARTZIP/R_181_Toyohara Kunichika/R_181_Toyohara Kunichika/Kunichika_4958-µ¥▒µ╡╖Θüô_σ║äΘçÄ-µûçΣ╣à3.jpg	extracted
/Users/bear/Documents/CoWork/bear-textbooks/books/art/extracted/ARTZIP-20260801T011809Z-1-001/ARTZIP/R_181_Toyohara Kunichika.zip	R_181_Toyohara Kunichika/Kunichika_3300_τÅ╛µÖéΣ║öσìüσ¢¢µâà_τ¼¼Σ╕ëσìüσà¡σÅ╖-µÿÄµ▓╗17.jpg	/Users/bear/Documents/CoWork/bear-textbooks/books/art/extracted/extracted/ARTZIP-20260801T011809Z-1-001/ARTZIP/R_181_Toyohara Kunichika/R_181_Toyohara Kunichika/Kunichika_3300_τÅ╛µÖéΣ║öσìüσ¢¢µâà_τ¼¼Σ╕ëσìüσà¡σÅ╖-µÿÄµ▓╗17.jpg	extracted
/Users/bear/Documents/CoWork/bear-textbooks/books/art/extracted/ARTZIP-20260801T011809Z-1-001/ARTZIP/R_181_Toyohara Kunichika.zip	R_181_Toyohara Kunichika/paulownia_bomen_bij_de_Torenpoort_Sanmon_gosan_no_kiri.jpg	/Users/bear/Documents/CoWork/bear-textbooks/books/art/extracted/extracted/ARTZIP-20260801T011809Z-1-001/ARTZIP/R_181_Toyohara Kunichika/R_181_Toyohara Kunichika/paulownia_bomen_bij_de_Torenpoort_Sanmon_gosan_no_kiri.jpg	extracted
/Users/bear/Documents/CoWork/bear-textbooks/books/art/extracted/ARTZIP-20260801T011809Z-1-001/ARTZIP/R_181_Toyohara Kunichika.zip	R_181_Toyohara Kunichika/Kunichika_9661.jpg	/Users/bear/Documents/CoWork/bear-textbooks/books/art/extracted/extracted/ARTZIP-20260801T011809Z-1-001/ARTZIP/R_181_Toyohara Kunichika/R_181_Toyohara Kunichika/Kunichika_9661.jpg	extracted
/Users/bear/Documents/CoWork/bear-textbooks/books/art/extracted/ARTZIP-20260801T011809Z-1-001/ARTZIP/R_181_Toyohara Kunichika.zip	R_181_Toyohara Kunichika/Kunichika_2635_σ┐áΦçúΦö╡Σ║öµ«╡τ¢«πâ╗σ┐áΦçúΦö╡σ¢¢µ«╡τ¢«πâ╗σ┐áΦçúΦö╡πâÄΣ╕ëµ«╡τ¢«-µÿÄµ▓╗3-cmb.jpg	/Users/bear/Documents/CoWork/bear-textbooks/books/art/extracted/extracted/ARTZIP-20260801T011809Z-1-001/ARTZIP/R_181_Toyohara Kunichika/R_181_Toyohara Kunichika/Kunichika_2635_σ┐áΦçúΦö╡Σ║öµ«╡τ¢«πâ╗σ┐áΦçúΦö╡σ¢¢µ«╡τ¢«πâ╗σ┐áΦçúΦö╡πâÄΣ╕ëµ«╡τ¢«-µÿÄµ▓╗3-cmb.jpg	extracted
/Users/bear/Documents/CoWork/bear-textbooks/books/art/extracted/ARTZIP-20260801T011809Z-1-001/ARTZIP/R_181_Toyohara Kunichika.zip	R_181_Toyohara Kunichika/Kunichika_ 13.jpg	/Users/bear/Documents/CoWork/bear-textbooks/books/art/extracted/extracted/ARTZIP-20260801T011809Z-1-001/ARTZIP/R_181_Toyohara Kunichika/R_181_Toyohara Kunichika/Kunichika_ 13.jpg	extracted
/Users/bear/Documents/CoWork/bear-textbooks/books/art/extracted/ARTZIP-20260801T011809Z-1-001/ARTZIP/R_181_Toyohara Kunichika.zip	R_181_Toyohara Kunichika/Kunichika_1845-03.jpg	/Users/bear/Documents/CoWork/bear-textbooks/books/art/extracted/extracted/ARTZIP-20260801T011809Z-1-001/ARTZIP/R_181_Toyohara Kunichika/R_181_Toyohara Kunichika/Kunichika_1845-03.jpg	extracted
/Users/bear/Documents/CoWork/bear-textbooks/books/art/extracted/ARTZIP-20260801T011809Z-1-001/ARTZIP/R_181_Toyohara Kunichika.zip	R_181_Toyohara Kunichika/Kunichika_9546-µ¥▒µ╡╖Θüô_Φìëµ┤Ñ.jpg	/Users/bear/Documents/CoWork/bear-textbooks/books/art/extracted/extracted/ARTZIP-20260801T011809Z-1-001/ARTZIP/R_181_Toyohara Kunichika/R_181_Toyohara Kunichika/Kunichika_9546-µ¥▒µ╡╖Θüô_Φìëµ┤Ñ.jpg	extracted
/Users/bear/Documents/CoWork/bear-textbooks/books/art/extracted/ARTZIP-20260801T011809Z-1-001/ARTZIP/R_181_Toyohara Kunichika.zip	R_181_Toyohara Kunichika/Kunichika_37-02.jpg	/Users/bear/Documents/CoWork/bear-textbooks/books/art/extracted/extracted/ARTZIP-20260801T011809Z-1-001/ARTZIP/R_181_Toyohara Kunichika/R_181_Toyohara Kunichika/Kunichika_37-02.jpg	extracted
/Users/bear/Documents/CoWork/bear-textbooks/books/art/extracted/ARTZIP-20260801T011809Z-1-001/ARTZIP/R_181_Toyohara Kunichika.zip	R_181_Toyohara Kunichika/Kunichika_068_Σ┐│σä¬σ¢úµëçτö╗.jpg	/Users/bear/Documents/CoWork/bear-textbooks/books/art/extracted/extracted/ARTZIP-20260801T011809Z-1-001/ARTZIP/R_181_Toyohara Kunichika/R_181_Toyohara Kunichika/Kunichika_068_Σ┐│σä¬σ¢úµëçτö╗.jpg	extracted
/Users/bear/Documents/CoWork/bear-textbooks/books/art/extracted/ARTZIP-20260801T011809Z-1-001/ARTZIP/R_181_Toyohara Kunichika.zip	R_181_Toyohara Kunichika/Kunichika_9482-II-µ¥▒µ╡╖ΘüôσÉìµëÇΣ╣ïσåà_Θ╢┤Φªï.jpg	/Users/bear/Documents/CoWork/bear-textbooks/books/art/extracted/extracted/ARTZIP-20260801T011809Z-1-001/ARTZIP/R_181_Toyohara Kunichika/R_181_Toyohara Kunichika/Kunichika_9482-II-µ¥▒µ╡╖ΘüôσÉìµëÇΣ╣ïσåà_Θ╢┤Φªï.jpg	extracted
/Users/bear/Documents/CoWork/bear-textbooks/books/art/extracted/ARTZIP-20260801T011809Z-1-001/ARTZIP/R_181_Toyohara Kunichika.zip	R_181_Toyohara Kunichika/Kunichika_1844_cmb.jpg	/Users/bear/Documents/CoWork/bear-textbooks/books/art/extracted/extracted/ARTZIP-20260801T011809Z-1-001/ARTZIP/R_181_Toyohara Kunichika/R_181_Toyohara Kunichika/Kunichika_1844_cmb.jpg	extracted
/Users/bear/Documents/CoWork/bear-textbooks/books/art/extracted/ARTZIP-20260801T011809Z-1-001/ARTZIP/R_181_Toyohara Kunichika.zip	R_181_Toyohara Kunichika/Kunichika_3312_σ╜ôσïóΣ╕ëσìüΣ║îµâ│_πü»πüÖπéÖπü┐τ¢╕-µÿÄµ▓╗1.jpg	/Users/bear/Documents/CoWork/bear-textbooks/books/art/extracted/extracted/ARTZIP-20260801T011809Z-1-001/ARTZIP/R_181_Toyohara Kunichika/R_181_Toyohara Kunichika/Kunichika_3312_σ╜ôσïóΣ╕ëσìüΣ║îµâ│_πü»πüÖπéÖπü┐τ¢╕-µÿÄµ▓╗1.jpg	extracted
/Users/bear/Documents/CoWork/bear-textbooks/books/art/extracted/ARTZIP-20260801T011809Z-1-001/ARTZIP/R_181_Toyohara Kunichika.zip	R_181_Toyohara Kunichika/Kunichika_3396_ΦÖ╣πé▒σ╢╜µ¥úσÅ│Φí¢ΘûÇ.jpg	/Users/bear/Documents/CoWork/bear-textbooks/books/art/extracted/extracted/ARTZIP-20260801T011809Z-1-001/ARTZIP/R_181_Toyohara Kunichika/R_181_Toyohara Kunichika/Kunichika_3396_ΦÖ╣πé▒σ╢╜µ¥úσÅ│Φí¢ΘûÇ.jpg	extracted
/Users/bear/Documents/CoWork/bear-textbooks/books/art/extracted/ARTZIP-20260801T011809Z-1-001/ARTZIP/R_181_Toyohara Kunichika.zip	R_181_Toyohara Kunichika/Kunichika_3305_σ╜ôσïóΣ╕ëσìüΣ║îµâ│_σ╕░πüùπü¿πééτäíπüòτ¢╕-µÿÄµ▓╗1.jpg	/Users/bear/Documents/CoWork/bear-textbooks/books/art/extracted/extracted/ARTZIP-20260801T011809Z-1-001/ARTZIP/R_181_Toyohara Kunichika/R_181_Toyohara Kunichika/Kunichika_3305_σ╜ôσïóΣ╕ëσìüΣ║îµâ│_σ╕░πüùπü¿πééτäíπüòτ¢╕-µÿÄµ▓╗1.jpg	extracted
/Users/bear/Documents/CoWork/bear-textbooks/books/art/extracted/ARTZIP-20260801T011809Z-1-001/ARTZIP/R_181_Toyohara Kunichika.zip	R_181_Toyohara Kunichika/Kunichika_2638_µ¡ªτö░σï¥Θá╝_µ▓óπéÇπéëΦ¿Ñσìçπâ╗σà½Θçìσ₧úσº½_µ▓óµ¥æτö░Σ╣ïσè⌐-cmb.jpg	/Users/bear/Documents/CoWork/bear-textbooks/books/art/extracted/extracted/ARTZIP-20260801T011809Z-1-001/ARTZIP/R_181_Toyohara Kunichika/R_181_Toyohara Kunichika/Kunichika_2638_µ¡ªτö░σï¥Θá╝_µ▓óπéÇπéëΦ¿Ñσìçπâ╗σà½Θçìσ₧úσº½_µ▓óµ¥æτö░Σ╣ïσè⌐-cmb.jpg	extracted
/Users/bear/Documents/CoWork/bear-textbooks/books/art/extracted/ARTZIP-20260801T011809Z-1-001/ARTZIP/R_181_Toyohara Kunichika.zip	R_181_Toyohara Kunichika/Kunichika_3204-µ¥▒Θâ╜Σ╕ëσìüσà¡µÖ»σåà_σ▒▒τÄï-σàâµ▓╗1.jpg	/Users/bear/Documents/CoWork/bear-textbooks/books/art/extracted/extracted/ARTZIP-20260801T011809Z-1-001/ARTZIP/R_181_Toyohara Kunichika/R_181_Toyohara Kunichika/Kunichika_3204-µ¥▒Θâ╜Σ╕ëσìüσà¡µÖ»σåà_σ▒▒τÄï-σàâµ▓╗1.jpg	extracted
/Users/bear/Documents/CoWork/bear-textbooks/books/art/extracted/ARTZIP-20260801T011809Z-1-001/ARTZIP/R_181_Toyohara Kunichika.zip	R_181_Toyohara Kunichika/Kunichika_1412_01_σÉìσÅñσ▒ïσ▒▒Σ╕ë_µ▓óµ¥æΦ¿Ñσìçπâ╗Σ╕ìτá┤Σ╝┤σ╖ªΦí¢ΘûÇ_σ¥éµ¥▒σ╜ªΣ╕ëΘâÄπâ╗Σ╕ïΘâ¿Θ╣┐Φö╡_σ¥éµ¥▒σñ¬ΘâÄ-µà╢σ┐£3.jpg	/Users/bear/Documents/CoWork/bear-textbooks/books/art/extracted/extracted/ARTZIP-20260801T011809Z-1-001/ARTZIP/R_181_Toyohara Kunichika/R_181_Toyohara Kunichika/Kunichika_1412_01_σÉìσÅñσ▒ïσ▒▒Σ╕ë_µ▓óµ¥æΦ¿Ñσìçπâ╗Σ╕ìτá┤Σ╝┤σ╖ªΦí¢ΘûÇ_σ¥éµ¥▒σ╜ªΣ╕ëΘâÄπâ╗Σ╕ïΘâ¿Θ╣┐Φö╡_σ¥éµ¥▒σñ¬ΘâÄ-µà╢σ┐£3.jpg	extracted
/Users/bear/Documents/CoWork/bear-textbooks/books/art/extracted/ARTZIP-20260801T011809Z-1-001/ARTZIP/R_181_Toyohara Kunichika.zip	R_181_Toyohara Kunichika/Kawanabe_Kyosai_Historic_spots_at_Urashima,_Kanagawa.jpg	/Users/bear/Documents/CoWork/bear-textbooks/books/art/extracted/extracted/ARTZIP-20260801T011809Z-1-001/ARTZIP/R_181_Toyohara Kunichika/R_181_Toyohara Kunichika/Kawanabe_Kyosai_Historic_spots_at_Urashima,_Kanagawa.jpg	extracted
/Users/bear/Documents/CoWork/bear-textbooks/books/art/extracted/ARTZIP-20260801T011809Z-1-001/ARTZIP/R_181_Toyohara Kunichika.zip	R_181_Toyohara Kunichika/Samoerai_Aoyama_en_het_spookOkiku.jpg	/Users/bear/Documents/CoWork/bear-textbooks/books/art/extracted/extracted/ARTZIP-20260801T011809Z-1-001/ARTZIP/R_181_Toyohara Kunichika/R_181_Toyohara Kunichika/Samoerai_Aoyama_en_het_spookOkiku.jpg	extracted
/Users/bear/Documents/CoWork/bear-textbooks/books/art/extracted/ARTZIP-20260801T011809Z-1-001/ARTZIP/R_181_Toyohara Kunichika.zip	R_181_Toyohara Kunichika/Kunichika_1931_Σ╜ÉΦùñΣ╕ÄΦîéΣ╕â_σ░╛Σ╕èΦÅèΣ║öΘâÄ.jpg	/Users/bear/Documents/CoWork/bear-textbooks/books/art/extracted/extracted/ARTZIP-20260801T011809Z-1-001/ARTZIP/R_181_Toyohara Kunichika/R_181_Toyohara Kunichika/Kunichika_1931_Σ╜ÉΦùñΣ╕ÄΦîéΣ╕â_σ░╛Σ╕èΦÅèΣ║öΘâÄ.jpg	extracted
/Users/bear/Documents/CoWork/bear-textbooks/books/art/extracted/ARTZIP-20260801T011809Z-1-001/ARTZIP/R_181_Toyohara Kunichika.zip	R_181_Toyohara Kunichika/Kunichika_9501-II-µ¥▒µ╡╖Θüô_τö▒Σ║ò-µûçΣ╣à3.jpg	/Users/bear/Documents/CoWork/bear-textbooks/books/art/extracted/extracted/ARTZIP-20260801T011809Z-1-001/ARTZIP/R_181_Toyohara Kunichika/R_181_Toyohara Kunichika/Kunichika_9501-II-µ¥▒µ╡╖Θüô_τö▒Σ║ò-µûçΣ╣à3.jpg	extracted
/Users/bear/Documents/CoWork/bear-textbooks/books/art/extracted/ARTZIP-20260801T011809Z-1-001/ARTZIP/R_181_Toyohara Kunichika.zip	R_181_Toyohara Kunichika/Kunichika_37-03.jpg	/Users/bear/Documents/CoWork/bear-textbooks/books/art/extracted/extracted/ARTZIP-20260801T011809Z-1-001/ARTZIP/R_181_Toyohara Kunichika/R_181_Toyohara Kunichika/Kunichika_37-03.jpg	extracted
/Users/bear/Documents/CoWork/bear-textbooks/books/art/extracted/ARTZIP-20260801T011809Z-1-001/ARTZIP/R_181_Toyohara Kunichika.zip	R_181_Toyohara Kunichika/Kunichika_9536-µ¥▒µ╡╖ΘüôσÉìµëÇΣ╣ïσåà_Σ║¼σèáΦîé-µûçΣ╣à3.jpg	/Users/bear/Documents/CoWork/bear-textbooks/books/art/extracted/extracted/ARTZIP-20260801T011809Z-1-001/ARTZIP/R_181_Toyohara Kunichika/R_181_Toyohara Kunichika/Kunichika_9536-µ¥▒µ╡╖ΘüôσÉìµëÇΣ╣ïσåà_Σ║¼σèáΦîé-µûçΣ╣à3.jpg	extracted
/Users/bear/Documents/CoWork/bear-textbooks/books/art/extracted/ARTZIP-20260801T011809Z-1-001/ARTZIP/R_181_Toyohara Kunichika.zip	R_181_Toyohara Kunichika/Kunichika_1845-02.jpg	/Users/bear/Documents/CoWork/bear-textbooks/books/art/extracted/extracted/ARTZIP-20260801T011809Z-1-001/ARTZIP/R_181_Toyohara Kunichika/R_181_Toyohara Kunichika/Kunichika_1845-02.jpg	extracted
/Users/bear/Documents/CoWork/bear-textbooks/books/art/extracted/ARTZIP-20260801T011809Z-1-001/ARTZIP/R_181_Toyohara Kunichika.zip	R_181_Toyohara Kunichika/Kunichika_9462-II-µ¥▒µ╡╖Θüô_σñºσ╕½µ▓│σÄƒ-µûçΣ╣à3.jpg	/Users/bear/Documents/CoWork/bear-textbooks/books/art/extracted/extracted/ARTZIP-20260801T011809Z-1-001/ARTZIP/R_181_Toyohara Kunichika/R_181_Toyohara Kunichika/Kunichika_9462-II-µ¥▒µ╡╖Θüô_σñºσ╕½µ▓│σÄƒ-µûçΣ╣à3.jpg	extracted
/Users/bear/Documents/CoWork/bear-textbooks/books/art/extracted/ARTZIP-20260801T011809Z-1-001/ARTZIP/R_181_Toyohara Kunichika.zip	R_181_Toyohara Kunichika/Kunichika_3394_µ¥╛πé▒µ₧¥σû£Σ╕ëΘâÄ.jpg	/Users/bear/Documents/CoWork/bear-textbooks/books/art/extracted/extracted/ARTZIP-20260801T011809Z-1-001/ARTZIP/R_181_Toyohara Kunichika/R_181_Toyohara Kunichika/Kunichika_3394_µ¥╛πé▒µ₧¥σû£Σ╕ëΘâÄ.jpg	extracted
/Users/bear/Documents/CoWork/bear-textbooks/books/art/extracted/ARTZIP-20260801T011809Z-1-001/ARTZIP/R_181_Toyohara Kunichika.zip	R_181_Toyohara Kunichika/Kunichika_9660.jpg	/Users/bear/Documents/CoWork/bear-textbooks/books/art/extracted/extracted/ARTZIP-20260801T011809Z-1-001/ARTZIP/R_181_Toyohara Kunichika/R_181_Toyohara Kunichika/Kunichika_9660.jpg	extracted
/Users/bear/Documents/CoWork/bear-textbooks/books/art/extracted/ARTZIP-20260801T011809Z-1-001/ARTZIP/R_181_Toyohara Kunichika.zip	R_181_Toyohara Kunichika/Kunichika_7227_Φ▒¬σéæσÑçΦíôτ½╢_σñ⌐τ½║σ╛│σà╡Φí¢_σ░╛Σ╕èΦÅèΣ║öΘâÄ-µûçΣ╣à1.jpg	/Users/bear/Documents/CoWork/bear-textbooks/books/art/extracted/extracted/ARTZIP-20260801T011809Z-1-001/ARTZIP/R_181_Toyohara Kunichika/R_181_Toyohara Kunichika/Kunichika_7227_Φ▒¬σéæσÑçΦíôτ½╢_σñ⌐τ½║σ╛│σà╡Φí¢_σ░╛Σ╕èΦÅèΣ║öΘâÄ-µûçΣ╣à1.jpg	extracted
/Users/bear/Documents/CoWork/bear-textbooks/books/art/extracted/ARTZIP-20260801T011809Z-1-001/ARTZIP/R_181_Toyohara Kunichika.zip	R_181_Toyohara Kunichika/Kunichika_9573-Ikkyo╠äsai_Tsuyanaga-µ¥▒µ╡╖ΘüôσÉìµëÇΣ╣ïσåà_τÖ╜Θ│ÑµÿÄτÑ₧-µûçΣ╣à3.jpg	/Users/bear/Documents/CoWork/bear-textbooks/books/art/extracted/extracted/ARTZIP-20260801T011809Z-1-001/ARTZIP/R_181_Toyohara Kunichika/R_181_Toyohara Kunichika/Kunichika_9573-Ikkyo╠äsai_Tsuyanaga-µ¥▒µ╡╖ΘüôσÉìµëÇΣ╣ïσåà_τÖ╜Θ│ÑµÿÄτÑ₧-µûçΣ╣à3.jpg	extracted
/Users/bear/Documents/CoWork/bear-textbooks/books/art/extracted/ARTZIP-20260801T011809Z-1-001/ARTZIP/R_181_Toyohara Kunichika.zip	R_181_Toyohara Kunichika/Kunichika_ 10.jpg	/Users/bear/Documents/CoWork/bear-textbooks/books/art/extracted/extracted/ARTZIP-20260801T011809Z-1-001/ARTZIP/R_181_Toyohara Kunichika/R_181_Toyohara Kunichika/Kunichika_ 10.jpg	extracted
/Users/bear/Documents/CoWork/bear-textbooks/books/art/extracted/ARTZIP-20260801T011809Z-1-001/ARTZIP/R_181_Toyohara Kunichika.zip	R_181_Toyohara Kunichika/Kunichika_37-01.jpg	/Users/bear/Documents/CoWork/bear-textbooks/books/art/extracted/extracted/ARTZIP-20260801T011809Z-1-001/ARTZIP/R_181_Toyohara Kunichika/R_181_Toyohara Kunichika/Kunichika_37-01.jpg	extracted
/Users/bear/Documents/CoWork/bear-textbooks/books/art/extracted/ARTZIP-20260801T011809Z-1-001/ARTZIP/R_181_Toyohara Kunichika.zip	R_181_Toyohara Kunichika/Kunichika_9504-µ¥▒µ╡╖ΘüôσÉìµëÇΣ╣ïσåà_τºïΦæëσ▒▒-µûçΣ╣à3.jpg	/Users/bear/Documents/CoWork/bear-textbooks/books/art/extracted/extracted/ARTZIP-20260801T011809Z-1-001/ARTZIP/R_181_Toyohara Kunichika/R_181_Toyohara Kunichika/Kunichika_9504-µ¥▒µ╡╖ΘüôσÉìµëÇΣ╣ïσåà_τºïΦæëσ▒▒-µûçΣ╣à3.jpg	extracted
/Users/bear/Documents/CoWork/bear-textbooks/books/art/extracted/ARTZIP-20260801T011809Z-1-001/ARTZIP/R_181_Toyohara Kunichika.zip	R_181_Toyohara Kunichika/Kunichika_071_Σ┐│σä¬σ¢úµëçτö╗.jpg	/Users/bear/Documents/CoWork/bear-textbooks/books/art/extracted/extracted/ARTZIP-20260801T011809Z-1-001/ARTZIP/R_181_Toyohara Kunichika/R_181_Toyohara Kunichika/Kunichika_071_Σ┐│σä¬σ¢úµëçτö╗.jpg	extracted
/Users/bear/Documents/CoWork/bear-textbooks/books/art/extracted/ARTZIP-20260801T011809Z-1-001/ARTZIP/R_181_Toyohara Kunichika.zip	R_181_Toyohara Kunichika/Kunichika_9516-II-µ¥▒µ╡╖Θüô_ΘçæΦ░╖µùÑσ¥éΣ╣ïΘûôΦÅèσ╖¥.jpg	/Users/bear/Documents/CoWork/bear-textbooks/books/art/extracted/extracted/ARTZIP-20260801T011809Z-1-001/ARTZIP/R_181_Toyohara Kunichika/R_181_Toyohara Kunichika/Kunichika_9516-II-µ¥▒µ╡╖Θüô_ΘçæΦ░╖µùÑσ¥éΣ╣ïΘûôΦÅèσ╖¥.jpg	extracted
/Users/bear/Documents/CoWork/bear-textbooks/books/art/extracted/ARTZIP-20260801T011809Z-1-001/ARTZIP/R_181_Toyohara Kunichika.zip	R_181_Toyohara Kunichika/Kunichika_2636_01_πéåπüåσÑ│τÖ╜σÑ│_σ¥éµ¥▒Σ╕ëµ┤ÑΣ║öΘâÄπâ╗σ╛íµ¢╣σ¡Éτë¢ΦïÑΣ╕╕_µ▓óµ¥æΦ¿Ñσìçπâ╗τåèσ¥éΘò╖πü»πéô_Σ╕¡µ¥æΦè¥τ┐½-µÿÄµ▓╗1.jpg	/Users/bear/Documents/CoWork/bear-textbooks/books/art/extracted/extracted/ARTZIP-20260801T011809Z-1-001/ARTZIP/R_181_Toyohara Kunichika/R_181_Toyohara Kunichika/Kunichika_2636_01_πéåπüåσÑ│τÖ╜σÑ│_σ¥éµ¥▒Σ╕ëµ┤ÑΣ║öΘâÄπâ╗σ╛íµ¢╣σ¡Éτë¢ΦïÑΣ╕╕_µ▓óµ¥æΦ¿Ñσìçπâ╗τåèσ¥éΘò╖πü»πéô_Σ╕¡µ¥æΦè¥τ┐½-µÿÄµ▓╗1.jpg	extracted
/Users/bear/Documents/CoWork/bear-textbooks/books/art/extracted/ARTZIP-20260801T011809Z-1-001/ARTZIP/R_181_Toyohara Kunichika.zip	R_181_Toyohara Kunichika/Kunichika_9488-µ¥▒µ╡╖Θüô_µ▒ƒσ░╗.jpg	/Users/bear/Documents/CoWork/bear-textbooks/books/art/extracted/extracted/ARTZIP-20260801T011809Z-1-001/ARTZIP/R_181_Toyohara Kunichika/R_181_Toyohara Kunichika/Kunichika_9488-µ¥▒µ╡╖Θüô_µ▒ƒσ░╗.jpg	extracted
/Users/bear/Documents/CoWork/bear-textbooks/books/art/extracted/ARTZIP-20260801T011809Z-1-001/ARTZIP/R_181_Toyohara Kunichika.zip	R_181_Toyohara Kunichika/Kunichika_9565-µ¥▒µ╡╖Θüô_ΦóïΣ║ò.jpg	/Users/bear/Documents/CoWork/bear-textbooks/books/art/extracted/extracted/ARTZIP-20260801T011809Z-1-001/ARTZIP/R_181_Toyohara Kunichika/R_181_Toyohara Kunichika/Kunichika_9565-µ¥▒µ╡╖Θüô_ΦóïΣ║ò.jpg	extracted
/Users/bear/Documents/CoWork/bear-textbooks/books/art/extracted/ARTZIP-20260801T011809Z-1-001/ARTZIP/R_181_Toyohara Kunichika.zip	R_181_Toyohara Kunichika/Kunichika_3321_Φªïτ½ïσ╝üµà╢µÅâ_Σ║öµ¥íµ⌐ï_σ╕éσ╖¥σ╖ªσ¢úµ¼í-µÿÄµ▓╗5.jpg	/Users/bear/Documents/CoWork/bear-textbooks/books/art/extracted/extracted/ARTZIP-20260801T011809Z-1-001/ARTZIP/R_181_Toyohara Kunichika/R_181_Toyohara Kunichika/Kunichika_3321_Φªïτ½ïσ╝üµà╢µÅâ_Σ║öµ¥íµ⌐ï_σ╕éσ╖¥σ╖ªσ¢úµ¼í-µÿÄµ▓╗5.jpg	extracted
/Users/bear/Documents/CoWork/bear-textbooks/books/art/extracted/ARTZIP-20260801T011809Z-1-001/ARTZIP/R_181_Toyohara Kunichika.zip	R_181_Toyohara Kunichika/Kunichika_2633_02_σìâσ┤Äσ╝ÑΣ║öΘâÄ_µ▓│σÄƒσ┤Äµ¿⌐Σ╣ïσè⌐πâ╗µù⌐ΘçÄσïÿσ╣│_σ░╛Σ╕èΦÅèΣ║öΘâÄπâ╗Σ╕ìµ│óµò░σÅ│Φí¢ΘûÇ_σñºΦ░╖τ┤½Θüô-µÿÄµ▓╗3.jpg	/Users/bear/Documents/CoWork/bear-textbooks/books/art/extracted/extracted/ARTZIP-20260801T011809Z-1-001/ARTZIP/R_181_Toyohara Kunichika/R_181_Toyohara Kunichika/Kunichika_2633_02_σìâσ┤Äσ╝ÑΣ║öΘâÄ_µ▓│σÄƒσ┤Äµ¿⌐Σ╣ïσè⌐πâ╗µù⌐ΘçÄσïÿσ╣│_σ░╛Σ╕èΦÅèΣ║öΘâÄπâ╗Σ╕ìµ│óµò░σÅ│Φí¢ΘûÇ_σñºΦ░╖τ┤½Θüô-µÿÄµ▓╗3.jpg	extracted
/Users/bear/Documents/CoWork/bear-textbooks/books/art/extracted/ARTZIP-20260801T011809Z-1-001/ARTZIP/R_181_Toyohara Kunichika.zip	R_181_Toyohara Kunichika/Kunichika_9588-II-µ¥▒µ╡╖Θüô_σ╣│σíÜ.jpg	/Users/bear/Documents/CoWork/bear-textbooks/books/art/extracted/extracted/ARTZIP-20260801T011809Z-1-001/ARTZIP/R_181_Toyohara Kunichika/R_181_Toyohara Kunichika/Kunichika_9588-II-µ¥▒µ╡╖Θüô_σ╣│σíÜ.jpg	extracted
/Users/bear/Documents/CoWork/bear-textbooks/books/art/extracted/ARTZIP-20260801T011809Z-1-001/ARTZIP/R_181_Toyohara Kunichika.zip	R_181_Toyohara Kunichika/Kunichika_9562-µ¥▒µ╡╖Θüô_σÉëτö░σà╢Σ║î-µûçΣ╣à3.jpg	/Users/bear/Documents/CoWork/bear-textbooks/books/art/extracted/extracted/ARTZIP-20260801T011809Z-1-001/ARTZIP/R_181_Toyohara Kunichika/R_181_Toyohara Kunichika/Kunichika_9562-µ¥▒µ╡╖Θüô_σÉëτö░σà╢Σ║î-µûçΣ╣à3.jpg	extracted
/Users/bear/Documents/CoWork/bear-textbooks/books/art/extracted/ARTZIP-20260801T011809Z-1-001/ARTZIP/R_181_Toyohara Kunichika.zip	R_181_Toyohara Kunichika/Kunichika_9542_µ¥▒µ╡╖Θüô_µ░┤σÅú-µûçΣ╣à3.jpg	/Users/bear/Documents/CoWork/bear-textbooks/books/art/extracted/extracted/ARTZIP-20260801T011809Z-1-001/ARTZIP/R_181_Toyohara Kunichika/R_181_Toyohara Kunichika/Kunichika_9542_µ¥▒µ╡╖Θüô_µ░┤σÅú-µûçΣ╣à3.jpg	extracted
/Users/bear/Documents/CoWork/bear-textbooks/books/art/extracted/ARTZIP-20260801T011809Z-1-001/ARTZIP/R_181_Toyohara Kunichika.zip	R_181_Toyohara Kunichika/Kunichika_9500-µ¥▒µ╡╖Θüô_σÄƒ-µûçΣ╣à3.jpg	/Users/bear/Documents/CoWork/bear-textbooks/books/art/extracted/extracted/ARTZIP-20260801T011809Z-1-001/ARTZIP/R_181_Toyohara Kunichika/R_181_Toyohara Kunichika/Kunichika_9500-µ¥▒µ╡╖Θüô_σÄƒ-µûçΣ╣à3.jpg	extracted
/Users/bear/Documents/CoWork/bear-textbooks/books/art/extracted/ARTZIP-20260801T011809Z-1-001/ARTZIP/R_181_Toyohara Kunichika.zip	R_181_Toyohara Kunichika/Kunichika_3322_Φªïτ½ïσ╝üµà╢µÅâ_σ«ëσ«à_Σ╕¡µ¥æΦè¥τ┐½-µÿÄµ▓╗5.jpg	/Users/bear/Documents/CoWork/bear-textbooks/books/art/extracted/extracted/ARTZIP-20260801T011809Z-1-001/ARTZIP/R_181_Toyohara Kunichika/R_181_Toyohara Kunichika/Kunichika_3322_Φªïτ½ïσ╝üµà╢µÅâ_σ«ëσ«à_Σ╕¡µ¥æΦè¥τ┐½-µÿÄµ▓╗5.jpg	extracted
/Users/bear/Documents/CoWork/bear-textbooks/books/art/extracted/ARTZIP-20260801T011809Z-1-001/ARTZIP/R_181_Toyohara Kunichika.zip	R_181_Toyohara Kunichika/Kunichika_1845-01.jpg	/Users/bear/Documents/CoWork/bear-textbooks/books/art/extracted/extracted/ARTZIP-20260801T011809Z-1-001/ARTZIP/R_181_Toyohara Kunichika/R_181_Toyohara Kunichika/Kunichika_1845-01.jpg	extracted
/Users/bear/Documents/CoWork/bear-textbooks/books/art/extracted/ARTZIP-20260801T011809Z-1-001/ARTZIP/R_181_Toyohara Kunichika.zip	R_181_Toyohara Kunichika/Kunichika_34_cmb.jpg	/Users/bear/Documents/CoWork/bear-textbooks/books/art/extracted/extracted/ARTZIP-20260801T011809Z-1-001/ARTZIP/R_181_Toyohara Kunichika/R_181_Toyohara Kunichika/Kunichika_34_cmb.jpg	extracted
/Users/bear/Documents/CoWork/bear-textbooks/books/art/extracted/ARTZIP-20260801T011809Z-1-001/ARTZIP/R_181_Toyohara Kunichika.zip	R_181_Toyohara Kunichika/Kunichika_ 11.jpg	/Users/bear/Documents/CoWork/bear-textbooks/books/art/extracted/extracted/ARTZIP-20260801T011809Z-1-001/ARTZIP/R_181_Toyohara Kunichika/R_181_Toyohara Kunichika/Kunichika_ 11.jpg	extracted
/Users/bear/Documents/CoWork/bear-textbooks/books/art/extracted/ARTZIP-20260801T011809Z-1-001/ARTZIP/R_181_Toyohara Kunichika.zip	R_181_Toyohara Kunichika/Samoerai_Aoyama_en_het_spook_Okiku.jpg	/Users/bear/Documents/CoWork/bear-textbooks/books/art/extracted/extracted/ARTZIP-20260801T011809Z-1-001/ARTZIP/R_181_Toyohara Kunichika/R_181_Toyohara Kunichika/Samoerai_Aoyama_en_het_spook_Okiku.jpg	extracted
/Users/bear/Documents/CoWork/bear-textbooks/books/art/extracted/ARTZIP-20260801T011809Z-1-001/ARTZIP/R_181_Toyohara Kunichika.zip	R_181_Toyohara Kunichika/Kunichika_7980_∩╝êσ╕éσ╖¥µû░Σ╣ïσè⌐µ▓│σÄƒσ┤Äτ┤½µëçσÅúΣ╕èπü«σ¢│∩╝ë-µûçΣ╣à3.jpg	/Users/bear/Documents/CoWork/bear-textbooks/books/art/extracted/extracted/ARTZIP-20260801T011809Z-1-001/ARTZIP/R_181_Toyohara Kunichika/R_181_Toyohara Kunichika/Kunichika_7980_∩╝êσ╕éσ╖¥µû░Σ╣ïσè⌐µ▓│σÄƒσ┤Äτ┤½µëçσÅúΣ╕èπü«σ¢│∩╝ë-µûçΣ╣à3.jpg	extracted
/Users/bear/Documents/CoWork/bear-textbooks/books/art/extracted/ARTZIP-20260801T011809Z-1-001/ARTZIP/R_181_Toyohara Kunichika.zip	R_181_Toyohara Kunichika/Kunichika_33-03.jpg	/Users/bear/Documents/CoWork/bear-textbooks/books/art/extracted/extracted/ARTZIP-20260801T011809Z-1-001/ARTZIP/R_181_Toyohara Kunichika/R_181_Toyohara Kunichika/Kunichika_33-03.jpg	extracted
/Users/bear/Documents/CoWork/bear-textbooks/books/art/extracted/ARTZIP-20260801T011809Z-1-001/ARTZIP/R_181_Toyohara Kunichika.zip	R_181_Toyohara Kunichika/Genji_Viewing_Snow_From_a_Balcony.jpg	/Users/bear/Documents/CoWork/bear-textbooks/books/art/extracted/extracted/ARTZIP-20260801T011809Z-1-001/ARTZIP/R_181_Toyohara Kunichika/R_181_Toyohara Kunichika/Genji_Viewing_Snow_From_a_Balcony.jpg	extracted
/Users/bear/Documents/CoWork/bear-textbooks/books/art/extracted/ARTZIP-20260801T011809Z-1-001/ARTZIP/R_181_Toyohara Kunichika.zip	R_181_Toyohara Kunichika/Kunichika_43131.jpg	/Users/bear/Documents/CoWork/bear-textbooks/books/art/extracted/extracted/ARTZIP-20260801T011809Z-1-001/ARTZIP/R_181_Toyohara Kunichika/R_181_Toyohara Kunichika/Kunichika_43131.jpg	extracted
/Users/bear/Documents/CoWork/bear-textbooks/books/art/extracted/ARTZIP-20260801T011809Z-1-001/ARTZIP/R_181_Toyohara Kunichika.zip	R_181_Toyohara Kunichika/Kunichika_1841-02.jpg	/Users/bear/Documents/CoWork/bear-textbooks/books/art/extracted/extracted/ARTZIP-20260801T011809Z-1-001/ARTZIP/R_181_Toyohara Kunichika/R_181_Toyohara Kunichika/Kunichika_1841-02.jpg	extracted
/Users/bear/Documents/CoWork/bear-textbooks/books/art/extracted/ARTZIP-20260801T011809Z-1-001/ARTZIP/R_181_Toyohara Kunichika.zip	R_181_Toyohara Kunichika/Kunichika_1846_cmb.jpg	/Users/bear/Documents/CoWork/bear-textbooks/books/art/extracted/extracted/ARTZIP-20260801T011809Z-1-001/ARTZIP/R_181_Toyohara Kunichika/R_181_Toyohara Kunichika/Kunichika_1846_cmb.jpg	extracted
/Users/bear/Documents/CoWork/bear-textbooks/books/art/extracted/ARTZIP-20260801T011809Z-1-001/ARTZIP/R_181_Toyohara Kunichika.zip	R_181_Toyohara Kunichika/Kunichika_2631_πüƒπéÖπüäπüïπüÅπéÖπéë_µ▓óµ¥æΦ¿Ñσìçπâ╗Φè╕ΦÇàπüèπüìπü«_µ▓óµ¥æτö░Σ╣ïσè⌐πâ╗πü╛πéèπü▓πéìπüä_Σ╕¡µ¥æΦè¥τ┐½-σàâµ▓╗1-cmb.jpg	/Users/bear/Documents/CoWork/bear-textbooks/books/art/extracted/extracted/ARTZIP-20260801T011809Z-1-001/ARTZIP/R_181_Toyohara Kunichika/R_181_Toyohara Kunichika/Kunichika_2631_πüƒπéÖπüäπüïπüÅπéÖπéë_µ▓óµ¥æΦ¿Ñσìçπâ╗Φè╕ΦÇàπüèπüìπü«_µ▓óµ¥æτö░Σ╣ïσè⌐πâ╗πü╛πéèπü▓πéìπüä_Σ╕¡µ¥æΦè¥τ┐½-σàâµ▓╗1-cmb.jpg	extracted
/Users/bear/Documents/CoWork/bear-textbooks/books/art/extracted/ARTZIP-20260801T011809Z-1-001/ARTZIP/R_181_Toyohara Kunichika.zip	R_181_Toyohara Kunichika/Kunichika_9586-µ¥▒µ╡╖ΘüôσÉìµëÇΣ╣ïσåà_µóàµ▓ó-µûçΣ╣à3.jpg	/Users/bear/Documents/CoWork/bear-textbooks/books/art/extracted/extracted/ARTZIP-20260801T011809Z-1-001/ARTZIP/R_181_Toyohara Kunichika/R_181_Toyohara Kunichika/Kunichika_9586-µ¥▒µ╡╖ΘüôσÉìµëÇΣ╣ïσåà_µóàµ▓ó-µûçΣ╣à3.jpg	extracted
/Users/bear/Documents/CoWork/bear-textbooks/books/art/extracted/ARTZIP-20260801T011809Z-1-001/ARTZIP/R_181_Toyohara Kunichika.zip	R_181_Toyohara Kunichika/Kunichika_4956-µ¥▒µ╡╖Θüô_Σ╕ëσ╢ï-µûçΣ╣à3.jpg	/Users/bear/Documents/CoWork/bear-textbooks/books/art/extracted/extracted/ARTZIP-20260801T011809Z-1-001/ARTZIP/R_181_Toyohara Kunichika/R_181_Toyohara Kunichika/Kunichika_4956-µ¥▒µ╡╖Θüô_Σ╕ëσ╢ï-µûçΣ╣à3.jpg	extracted
/Users/bear/Documents/CoWork/bear-textbooks/books/art/extracted/ARTZIP-20260801T011809Z-1-001/ARTZIP/R_181_Toyohara Kunichika.zip	R_181_Toyohara Kunichika/Kunichika_ 8.jpg	/Users/bear/Documents/CoWork/bear-textbooks/books/art/extracted/extracted/ARTZIP-20260801T011809Z-1-001/ARTZIP/R_181_Toyohara Kunichika/R_181_Toyohara Kunichika/Kunichika_ 8.jpg	extracted
/Users/bear/Documents/CoWork/bear-textbooks/books/art/extracted/ARTZIP-20260801T011809Z-1-001/ARTZIP/R_181_Toyohara Kunichika.zip	R_181_Toyohara Kunichika/Kunichika_147_Σ┐│σä¬σ¢úµëçτö╗.jpg	/Users/bear/Documents/CoWork/bear-textbooks/books/art/extracted/extracted/ARTZIP-20260801T011809Z-1-001/ARTZIP/R_181_Toyohara Kunichika/R_181_Toyohara Kunichika/Kunichika_147_Σ┐│σä¬σ¢úµëçτö╗.jpg	extracted
/Users/bear/Documents/CoWork/bear-textbooks/books/art/extracted/ARTZIP-20260801T011809Z-1-001/ARTZIP/R_181_Toyohara Kunichika.zip	R_181_Toyohara Kunichika/Kunichika_9468-µ¥▒µ╡╖ΘüôσÉìµëÇΣ╣ïσåà_ΘÄîσÇëΣ╕âΘçîπüïπéÖµ╡£πü«Θó¿µÖ»-µûçΣ╣à3.jpg	/Users/bear/Documents/CoWork/bear-textbooks/books/art/extracted/extracted/ARTZIP-20260801T011809Z-1-001/ARTZIP/R_181_Toyohara Kunichika/R_181_Toyohara Kunichika/Kunichika_9468-µ¥▒µ╡╖ΘüôσÉìµëÇΣ╣ïσåà_ΘÄîσÇëΣ╕âΘçîπüïπéÖµ╡£πü«Θó¿µÖ»-µûçΣ╣à3.jpg	extracted
/Users/bear/Documents/CoWork/bear-textbooks/books/art/extracted/ARTZIP-20260801T011809Z-1-001/ARTZIP/R_181_Toyohara Kunichika.zip	R_181_Toyohara Kunichika/Kunichika_9477-I-µ¥▒µ╡╖Θüô_µ£¼Φè¥µ£¡πâÄΦ╛╗.jpg	/Users/bear/Documents/CoWork/bear-textbooks/books/art/extracted/extracted/ARTZIP-20260801T011809Z-1-001/ARTZIP/R_181_Toyohara Kunichika/R_181_Toyohara Kunichika/Kunichika_9477-I-µ¥▒µ╡╖Θüô_µ£¼Φè¥µ£¡πâÄΦ╛╗.jpg	extracted
/Users/bear/Documents/CoWork/bear-textbooks/books/art/extracted/ARTZIP-20260801T011809Z-1-001/ARTZIP/R_181_Toyohara Kunichika.zip	R_181_Toyohara Kunichika/Kunichika_9502-µ¥▒µ╡╖ΘüôσÉìµëÇΣ╣ïσåà_µ╕àΦªïσ»║-µûçΣ╣à3.jpg	/Users/bear/Documents/CoWork/bear-textbooks/books/art/extracted/extracted/ARTZIP-20260801T011809Z-1-001/ARTZIP/R_181_Toyohara Kunichika/R_181_Toyohara Kunichika/Kunichika_9502-µ¥▒µ╡╖ΘüôσÉìµëÇΣ╣ïσåà_µ╕àΦªïσ»║-µûçΣ╣à3.jpg	extracted
/Users/bear/Documents/CoWork/bear-textbooks/books/art/extracted/ARTZIP-20260801T011809Z-1-001/ARTZIP/R_181_Toyohara Kunichika.zip	R_181_Toyohara Kunichika/Kunichika_9559-µ¥▒µ╡╖ΘüôσÉìµëÇΣ╣ïσåà_σ╛íΦâ╜µï¥Φªïµ£¥τò¬-µûçΣ╣à3.jpg	/Users/bear/Documents/CoWork/bear-textbooks/books/art/extracted/extracted/ARTZIP-20260801T011809Z-1-001/ARTZIP/R_181_Toyohara Kunichika/R_181_Toyohara Kunichika/Kunichika_9559-µ¥▒µ╡╖ΘüôσÉìµëÇΣ╣ïσåà_σ╛íΦâ╜µï¥Φªïµ£¥τò¬-µûçΣ╣à3.jpg	extracted
/Users/bear/Documents/CoWork/bear-textbooks/books/art/extracted/ARTZIP-20260801T011809Z-1-001/ARTZIP/R_181_Toyohara Kunichika.zip	R_181_Toyohara Kunichika/Kunichika_9474-I-µ¥▒µ╡╖ΘüôΣ╣ïσåà_µ▒ƒµê╕σ░╛σ╝╡Σ╕ü.jpg	/Users/bear/Documents/CoWork/bear-textbooks/books/art/extracted/extracted/ARTZIP-20260801T011809Z-1-001/ARTZIP/R_181_Toyohara Kunichika/R_181_Toyohara Kunichika/Kunichika_9474-I-µ¥▒µ╡╖ΘüôΣ╣ïσåà_µ▒ƒµê╕σ░╛σ╝╡Σ╕ü.jpg	extracted
/Users/bear/Documents/CoWork/bear-textbooks/books/art/extracted/ARTZIP-20260801T011809Z-1-001/ARTZIP/R_181_Toyohara Kunichika.zip	R_181_Toyohara Kunichika/Kunichika_1841-03.jpg	/Users/bear/Documents/CoWork/bear-textbooks/books/art/extracted/extracted/ARTZIP-20260801T011809Z-1-001/ARTZIP/R_181_Toyohara Kunichika/R_181_Toyohara Kunichika/Kunichika_1841-03.jpg	extracted
/Users/bear/Documents/CoWork/bear-textbooks/books/art/extracted/ARTZIP-20260801T011809Z-1-001/ARTZIP/R_181_Toyohara Kunichika.zip	R_181_Toyohara Kunichika/Kunichika_43130.jpg	/Users/bear/Documents/CoWork/bear-textbooks/books/art/extracted/extracted/ARTZIP-20260801T011809Z-1-001/ARTZIP/R_181_Toyohara Kunichika/R_181_Toyohara Kunichika/Kunichika_43130.jpg	extracted
/Users/bear/Documents/CoWork/bear-textbooks/books/art/extracted/ARTZIP-20260801T011809Z-1-001/ARTZIP/R_181_Toyohara Kunichika.zip	R_181_Toyohara Kunichika/Kunichika_9496-II-µ¥▒µ╡╖ΘüôσÉìµëÇΣ╣ïσåà_ΘàÆσîéσ╖¥-µûçΣ╣à3.jpg	/Users/bear/Documents/CoWork/bear-textbooks/books/art/extracted/extracted/ARTZIP-20260801T011809Z-1-001/ARTZIP/R_181_Toyohara Kunichika/R_181_Toyohara Kunichika/Kunichika_9496-II-µ¥▒µ╡╖ΘüôσÉìµëÇΣ╣ïσåà_ΘàÆσîéσ╖¥-µûçΣ╣à3.jpg	extracted
/Users/bear/Documents/CoWork/bear-textbooks/books/art/extracted/ARTZIP-20260801T011809Z-1-001/ARTZIP/R_181_Toyohara Kunichika.zip	R_181_Toyohara Kunichika/Kunichika_33-02.jpg	/Users/bear/Documents/CoWork/bear-textbooks/books/art/extracted/extracted/ARTZIP-20260801T011809Z-1-001/ARTZIP/R_181_Toyohara Kunichika/R_181_Toyohara Kunichika/Kunichika_33-02.jpg	extracted
/Users/bear/Documents/CoWork/bear-textbooks/books/art/extracted/ARTZIP-20260801T011809Z-1-001/ARTZIP/R_181_Toyohara Kunichika.zip	R_181_Toyohara Kunichika/Kunichika_9509-µ¥▒µ╡╖Θüô_σ║£Σ╕¡-µûçΣ╣à3.jpg	/Users/bear/Documents/CoWork/bear-textbooks/books/art/extracted/extracted/ARTZIP-20260801T011809Z-1-001/ARTZIP/R_181_Toyohara Kunichika/R_181_Toyohara Kunichika/Kunichika_9509-µ¥▒µ╡╖Θüô_σ║£Σ╕¡-µûçΣ╣à3.jpg	extracted
/Users/bear/Documents/CoWork/bear-textbooks/books/art/extracted/ARTZIP-20260801T011809Z-1-001/ARTZIP/R_181_Toyohara Kunichika.zip	R_181_Toyohara Kunichika/Kunichika_9510-µ¥▒µ╡╖ΘüôσÉìµëÇΣ╣ïσåà_Σ╣àΦâ╜σ▒▒-µûçΣ╣à3.jpg	/Users/bear/Documents/CoWork/bear-textbooks/books/art/extracted/extracted/ARTZIP-20260801T011809Z-1-001/ARTZIP/R_181_Toyohara Kunichika/R_181_Toyohara Kunichika/Kunichika_9510-µ¥▒µ╡╖ΘüôσÉìµëÇΣ╣ïσåà_Σ╣àΦâ╜σ▒▒-µûçΣ╣à3.jpg	extracted
/Users/bear/Documents/CoWork/bear-textbooks/books/art/extracted/ARTZIP-20260801T011809Z-1-001/ARTZIP/R_181_Toyohara Kunichika.zip	R_181_Toyohara Kunichika/Kunichika_7604_04_σ╜ôΣ╕ûτ╛ÄσÑ│Σ║öΣ║║µÅâ.jpg	/Users/bear/Documents/CoWork/bear-textbooks/books/art/extracted/extracted/ARTZIP-20260801T011809Z-1-001/ARTZIP/R_181_Toyohara Kunichika/R_181_Toyohara Kunichika/Kunichika_7604_04_σ╜ôΣ╕ûτ╛ÄσÑ│Σ║öΣ║║µÅâ.jpg	extracted
/Users/bear/Documents/CoWork/bear-textbooks/books/art/extracted/ARTZIP-20260801T011809Z-1-001/ARTZIP/R_181_Toyohara Kunichika.zip	R_181_Toyohara Kunichika/Kunichika_1841-01.jpg	/Users/bear/Documents/CoWork/bear-textbooks/books/art/extracted/extracted/ARTZIP-20260801T011809Z-1-001/ARTZIP/R_181_Toyohara Kunichika/R_181_Toyohara Kunichika/Kunichika_1841-01.jpg	extracted
/Users/bear/Documents/CoWork/bear-textbooks/books/art/extracted/ARTZIP-20260801T011809Z-1-001/ARTZIP/R_181_Toyohara Kunichika.zip	R_181_Toyohara Kunichika/Kunichika_43132.jpg	/Users/bear/Documents/CoWork/bear-textbooks/books/art/extracted/extracted/ARTZIP-20260801T011809Z-1-001/ARTZIP/R_181_Toyohara Kunichika/R_181_Toyohara Kunichika/Kunichika_43132.jpg	extracted
/Users/bear/Documents/CoWork/bear-textbooks/books/art/extracted/ARTZIP-20260801T011809Z-1-001/ARTZIP/R_181_Toyohara Kunichika.zip	R_181_Toyohara Kunichika/Kunichika_2636_02_πéåπüåσÑ│τÖ╜σÑ│_σ¥éµ¥▒Σ╕ëµ┤ÑΣ║öΘâÄπâ╗σ╛íµ¢╣σ¡Éτë¢ΦïÑΣ╕╕_µ▓óµ¥æΦ¿Ñσìçπâ╗τåèσ¥éΘò╖πü»πéô_Σ╕¡µ¥æΦè¥τ┐½-µÿÄµ▓╗1.jpg	/Users/bear/Documents/CoWork/bear-textbooks/books/art/extracted/extracted/ARTZIP-20260801T011809Z-1-001/ARTZIP/R_181_Toyohara Kunichika/R_181_Toyohara Kunichika/Kunichika_2636_02_πéåπüåσÑ│τÖ╜σÑ│_σ¥éµ¥▒Σ╕ëµ┤ÑΣ║öΘâÄπâ╗σ╛íµ¢╣σ¡Éτë¢ΦïÑΣ╕╕_µ▓óµ¥æΦ¿Ñσìçπâ╗τåèσ¥éΘò╖πü»πéô_Σ╕¡µ¥æΦè¥τ┐½-µÿÄµ▓╗1.jpg	extracted
/Users/bear/Documents/CoWork/bear-textbooks/books/art/extracted/ARTZIP-20260801T011809Z-1-001/ARTZIP/R_181_Toyohara Kunichika.zip	R_181_Toyohara Kunichika/Kunichika_3319_Φªïτ½ïσ╝üµà╢µÅâ_µ¢╕σåÖσ»║_µ▓│σÄƒσ┤ÄΣ╕ëσìç.jpg	/Users/bear/Documents/CoWork/bear-textbooks/books/art/extracted/extracted/ARTZIP-20260801T011809Z-1-001/ARTZIP/R_181_Toyohara Kunichika/R_181_Toyohara Kunichika/Kunichika_3319_Φªïτ½ïσ╝üµà╢µÅâ_µ¢╕σåÖσ»║_µ▓│σÄƒσ┤ÄΣ╕ëσìç.jpg	extracted
/Users/bear/Documents/CoWork/bear-textbooks/books/art/extracted/ARTZIP-20260801T011809Z-1-001/ARTZIP/R_181_Toyohara Kunichika.zip	R_181_Toyohara Kunichika/Kunichika_9537-II-µ¥▒µ╡╖ΘüôσÉìµëÇΣ╣ïσåà_σ¢¢µùÑσ╕éΦ┐╜σêå-µûçΣ╣à3.jpg	/Users/bear/Documents/CoWork/bear-textbooks/books/art/extracted/extracted/ARTZIP-20260801T011809Z-1-001/ARTZIP/R_181_Toyohara Kunichika/R_181_Toyohara Kunichika/Kunichika_9537-II-µ¥▒µ╡╖ΘüôσÉìµëÇΣ╣ïσåà_σ¢¢µùÑσ╕éΦ┐╜σêå-µûçΣ╣à3.jpg	extracted
/Users/bear/Documents/CoWork/bear-textbooks/books/art/extracted/ARTZIP-20260801T011809Z-1-001/ARTZIP/R_181_Toyohara Kunichika.zip	R_181_Toyohara Kunichika/Kunichika_1763_01_Σ╗èµºÿµ║Éµ░ÅΣ╕ëµ¢▓ΘüèΦêêΣ╣ïσ¢│-Σ╕çσ╗╢1.jpg	/Users/bear/Documents/CoWork/bear-textbooks/books/art/extracted/extracted/ARTZIP-20260801T011809Z-1-001/ARTZIP/R_181_Toyohara Kunichika/R_181_Toyohara Kunichika/Kunichika_1763_01_Σ╗èµºÿµ║Éµ░ÅΣ╕ëµ¢▓ΘüèΦêêΣ╣ïσ¢│-Σ╕çσ╗╢1.jpg	extracted
/Users/bear/Documents/CoWork/bear-textbooks/books/art/extracted/ARTZIP-20260801T011809Z-1-001/ARTZIP/R_181_Toyohara Kunichika.zip	R_181_Toyohara Kunichika/Kunichika_9497-µ¥▒µ╡╖ΘüôσÉìµëÇΣ╣ïσåà_Σ╕ëΣ┐¥µ¥╛σÄƒ-µûçΣ╣à3.jpg	/Users/bear/Documents/CoWork/bear-textbooks/books/art/extracted/extracted/ARTZIP-20260801T011809Z-1-001/ARTZIP/R_181_Toyohara Kunichika/R_181_Toyohara Kunichika/Kunichika_9497-µ¥▒µ╡╖ΘüôσÉìµëÇΣ╣ïσåà_Σ╕ëΣ┐¥µ¥╛σÄƒ-µûçΣ╣à3.jpg	extracted
/Users/bear/Documents/CoWork/bear-textbooks/books/art/extracted/ARTZIP-20260801T011809Z-1-001/ARTZIP/R_181_Toyohara Kunichika.zip	R_181_Toyohara Kunichika/Kunichika_36_cmb.jpg	/Users/bear/Documents/CoWork/bear-textbooks/books/art/extracted/extracted/ARTZIP-20260801T011809Z-1-001/ARTZIP/R_181_Toyohara Kunichika/R_181_Toyohara Kunichika/Kunichika_36_cmb.jpg	extracted
/Users/bear/Documents/CoWork/bear-textbooks/books/art/extracted/ARTZIP-20260801T011809Z-1-001/ARTZIP/R_181_Toyohara Kunichika.zip	R_181_Toyohara Kunichika/Kunichika_9465-µ¥▒µ╡╖ΘüôσÉìµëÇΣ╣ïσåà_µ▒ƒΣ╣ïσ│╢-µûçΣ╣à3.jpg	/Users/bear/Documents/CoWork/bear-textbooks/books/art/extracted/extracted/ARTZIP-20260801T011809Z-1-001/ARTZIP/R_181_Toyohara Kunichika/R_181_Toyohara Kunichika/Kunichika_9465-µ¥▒µ╡╖ΘüôσÉìµëÇΣ╣ïσåà_µ▒ƒΣ╣ïσ│╢-µûçΣ╣à3.jpg	extracted
/Users/bear/Documents/CoWork/bear-textbooks/books/art/extracted/ARTZIP-20260801T011809Z-1-001/ARTZIP/R_181_Toyohara Kunichika.zip	R_181_Toyohara Kunichika/Kunichika_3203-µ¥▒Θâ╜Σ╕ëσìüσà¡µÖ»σåà_µ╖▒σ╖¥σà½σ╣í-σàâµ▓╗1.jpg	/Users/bear/Documents/CoWork/bear-textbooks/books/art/extracted/extracted/ARTZIP-20260801T011809Z-1-001/ARTZIP/R_181_Toyohara Kunichika/R_181_Toyohara Kunichika/Kunichika_3203-µ¥▒Θâ╜Σ╕ëσìüσà¡µÖ»σåà_µ╖▒σ╖¥σà½σ╣í-σàâµ▓╗1.jpg	extracted
/Users/bear/Documents/CoWork/bear-textbooks/books/art/extracted/ARTZIP-20260801T011809Z-1-001/ARTZIP/R_181_Toyohara Kunichika.zip	R_181_Toyohara Kunichika/Kunichika_1812_cmb.jpg	/Users/bear/Documents/CoWork/bear-textbooks/books/art/extracted/extracted/ARTZIP-20260801T011809Z-1-001/ARTZIP/R_181_Toyohara Kunichika/R_181_Toyohara Kunichika/Kunichika_1812_cmb.jpg	extracted
/Users/bear/Documents/CoWork/bear-textbooks/books/art/extracted/ARTZIP-20260801T011809Z-1-001/ARTZIP/R_181_Toyohara Kunichika.zip	R_181_Toyohara Kunichika/Kunichika_062_Σ┐│σä¬σ¢úµëçτö╗.jpg	/Users/bear/Documents/CoWork/bear-textbooks/books/art/extracted/extracted/ARTZIP-20260801T011809Z-1-001/ARTZIP/R_181_Toyohara Kunichika/R_181_Toyohara Kunichika/Kunichika_062_Σ┐│σä¬σ¢úµëçτö╗.jpg	extracted
/Users/bear/Documents/CoWork/bear-textbooks/books/art/extracted/ARTZIP-20260801T011809Z-1-001/ARTZIP/R_181_Toyohara Kunichika.zip	R_181_Toyohara Kunichika/Kunichika_2633_01_σìâσ┤Äσ╝ÑΣ║öΘâÄ_µ▓│σÄƒσ┤Äµ¿⌐Σ╣ïσè⌐πâ╗µù⌐ΘçÄσïÿσ╣│_σ░╛Σ╕èΦÅèΣ║öΘâÄπâ╗Σ╕ìµ│óµò░σÅ│Φí¢ΘûÇ_σñºΦ░╖τ┤½Θüô-µÿÄµ▓╗3.jpg	/Users/bear/Documents/CoWork/bear-textbooks/books/art/extracted/extracted/ARTZIP-20260801T011809Z-1-001/ARTZIP/R_181_Toyohara Kunichika/R_181_Toyohara Kunichika/Kunichika_2633_01_σìâσ┤Äσ╝ÑΣ║öΘâÄ_µ▓│σÄƒσ┤Äµ¿⌐Σ╣ïσè⌐πâ╗µù⌐ΘçÄσïÿσ╣│_σ░╛Σ╕èΦÅèΣ║öΘâÄπâ╗Σ╕ìµ│óµò░σÅ│Φí¢ΘûÇ_σñºΦ░╖τ┤½Θüô-µÿÄµ▓╗3.jpg	extracted
/Users/bear/Documents/CoWork/bear-textbooks/books/art/extracted/ARTZIP-20260801T011809Z-1-001/ARTZIP/R_181_Toyohara Kunichika.zip	R_181_Toyohara Kunichika/Kunichika_9555-µ¥▒µ╡╖ΘüôσÉìµëÇΣ╣ïσåà_Σ╕èσèáΦîé-µûçΣ╣à3.jpg	/Users/bear/Documents/CoWork/bear-textbooks/books/art/extracted/extracted/ARTZIP-20260801T011809Z-1-001/ARTZIP/R_181_Toyohara Kunichika/R_181_Toyohara Kunichika/Kunichika_9555-µ¥▒µ╡╖ΘüôσÉìµëÇΣ╣ïσåà_Σ╕èσèáΦîé-µûçΣ╣à3.jpg	extracted
/Users/bear/Documents/CoWork/bear-textbooks/books/art/extracted/ARTZIP-20260801T011809Z-1-001/ARTZIP/R_181_Toyohara Kunichika.zip	R_181_Toyohara Kunichika/Kunichika_3316_σ╜ôσïóΣ╕ëσìüΣ║îµâ│_σåÖπüùπüƒτ¢╕-µÿÄµ▓╗1.jpg	/Users/bear/Documents/CoWork/bear-textbooks/books/art/extracted/extracted/ARTZIP-20260801T011809Z-1-001/ARTZIP/R_181_Toyohara Kunichika/R_181_Toyohara Kunichika/Kunichika_3316_σ╜ôσïóΣ╕ëσìüΣ║îµâ│_σåÖπüùπüƒτ¢╕-µÿÄµ▓╗1.jpg	extracted
/Users/bear/Documents/CoWork/bear-textbooks/books/art/extracted/ARTZIP-20260801T011809Z-1-001/ARTZIP/R_181_Toyohara Kunichika.zip	R_181_Toyohara Kunichika/Kunichika_4957-µ¥▒µ╡╖Θüô_τÖ╜ΘáêΦ│Ç-µûçΣ╣à3.jpg	/Users/bear/Documents/CoWork/bear-textbooks/books/art/extracted/extracted/ARTZIP-20260801T011809Z-1-001/ARTZIP/R_181_Toyohara Kunichika/R_181_Toyohara Kunichika/Kunichika_4957-µ¥▒µ╡╖Θüô_τÖ╜ΘáêΦ│Ç-µûçΣ╣à3.jpg	extracted
/Users/bear/Documents/CoWork/bear-textbooks/books/art/extracted/ARTZIP-20260801T011809Z-1-001/ARTZIP/R_181_Toyohara Kunichika.zip	R_181_Toyohara Kunichika/Kunichika_9554-µ¥▒µ╡╖ΘüôσÉìµëÇΣ╣ïσåà_τ│║µ▓│σÄƒ-µûçΣ╣à3.jpg	/Users/bear/Documents/CoWork/bear-textbooks/books/art/extracted/extracted/ARTZIP-20260801T011809Z-1-001/ARTZIP/R_181_Toyohara Kunichika/R_181_Toyohara Kunichika/Kunichika_9554-µ¥▒µ╡╖ΘüôσÉìµëÇΣ╣ïσåà_τ│║µ▓│σÄƒ-µûçΣ╣à3.jpg	extracted
/Users/bear/Documents/CoWork/bear-textbooks/books/art/extracted/ARTZIP-20260801T011809Z-1-001/ARTZIP/R_181_Toyohara Kunichika.zip	R_181_Toyohara Kunichika/Kunichika_33-01.jpg	/Users/bear/Documents/CoWork/bear-textbooks/books/art/extracted/extracted/ARTZIP-20260801T011809Z-1-001/ARTZIP/R_181_Toyohara Kunichika/R_181_Toyohara Kunichika/Kunichika_33-01.jpg	extracted
/Users/bear/Documents/CoWork/bear-textbooks/books/art/extracted/ARTZIP-20260801T011809Z-1-001/ARTZIP/R_181_Toyohara Kunichika.zip	R_181_Toyohara Kunichika/Kunichika_9508-µ¥▒µ╡╖ΘüôΣ╣ïσåà_σ▓íΘâ¿.jpg	/Users/bear/Documents/CoWork/bear-textbooks/books/art/extracted/extracted/ARTZIP-20260801T011809Z-1-001/ARTZIP/R_181_Toyohara Kunichika/R_181_Toyohara Kunichika/Kunichika_9508-µ¥▒µ╡╖ΘüôΣ╣ïσåà_σ▓íΘâ¿.jpg	extracted
/Users/bear/Documents/CoWork/bear-textbooks/books/art/extracted/ARTZIP-20260801T011809Z-1-001/ARTZIP/R_181_Toyohara Kunichika.zip	R_181_Toyohara Kunichika/Japanese_Woodblock.jpg	/Users/bear/Documents/CoWork/bear-textbooks/books/art/extracted/extracted/ARTZIP-20260801T011809Z-1-001/ARTZIP/R_181_Toyohara Kunichika/R_181_Toyohara Kunichika/Japanese_Woodblock.jpg	extracted
/Users/bear/Documents/CoWork/bear-textbooks/books/art/extracted/ARTZIP-20260801T011809Z-1-001/ARTZIP/R_181_Toyohara Kunichika.zip	R_181_Toyohara Kunichika/Kunichika_2634_03_µ£¥πüìπéèσ│╢Φö╡_σ╕éσ╖¥Σ╣¥Φö╡πâ╗Σ╕Çπü╡πüùπéÖΣ╗üσñ¬ΘâÄ-µà╢σ┐£2.jpg	/Users/bear/Documents/CoWork/bear-textbooks/books/art/extracted/extracted/ARTZIP-20260801T011809Z-1-001/ARTZIP/R_181_Toyohara Kunichika/R_181_Toyohara Kunichika/Kunichika_2634_03_µ£¥πüìπéèσ│╢Φö╡_σ╕éσ╖¥Σ╣¥Φö╡πâ╗Σ╕Çπü╡πüùπéÖΣ╗üσñ¬ΘâÄ-µà╢σ┐£2.jpg	extracted
/Users/bear/Documents/CoWork/bear-textbooks/books/art/extracted/ARTZIP-20260801T011809Z-1-001/ARTZIP/R_181_Toyohara Kunichika.zip	R_181_Toyohara Kunichika/Kunichika_3298_τÅ╛µÖéΣ║öσìüσ¢¢µâà_τ¼¼Σ║îσìüσÅ╖-µÿÄµ▓╗17.jpg	/Users/bear/Documents/CoWork/bear-textbooks/books/art/extracted/extracted/ARTZIP-20260801T011809Z-1-001/ARTZIP/R_181_Toyohara Kunichika/R_181_Toyohara Kunichika/Kunichika_3298_τÅ╛µÖéΣ║öσìüσ¢¢µâà_τ¼¼Σ║îσìüσÅ╖-µÿÄµ▓╗17.jpg	extracted
/Users/bear/Documents/CoWork/bear-textbooks/books/art/extracted/ARTZIP-20260801T011809Z-1-001/ARTZIP/R_181_Toyohara Kunichika.zip	R_181_Toyohara Kunichika/Kunichika_2635_01_σ┐áΦçúΦö╡Σ║öµ«╡τ¢«πâ╗σ┐áΦçúΦö╡σ¢¢µ«╡τ¢«πâ╗σ┐áΦçúΦö╡πâÄΣ╕ëµ«╡τ¢«-µÿÄµ▓╗3.jpg	/Users/bear/Documents/CoWork/bear-textbooks/books/art/extracted/extracted/ARTZIP-20260801T011809Z-1-001/ARTZIP/R_181_Toyohara Kunichika/R_181_Toyohara Kunichika/Kunichika_2635_01_σ┐áΦçúΦö╡Σ║öµ«╡τ¢«πâ╗σ┐áΦçúΦö╡σ¢¢µ«╡τ¢«πâ╗σ┐áΦçúΦö╡πâÄΣ╕ëµ«╡τ¢«-µÿÄµ▓╗3.jpg	extracted
/Users/bear/Documents/CoWork/bear-textbooks/books/art/extracted/ARTZIP-20260801T011809Z-1-001/ARTZIP/R_181_Toyohara Kunichika.zip	R_181_Toyohara Kunichika/Kunichika_9548-II-µ¥▒µ╡╖ΘüôσÉìµëÇΣ╣ïσåà_σèáΦîéσ╖¥ΘüèΦªº.jpg	/Users/bear/Documents/CoWork/bear-textbooks/books/art/extracted/extracted/ARTZIP-20260801T011809Z-1-001/ARTZIP/R_181_Toyohara Kunichika/R_181_Toyohara Kunichika/Kunichika_9548-II-µ¥▒µ╡╖ΘüôσÉìµëÇΣ╣ïσåà_σèáΦîéσ╖¥ΘüèΦªº.jpg	extracted
/Users/bear/Documents/CoWork/bear-textbooks/books/art/extracted/ARTZIP-20260801T011809Z-1-001/ARTZIP/R_181_Toyohara Kunichika.zip	R_181_Toyohara Kunichika/Kunichika_9463-µ¥▒µ╡╖ΘüôΣ╣ïσåàΣ║¼_σñºσåàΦ╣┤Θ₧áΣ╣ïΘüèΦªº-µûçΣ╣à3.jpg	/Users/bear/Documents/CoWork/bear-textbooks/books/art/extracted/extracted/ARTZIP-20260801T011809Z-1-001/ARTZIP/R_181_Toyohara Kunichika/R_181_Toyohara Kunichika/Kunichika_9463-µ¥▒µ╡╖ΘüôΣ╣ïσåàΣ║¼_σñºσåàΦ╣┤Θ₧áΣ╣ïΘüèΦªº-µûçΣ╣à3.jpg	extracted
/Users/bear/Documents/CoWork/bear-textbooks/books/art/extracted/ARTZIP-20260801T011809Z-1-001/ARTZIP/R_181_Toyohara Kunichika.zip	R_181_Toyohara Kunichika/Kunichika_1851-01.jpg	/Users/bear/Documents/CoWork/bear-textbooks/books/art/extracted/extracted/ARTZIP-20260801T011809Z-1-001/ARTZIP/R_181_Toyohara Kunichika/R_181_Toyohara Kunichika/Kunichika_1851-01.jpg	extracted
/Users/bear/Documents/CoWork/bear-textbooks/books/art/extracted/ARTZIP-20260801T011809Z-1-001/ARTZIP/R_181_Toyohara Kunichika.zip	R_181_Toyohara Kunichika/Hanami.jpg	/Users/bear/Documents/CoWork/bear-textbooks/books/art/extracted/extracted/ARTZIP-20260801T011809Z-1-001/ARTZIP/R_181_Toyohara Kunichika/R_181_Toyohara Kunichika/Hanami.jpg	extracted
/Users/bear/Documents/CoWork/bear-textbooks/books/art/extracted/ARTZIP-20260801T011809Z-1-001/ARTZIP/R_181_Toyohara Kunichika.zip	R_181_Toyohara Kunichika/Kunichika_3314_σ╜ôσïóΣ╕ëσìüΣ║îµâ│_σñóπüïπéÖΦªïπüƒτ¢╕-µÿÄµ▓╗1.jpg	/Users/bear/Documents/CoWork/bear-textbooks/books/art/extracted/extracted/ARTZIP-20260801T011809Z-1-001/ARTZIP/R_181_Toyohara Kunichika/R_181_Toyohara Kunichika/Kunichika_3314_σ╜ôσïóΣ╕ëσìüΣ║îµâ│_σñóπüïπéÖΦªïπüƒτ¢╕-µÿÄµ▓╗1.jpg	extracted
/Users/bear/Documents/CoWork/bear-textbooks/books/art/extracted/ARTZIP-20260801T011809Z-1-001/ARTZIP/R_181_Toyohara Kunichika.zip	R_181_Toyohara Kunichika/Kunichika_9476-II-µ¥▒µ╡╖ΘüôσÉìµëÇΣ╣ïσåà_Θ½ÿΦ╝¬σñºµ£¿µê╕.jpg	/Users/bear/Documents/CoWork/bear-textbooks/books/art/extracted/extracted/ARTZIP-20260801T011809Z-1-001/ARTZIP/R_181_Toyohara Kunichika/R_181_Toyohara Kunichika/Kunichika_9476-II-µ¥▒µ╡╖ΘüôσÉìµëÇΣ╣ïσåà_Θ½ÿΦ╝¬σñºµ£¿µê╕.jpg	extracted
/Users/bear/Documents/CoWork/bear-textbooks/books/art/extracted/ARTZIP-20260801T011809Z-1-001/ARTZIP/R_181_Toyohara Kunichika.zip	R_181_Toyohara Kunichika/Kunichika_3315_σ╜ôσïóΣ╕ëσìüΣ║îµâ│_Θ¢▓πüïπéÖπüïπé¥πéèτ¢╕-µÿÄµ▓╗1.jpg	/Users/bear/Documents/CoWork/bear-textbooks/books/art/extracted/extracted/ARTZIP-20260801T011809Z-1-001/ARTZIP/R_181_Toyohara Kunichika/R_181_Toyohara Kunichika/Kunichika_3315_σ╜ôσïóΣ╕ëσìüΣ║îµâ│_Θ¢▓πüïπéÖπüïπé¥πéèτ¢╕-µÿÄµ▓╗1.jpg	extracted
/Users/bear/Documents/CoWork/bear-textbooks/books/art/extracted/ARTZIP-20260801T011809Z-1-001/ARTZIP/R_181_Toyohara Kunichika.zip	R_181_Toyohara Kunichika/Kunichika_2631_01_πüƒπéÖπüäπüïπüÅπéÖπéë_µ▓óµ¥æΦ¿Ñσìçπâ╗Φè╕ΦÇàπüèπüìπü«_µ▓óµ¥æτö░Σ╣ïσè⌐πâ╗πü╛πéèπü▓πéìπüä_Σ╕¡µ¥æΦè¥τ┐½-σàâµ▓╗1.jpg	/Users/bear/Documents/CoWork/bear-textbooks/books/art/extracted/extracted/ARTZIP-20260801T011809Z-1-001/ARTZIP/R_181_Toyohara Kunichika/R_181_Toyohara Kunichika/Kunichika_2631_01_πüƒπéÖπüäπüïπüÅπéÖπéë_µ▓óµ¥æΦ¿Ñσìçπâ╗Φè╕ΦÇàπüèπüìπü«_µ▓óµ¥æτö░Σ╣ïσè⌐πâ╗πü╛πéèπü▓πéìπüä_Σ╕¡µ¥æΦè¥τ┐½-σàâµ▓╗1.jpg	extracted
/Users/bear/Documents/CoWork/bear-textbooks/books/art/extracted/ARTZIP-20260801T011809Z-1-001/ARTZIP/R_181_Toyohara Kunichika.zip	R_181_Toyohara Kunichika/Kunichika_3309_σ╜ôσïóΣ╕ëσìüΣ║îµâ│_µëïπüïπéÖπüéπéèτ¢╕-µÿÄµ▓╗1.jpg	/Users/bear/Documents/CoWork/bear-textbooks/books/art/extracted/extracted/ARTZIP-20260801T011809Z-1-001/ARTZIP/R_181_Toyohara Kunichika/R_181_Toyohara Kunichika/Kunichika_3309_σ╜ôσïóΣ╕ëσìüΣ║îµâ│_µëïπüïπéÖπüéπéèτ¢╕-µÿÄµ▓╗1.jpg	extracted
/Users/bear/Documents/CoWork/bear-textbooks/books/art/extracted/ARTZIP-20260801T011809Z-1-001/ARTZIP/R_181_Toyohara Kunichika.zip	R_181_Toyohara Kunichika/Kunichika_9469-µ¥▒µ╡╖ΘüôσÉìµëÇΣ║¼µ┤¢Σ╕¡πâÄσåà_Σ║öµ¥íµ⌐ï-µûçΣ╣à3.jpg	/Users/bear/Documents/CoWork/bear-textbooks/books/art/extracted/extracted/ARTZIP-20260801T011809Z-1-001/ARTZIP/R_181_Toyohara Kunichika/R_181_Toyohara Kunichika/Kunichika_9469-µ¥▒µ╡╖ΘüôσÉìµëÇΣ║¼µ┤¢Σ╕¡πâÄσåà_Σ║öµ¥íµ⌐ï-µûçΣ╣à3.jpg	extracted
/Users/bear/Documents/CoWork/bear-textbooks/books/art/extracted/ARTZIP-20260801T011809Z-1-001/ARTZIP/R_181_Toyohara Kunichika.zip	R_181_Toyohara Kunichika/Kunichika_2675-unknown-Φ╡ñµ¥╛σàÑΘüôµ║ÇτÑÉ_σ╕éσ╖¥σ¢úσìüΘâÄ.jpg	/Users/bear/Documents/CoWork/bear-textbooks/books/art/extracted/extracted/ARTZIP-20260801T011809Z-1-001/ARTZIP/R_181_Toyohara Kunichika/R_181_Toyohara Kunichika/Kunichika_2675-unknown-Φ╡ñµ¥╛σàÑΘüôµ║ÇτÑÉ_σ╕éσ╖¥σ¢úσìüΘâÄ.jpg	extracted
/Users/bear/Documents/CoWork/bear-textbooks/books/art/extracted/ARTZIP-20260801T011809Z-1-001/ARTZIP/R_181_Toyohara Kunichika.zip	R_181_Toyohara Kunichika/Kunichika_9518-µ¥▒µ╡╖Θüô_µùÑσ¥é.jpg	/Users/bear/Documents/CoWork/bear-textbooks/books/art/extracted/extracted/ARTZIP-20260801T011809Z-1-001/ARTZIP/R_181_Toyohara Kunichika/R_181_Toyohara Kunichika/Kunichika_9518-µ¥▒µ╡╖Θüô_µùÑσ¥é.jpg	extracted
/Users/bear/Documents/CoWork/bear-textbooks/books/art/extracted/ARTZIP-20260801T011809Z-1-001/ARTZIP/R_181_Toyohara Kunichika.zip	R_181_Toyohara Kunichika/Kunichika_1843-01.jpg	/Users/bear/Documents/CoWork/bear-textbooks/books/art/extracted/extracted/ARTZIP-20260801T011809Z-1-001/ARTZIP/R_181_Toyohara Kunichika/R_181_Toyohara Kunichika/Kunichika_1843-01.jpg	extracted
/Users/bear/Documents/CoWork/bear-textbooks/books/art/extracted/ARTZIP-20260801T011809Z-1-001/ARTZIP/R_181_Toyohara Kunichika.zip	R_181_Toyohara Kunichika/Kunichika_7604_01_σ╜ôΣ╕ûτ╛ÄσÑ│Σ║öΣ║║µÅâ.jpg	/Users/bear/Documents/CoWork/bear-textbooks/books/art/extracted/extracted/ARTZIP-20260801T011809Z-1-001/ARTZIP/R_181_Toyohara Kunichika/R_181_Toyohara Kunichika/Kunichika_7604_01_σ╜ôΣ╕ûτ╛ÄσÑ│Σ║öΣ║║µÅâ.jpg	extracted
/Users/bear/Documents/CoWork/bear-textbooks/books/art/extracted/ARTZIP-20260801T011809Z-1-001/ARTZIP/R_181_Toyohara Kunichika.zip	R_181_Toyohara Kunichika/Kunichika_069_Σ┐│σä¬σ¢úµëçτö╗.jpg	/Users/bear/Documents/CoWork/bear-textbooks/books/art/extracted/extracted/ARTZIP-20260801T011809Z-1-001/ARTZIP/R_181_Toyohara Kunichika/R_181_Toyohara Kunichika/Kunichika_069_Σ┐│σä¬σ¢úµëçτö╗.jpg	extracted
/Users/bear/Documents/CoWork/bear-textbooks/books/art/extracted/ARTZIP-20260801T011809Z-1-001/ARTZIP/R_181_Toyohara Kunichika.zip	R_181_Toyohara Kunichika/Kunichika_3297_τÅ╛µÖéΣ║öσìüσ¢¢µâà_τ¼¼Σ╕âσÅ╖.jpg	/Users/bear/Documents/CoWork/bear-textbooks/books/art/extracted/extracted/ARTZIP-20260801T011809Z-1-001/ARTZIP/R_181_Toyohara Kunichika/R_181_Toyohara Kunichika/Kunichika_3297_τÅ╛µÖéΣ║öσìüσ¢¢µâà_τ¼¼Σ╕âσÅ╖.jpg	extracted
/Users/bear/Documents/CoWork/bear-textbooks/books/art/extracted/ARTZIP-20260801T011809Z-1-001/ARTZIP/R_181_Toyohara Kunichika.zip	R_181_Toyohara Kunichika/Kunichika_9517-µ¥▒µ╡╖Θüô_µÄ¢σ╖¥-µûçΣ╣à3.jpg	/Users/bear/Documents/CoWork/bear-textbooks/books/art/extracted/extracted/ARTZIP-20260801T011809Z-1-001/ARTZIP/R_181_Toyohara Kunichika/R_181_Toyohara Kunichika/Kunichika_9517-µ¥▒µ╡╖Θüô_µÄ¢σ╖¥-µûçΣ╣à3.jpg	extracted
/Users/bear/Documents/CoWork/bear-textbooks/books/art/extracted/ARTZIP-20260801T011809Z-1-001/ARTZIP/R_181_Toyohara Kunichika.zip	R_181_Toyohara Kunichika/Kunichika_7224_Φ▒¬σéæσÑçΦíôτ½╢_σñºΦ¢çΣ╕╕_Σ╕¡µ¥æΦè¥τ┐½-µûçΣ╣à1.jpg	/Users/bear/Documents/CoWork/bear-textbooks/books/art/extracted/extracted/ARTZIP-20260801T011809Z-1-001/ARTZIP/R_181_Toyohara Kunichika/R_181_Toyohara Kunichika/Kunichika_7224_Φ▒¬σéæσÑçΦíôτ½╢_σñºΦ¢çΣ╕╕_Σ╕¡µ¥æΦè¥τ┐½-µûçΣ╣à1.jpg	extracted
/Users/bear/Documents/CoWork/bear-textbooks/books/art/extracted/ARTZIP-20260801T011809Z-1-001/ARTZIP/R_181_Toyohara Kunichika.zip	R_181_Toyohara Kunichika/Kunichika_081_Σ┐│σä¬σ¢úµëçτö╗.jpg	/Users/bear/Documents/CoWork/bear-textbooks/books/art/extracted/extracted/ARTZIP-20260801T011809Z-1-001/ARTZIP/R_181_Toyohara Kunichika/R_181_Toyohara Kunichika/Kunichika_081_Σ┐│σä¬σ¢úµëçτö╗.jpg	extracted
/Users/bear/Documents/CoWork/bear-textbooks/books/art/extracted/ARTZIP-20260801T011809Z-1-001/ARTZIP/R_181_Toyohara Kunichika.zip	R_181_Toyohara Kunichika/Kunichika_37_cmb.jpg	/Users/bear/Documents/CoWork/bear-textbooks/books/art/extracted/extracted/ARTZIP-20260801T011809Z-1-001/ARTZIP/R_181_Toyohara Kunichika/R_181_Toyohara Kunichika/Kunichika_37_cmb.jpg	extracted
/Users/bear/Documents/CoWork/bear-textbooks/books/art/extracted/ARTZIP-20260801T011809Z-1-001/ARTZIP/R_181_Toyohara Kunichika.zip	R_181_Toyohara Kunichika/Kunichika_2637_τÖ╜τ╕½σº½_µ▓óµ¥æτö░Σ╣ïσè⌐πâ╗Θ│Ñσ▒▒τºïΣ╜£_Σ╕¡µ¥æΦè¥τ┐½-σàâµ▓╗1-cmb.jpg	/Users/bear/Documents/CoWork/bear-textbooks/books/art/extracted/extracted/ARTZIP-20260801T011809Z-1-001/ARTZIP/R_181_Toyohara Kunichika/R_181_Toyohara Kunichika/Kunichika_2637_τÖ╜τ╕½σº½_µ▓óµ¥æτö░Σ╣ïσè⌐πâ╗Θ│Ñσ▒▒τºïΣ╜£_Σ╕¡µ¥æΦè¥τ┐½-σàâµ▓╗1-cmb.jpg	extracted
/Users/bear/Documents/CoWork/bear-textbooks/books/art/extracted/ARTZIP-20260801T011809Z-1-001/ARTZIP/R_181_Toyohara Kunichika.zip	R_181_Toyohara Kunichika/σ╕éσ╖¥σ╖ªσ░Åµ▓╗_σ£ƒσ╖ªΦí¢ΘûÇΣ╝¥σÉë1.jpg	/Users/bear/Documents/CoWork/bear-textbooks/books/art/extracted/extracted/ARTZIP-20260801T011809Z-1-001/ARTZIP/R_181_Toyohara Kunichika/R_181_Toyohara Kunichika/σ╕éσ╖¥σ╖ªσ░Åµ▓╗_σ£ƒσ╖ªΦí¢ΘûÇΣ╝¥σÉë1.jpg	extracted
/Users/bear/Documents/CoWork/bear-textbooks/books/art/extracted/ARTZIP-20260801T011809Z-1-001/ARTZIP/R_181_Toyohara Kunichika.zip	R_181_Toyohara Kunichika/Kunichika_7680_02_µ¥▒µ╡╖ΘüôΣ║öσìüΣ╕ëµ¼íΣ╣ïσåàΦê╣µ⌐ïµÄ¢µ╕íΦíîσêùΣ╣ïσ¢│-µûçΣ╣à3.jpg	/Users/bear/Documents/CoWork/bear-textbooks/books/art/extracted/extracted/ARTZIP-20260801T011809Z-1-001/ARTZIP/R_181_Toyohara Kunichika/R_181_Toyohara Kunichika/Kunichika_7680_02_µ¥▒µ╡╖ΘüôΣ║öσìüΣ╕ëµ¼íΣ╣ïσåàΦê╣µ⌐ïµÄ¢µ╕íΦíîσêùΣ╣ïσ¢│-µûçΣ╣à3.jpg	extracted
/Users/bear/Documents/CoWork/bear-textbooks/books/art/extracted/ARTZIP-20260801T011809Z-1-001/ARTZIP/R_181_Toyohara Kunichika.zip	R_181_Toyohara Kunichika/Kunichika_1763_02_Σ╗èµºÿµ║Éµ░ÅΣ╕ëµ¢▓ΘüèΦêêΣ╣ïσ¢│-Σ╕çσ╗╢1.jpg	/Users/bear/Documents/CoWork/bear-textbooks/books/art/extracted/extracted/ARTZIP-20260801T011809Z-1-001/ARTZIP/R_181_Toyohara Kunichika/R_181_Toyohara Kunichika/Kunichika_1763_02_Σ╗èµºÿµ║Éµ░ÅΣ╕ëµ¢▓ΘüèΦêêΣ╣ïσ¢│-Σ╕çσ╗╢1.jpg	extracted
/Users/bear/Documents/CoWork/bear-textbooks/books/art/extracted/ARTZIP-20260801T011809Z-1-001/ARTZIP/R_181_Toyohara Kunichika.zip	R_181_Toyohara Kunichika/Kunichika_9535-II-µ¥▒µ╡╖Θüô_τƒ│Φû¼σ╕½.jpg	/Users/bear/Documents/CoWork/bear-textbooks/books/art/extracted/extracted/ARTZIP-20260801T011809Z-1-001/ARTZIP/R_181_Toyohara Kunichika/R_181_Toyohara Kunichika/Kunichika_9535-II-µ¥▒µ╡╖Θüô_τƒ│Φû¼σ╕½.jpg	extracted
/Users/bear/Documents/CoWork/bear-textbooks/books/art/extracted/ARTZIP-20260801T011809Z-1-001/ARTZIP/R_181_Toyohara Kunichika.zip	R_181_Toyohara Kunichika/Kunichika_40-01.jpg	/Users/bear/Documents/CoWork/bear-textbooks/books/art/extracted/extracted/ARTZIP-20260801T011809Z-1-001/ARTZIP/R_181_Toyohara Kunichika/R_181_Toyohara Kunichika/Kunichika_40-01.jpg	extracted
/Users/bear/Documents/CoWork/bear-textbooks/books/art/extracted/ARTZIP-20260801T011809Z-1-001/ARTZIP/R_181_Toyohara Kunichika.zip	R_181_Toyohara Kunichika/Kunichika_9543-µ¥▒µ╡╖Θüô_σ£ƒσ▒▒-µûçΣ╣à3.jpg	/Users/bear/Documents/CoWork/bear-textbooks/books/art/extracted/extracted/ARTZIP-20260801T011809Z-1-001/ARTZIP/R_181_Toyohara Kunichika/R_181_Toyohara Kunichika/Kunichika_9543-µ¥▒µ╡╖Θüô_σ£ƒσ▒▒-µûçΣ╣à3.jpg	extracted
/Users/bear/Documents/CoWork/bear-textbooks/books/art/extracted/ARTZIP-20260801T011809Z-1-001/ARTZIP/R_181_Toyohara Kunichika.zip	R_181_Toyohara Kunichika/Kunichika_40-03.jpg	/Users/bear/Documents/CoWork/bear-textbooks/books/art/extracted/extracted/ARTZIP-20260801T011809Z-1-001/ARTZIP/R_181_Toyohara Kunichika/R_181_Toyohara Kunichika/Kunichika_40-03.jpg	extracted
/Users/bear/Documents/CoWork/bear-textbooks/books/art/extracted/ARTZIP-20260801T011809Z-1-001/ARTZIP/R_181_Toyohara Kunichika.zip	R_181_Toyohara Kunichika/Kunichika_070_Σ┐│σä¬σ¢úµëçτö╗.jpg	/Users/bear/Documents/CoWork/bear-textbooks/books/art/extracted/extracted/ARTZIP-20260801T011809Z-1-001/ARTZIP/R_181_Toyohara Kunichika/R_181_Toyohara Kunichika/Kunichika_070_Σ┐│σä¬σ¢úµëçτö╗.jpg	extracted
/Users/bear/Documents/CoWork/bear-textbooks/books/art/extracted/ARTZIP-20260801T011809Z-1-001/ARTZIP/R_181_Toyohara Kunichika.zip	R_181_Toyohara Kunichika/Kunichika_9553-II-µ¥▒µ╡╖ΘüôσÉìµëÇΣ╣ïσåà_τƒ│µ╕àµ░┤.jpg	/Users/bear/Documents/CoWork/bear-textbooks/books/art/extracted/extracted/ARTZIP-20260801T011809Z-1-001/ARTZIP/R_181_Toyohara Kunichika/R_181_Toyohara Kunichika/Kunichika_9553-II-µ¥▒µ╡╖ΘüôσÉìµëÇΣ╣ïσåà_τƒ│µ╕àµ░┤.jpg	extracted
/Users/bear/Documents/CoWork/bear-textbooks/books/art/extracted/ARTZIP-20260801T011809Z-1-001/ARTZIP/R_181_Toyohara Kunichika.zip	R_181_Toyohara Kunichika/Kunichika_1847_cmb.jpg	/Users/bear/Documents/CoWork/bear-textbooks/books/art/extracted/extracted/ARTZIP-20260801T011809Z-1-001/ARTZIP/R_181_Toyohara Kunichika/R_181_Toyohara Kunichika/Kunichika_1847_cmb.jpg	extracted
/Users/bear/Documents/CoWork/bear-textbooks/books/art/extracted/ARTZIP-20260801T011809Z-1-001/ARTZIP/R_181_Toyohara Kunichika.zip	R_181_Toyohara Kunichika/Kunichika_9498-µ¥▒µ╡╖Θüô_πâÅπé│πâìµ╣»µ▓╗.jpg	/Users/bear/Documents/CoWork/bear-textbooks/books/art/extracted/extracted/ARTZIP-20260801T011809Z-1-001/ARTZIP/R_181_Toyohara Kunichika/R_181_Toyohara Kunichika/Kunichika_9498-µ¥▒µ╡╖Θüô_πâÅπé│πâìµ╣»µ▓╗.jpg	extracted
/Users/bear/Documents/CoWork/bear-textbooks/books/art/extracted/ARTZIP-20260801T011809Z-1-001/ARTZIP/R_181_Toyohara Kunichika.zip	R_181_Toyohara Kunichika/Kunichika_85_µç╕τÜ┐σñóπü«µ╡äτæáτÆâ-σ«ëµö┐3-cmb.jpg	/Users/bear/Documents/CoWork/bear-textbooks/books/art/extracted/extracted/ARTZIP-20260801T011809Z-1-001/ARTZIP/R_181_Toyohara Kunichika/R_181_Toyohara Kunichika/Kunichika_85_µç╕τÜ┐σñóπü«µ╡äτæáτÆâ-σ«ëµö┐3-cmb.jpg	extracted
/Users/bear/Documents/CoWork/bear-textbooks/books/art/extracted/ARTZIP-20260801T011809Z-1-001/ARTZIP/R_181_Toyohara Kunichika.zip	R_181_Toyohara Kunichika/Kunichika_1851-02.jpg	/Users/bear/Documents/CoWork/bear-textbooks/books/art/extracted/extracted/ARTZIP-20260801T011809Z-1-001/ARTZIP/R_181_Toyohara Kunichika/R_181_Toyohara Kunichika/Kunichika_1851-02.jpg	extracted
/Users/bear/Documents/CoWork/bear-textbooks/books/art/extracted/ARTZIP-20260801T011809Z-1-001/ARTZIP/R_181_Toyohara Kunichika.zip	R_181_Toyohara Kunichika/Kunichika_9473-µ¥▒µ╡╖ΘüôΣ╣ïσåà_µ▒ƒµê╕Φè¥µû░πâ│µ⌐ï-µûçΣ╣à3.jpg	/Users/bear/Documents/CoWork/bear-textbooks/books/art/extracted/extracted/ARTZIP-20260801T011809Z-1-001/ARTZIP/R_181_Toyohara Kunichika/R_181_Toyohara Kunichika/Kunichika_9473-µ¥▒µ╡╖ΘüôΣ╣ïσåà_µ▒ƒµê╕Φè¥µû░πâ│µ⌐ï-µûçΣ╣à3.jpg	extracted
/Users/bear/Documents/CoWork/bear-textbooks/books/art/extracted/ARTZIP-20260801T011809Z-1-001/ARTZIP/R_181_Toyohara Kunichika.zip	R_181_Toyohara Kunichika/Kunichika_85_02_µç╕τÜ┐σñóπü«µ╡äτæáτÆâ-σ«ëµö┐3.jpg	/Users/bear/Documents/CoWork/bear-textbooks/books/art/extracted/extracted/ARTZIP-20260801T011809Z-1-001/ARTZIP/R_181_Toyohara Kunichika/R_181_Toyohara Kunichika/Kunichika_85_02_µç╕τÜ┐σñóπü«µ╡äτæáτÆâ-σ«ëµö┐3.jpg	extracted
/Users/bear/Documents/CoWork/bear-textbooks/books/art/extracted/ARTZIP-20260801T011809Z-1-001/ARTZIP/R_181_Toyohara Kunichika.zip	R_181_Toyohara Kunichika/Kunichika_9467-µ¥▒µ╡╖ΘüôσÉìµëÇΣ╣ïσåà_Σ║¼τ¡æσ£░µë┐µÿÄΘûÇ-µûçΣ╣à3.jpg	/Users/bear/Documents/CoWork/bear-textbooks/books/art/extracted/extracted/ARTZIP-20260801T011809Z-1-001/ARTZIP/R_181_Toyohara Kunichika/R_181_Toyohara Kunichika/Kunichika_9467-µ¥▒µ╡╖ΘüôσÉìµëÇΣ╣ïσåà_Σ║¼τ¡æσ£░µë┐µÿÄΘûÇ-µûçΣ╣à3.jpg	extracted
/Users/bear/Documents/CoWork/bear-textbooks/books/art/extracted/ARTZIP-20260801T011809Z-1-001/ARTZIP/R_181_Toyohara Kunichika.zip	R_181_Toyohara Kunichika/Kunichika_9549-µ¥▒µ╡╖ΘüôσÉìµëÇΣ╣ïσåà_µ»öσÅíσ▒▒-µûçΣ╣à3.jpg	/Users/bear/Documents/CoWork/bear-textbooks/books/art/extracted/extracted/ARTZIP-20260801T011809Z-1-001/ARTZIP/R_181_Toyohara Kunichika/R_181_Toyohara Kunichika/Kunichika_9549-µ¥▒µ╡╖ΘüôσÉìµëÇΣ╣ïσåà_µ»öσÅíσ▒▒-µûçΣ╣à3.jpg	extracted
/Users/bear/Documents/CoWork/bear-textbooks/books/art/extracted/ARTZIP-20260801T011809Z-1-001/ARTZIP/R_181_Toyohara Kunichika.zip	R_181_Toyohara Kunichika/Kunichika_1843-02.jpg	/Users/bear/Documents/CoWork/bear-textbooks/books/art/extracted/extracted/ARTZIP-20260801T011809Z-1-001/ARTZIP/R_181_Toyohara Kunichika/R_181_Toyohara Kunichika/Kunichika_1843-02.jpg	extracted
/Users/bear/Documents/CoWork/bear-textbooks/books/art/extracted/ARTZIP-20260801T011809Z-1-001/ARTZIP/R_181_Toyohara Kunichika.zip	R_181_Toyohara Kunichika/Kunichika_7226_Φ▒¬σéæσÑçΦíôτ½╢_τ╢▒µëï_Σ╕¡µ¥æσ«ùσìüΘâÄ-µûçΣ╣à1.jpg	/Users/bear/Documents/CoWork/bear-textbooks/books/art/extracted/extracted/ARTZIP-20260801T011809Z-1-001/ARTZIP/R_181_Toyohara Kunichika/R_181_Toyohara Kunichika/Kunichika_7226_Φ▒¬σéæσÑçΦíôτ½╢_τ╢▒µëï_Σ╕¡µ¥æσ«ùσìüΘâÄ-µûçΣ╣à1.jpg	extracted
/Users/bear/Documents/CoWork/bear-textbooks/books/art/extracted/ARTZIP-20260801T011809Z-1-001/ARTZIP/R_181_Toyohara Kunichika.zip	R_181_Toyohara Kunichika/Kunichika_3320_Φªïτ½ïσ╝üµà╢µÅâ_Σ╕ëΣ║òσ»║_µ▓óµ¥æΦ¿Ñσìç.jpg	/Users/bear/Documents/CoWork/bear-textbooks/books/art/extracted/extracted/ARTZIP-20260801T011809Z-1-001/ARTZIP/R_181_Toyohara Kunichika/R_181_Toyohara Kunichika/Kunichika_3320_Φªïτ½ïσ╝üµà╢µÅâ_Σ╕ëΣ║òσ»║_µ▓óµ¥æΦ¿Ñσìç.jpg	extracted
/Users/bear/Documents/CoWork/bear-textbooks/books/art/extracted/ARTZIP-20260801T011809Z-1-001/ARTZIP/R_181_Toyohara Kunichika.zip	R_181_Toyohara Kunichika/Kunichika_0633_µê»σá┤µÑ╜σ▒ïσç║Σ╕ûσÅîσà¡-µûçΣ╣à2.jpg	/Users/bear/Documents/CoWork/bear-textbooks/books/art/extracted/extracted/ARTZIP-20260801T011809Z-1-001/ARTZIP/R_181_Toyohara Kunichika/R_181_Toyohara Kunichika/Kunichika_0633_µê»σá┤µÑ╜σ▒ïσç║Σ╕ûσÅîσà¡-µûçΣ╣à2.jpg	extracted
/Users/bear/Documents/CoWork/bear-textbooks/books/art/extracted/ARTZIP-20260801T011809Z-1-001/ARTZIP/R_181_Toyohara Kunichika.zip	R_181_Toyohara Kunichika/Kunichika_3313_σ╜ôσïóΣ╕ëσìüΣ║îµâ│_πüèπüïπü┐πüòπéôπü¿Φ¿Çπéîπüƒτ¢╕-µÿÄµ▓╗1.jpg	/Users/bear/Documents/CoWork/bear-textbooks/books/art/extracted/extracted/ARTZIP-20260801T011809Z-1-001/ARTZIP/R_181_Toyohara Kunichika/R_181_Toyohara Kunichika/Kunichika_3313_σ╜ôσïóΣ╕ëσìüΣ║îµâ│_πüèπüïπü┐πüòπéôπü¿Φ¿Çπéîπüƒτ¢╕-µÿÄµ▓╗1.jpg	extracted
/Users/bear/Documents/CoWork/bear-textbooks/books/art/extracted/ARTZIP-20260801T011809Z-1-001/ARTZIP/R_181_Toyohara Kunichika.zip	R_181_Toyohara Kunichika/Kunichika_1843-03.jpg	/Users/bear/Documents/CoWork/bear-textbooks/books/art/extracted/extracted/ARTZIP-20260801T011809Z-1-001/ARTZIP/R_181_Toyohara Kunichika/R_181_Toyohara Kunichika/Kunichika_1843-03.jpg	extracted
/Users/bear/Documents/CoWork/bear-textbooks/books/art/extracted/ARTZIP-20260801T011809Z-1-001/ARTZIP/R_181_Toyohara Kunichika.zip	R_181_Toyohara Kunichika/Kunichika_2147.jpg	/Users/bear/Documents/CoWork/bear-textbooks/books/art/extracted/extracted/ARTZIP-20260801T011809Z-1-001/ARTZIP/R_181_Toyohara Kunichika/R_181_Toyohara Kunichika/Kunichika_2147.jpg	extracted
/Users/bear/Documents/CoWork/bear-textbooks/books/art/extracted/ARTZIP-20260801T011809Z-1-001/ARTZIP/R_181_Toyohara Kunichika.zip	R_181_Toyohara Kunichika/Okiku.jpg	/Users/bear/Documents/CoWork/bear-textbooks/books/art/extracted/extracted/ARTZIP-20260801T011809Z-1-001/ARTZIP/R_181_Toyohara Kunichika/R_181_Toyohara Kunichika/Okiku.jpg	extracted
/Users/bear/Documents/CoWork/bear-textbooks/books/art/extracted/ARTZIP-20260801T011809Z-1-001/ARTZIP/R_181_Toyohara Kunichika.zip	R_181_Toyohara Kunichika/Kunichika_2637_01_τÖ╜τ╕½σº½_µ▓óµ¥æτö░Σ╣ïσè⌐πâ╗Θ│Ñσ▒▒τºïΣ╜£_Σ╕¡µ¥æΦè¥τ┐½-σàâµ▓╗1.jpg	/Users/bear/Documents/CoWork/bear-textbooks/books/art/extracted/extracted/ARTZIP-20260801T011809Z-1-001/ARTZIP/R_181_Toyohara Kunichika/R_181_Toyohara Kunichika/Kunichika_2637_01_τÖ╜τ╕½σº½_µ▓óµ¥æτö░Σ╣ïσè⌐πâ╗Θ│Ñσ▒▒τºïΣ╜£_Σ╕¡µ¥æΦè¥τ┐½-σàâµ▓╗1.jpg	extracted
/Users/bear/Documents/CoWork/bear-textbooks/books/art/extracted/ARTZIP-20260801T011809Z-1-001/ARTZIP/R_181_Toyohara Kunichika.zip	R_181_Toyohara Kunichika/Kunichika_9533-µ¥▒µ╡╖Θüô_Σ╜Éσ▒ï-µûçΣ╣à3.jpg	/Users/bear/Documents/CoWork/bear-textbooks/books/art/extracted/extracted/ARTZIP-20260801T011809Z-1-001/ARTZIP/R_181_Toyohara Kunichika/R_181_Toyohara Kunichika/Kunichika_9533-µ¥▒µ╡╖Θüô_Σ╜Éσ▒ï-µûçΣ╣à3.jpg	extracted
/Users/bear/Documents/CoWork/bear-textbooks/books/art/extracted/ARTZIP-20260801T011809Z-1-001/ARTZIP/R_181_Toyohara Kunichika.zip	R_181_Toyohara Kunichika/Kunichika_9530-µ¥▒µ╡╖ΘüôσÉìµëÇΣ╣ïσåà_σ««Θºàτå▒τö░τñ╛-µûçΣ╣à3.jpg	/Users/bear/Documents/CoWork/bear-textbooks/books/art/extracted/extracted/ARTZIP-20260801T011809Z-1-001/ARTZIP/R_181_Toyohara Kunichika/R_181_Toyohara Kunichika/Kunichika_9530-µ¥▒µ╡╖ΘüôσÉìµëÇΣ╣ïσåà_σ««Θºàτå▒τö░τñ╛-µûçΣ╣à3.jpg	extracted
/Users/bear/Documents/CoWork/bear-textbooks/books/art/extracted/ARTZIP-20260801T011809Z-1-001/ARTZIP/R_181_Toyohara Kunichika.zip	R_181_Toyohara Kunichika/Kunichika_1851-03.jpg	/Users/bear/Documents/CoWork/bear-textbooks/books/art/extracted/extracted/ARTZIP-20260801T011809Z-1-001/ARTZIP/R_181_Toyohara Kunichika/R_181_Toyohara Kunichika/Kunichika_1851-03.jpg	extracted
/Users/bear/Documents/CoWork/bear-textbooks/books/art/extracted/ARTZIP-20260801T011809Z-1-001/ARTZIP/R_181_Toyohara Kunichika.zip	R_181_Toyohara Kunichika/Kunichika_117_Σ┐│σä¬σ¢úµëçτö╗.jpg	/Users/bear/Documents/CoWork/bear-textbooks/books/art/extracted/extracted/ARTZIP-20260801T011809Z-1-001/ARTZIP/R_181_Toyohara Kunichika/R_181_Toyohara Kunichika/Kunichika_117_Σ┐│σä¬σ¢úµëçτö╗.jpg	extracted
/Users/bear/Documents/CoWork/bear-textbooks/books/art/extracted/ARTZIP-20260801T011809Z-1-001/ARTZIP/R_181_Toyohara Kunichika.zip	R_181_Toyohara Kunichika/The_kabuki_actors_(right_to_left)_Ichimura_Kakitsu_IV_as_Asahina_Tobei.jpg	/Users/bear/Documents/CoWork/bear-textbooks/books/art/extracted/extracted/ARTZIP-20260801T011809Z-1-001/ARTZIP/R_181_Toyohara Kunichika/R_181_Toyohara Kunichika/The_kabuki_actors_(right_to_left)_Ichimura_Kakitsu_IV_as_Asahina_Tobei.jpg	extracted
/Users/bear/Documents/CoWork/bear-textbooks/books/art/extracted/ARTZIP-20260801T011809Z-1-001/ARTZIP/R_181_Toyohara Kunichika.zip	R_181_Toyohara Kunichika/Lezende_vrouw.jpg	/Users/bear/Documents/CoWork/bear-textbooks/books/art/extracted/extracted/ARTZIP-20260801T011809Z-1-001/ARTZIP/R_181_Toyohara Kunichika/R_181_Toyohara Kunichika/Lezende_vrouw.jpg	extracted
/Users/bear/Documents/CoWork/bear-textbooks/books/art/extracted/ARTZIP-20260801T011809Z-1-001/ARTZIP/R_181_Toyohara Kunichika.zip	R_181_Toyohara Kunichika/Kunichika_40-02.jpg	/Users/bear/Documents/CoWork/bear-textbooks/books/art/extracted/extracted/ARTZIP-20260801T011809Z-1-001/ARTZIP/R_181_Toyohara Kunichika/R_181_Toyohara Kunichika/Kunichika_40-02.jpg	extracted
/Users/bear/Documents/CoWork/bear-textbooks/books/art/extracted/ARTZIP-20260801T011809Z-1-001/ARTZIP/MRR - PLR-20260708T035633Z-3-001.zip	MRR - PLR/PLR Paintings 2026.pdf	/Users/bear/Documents/CoWork/bear-textbooks/books/art/extracted/extracted/ARTZIP-20260801T011809Z-1-001/ARTZIP/MRR - PLR-20260708T035633Z-3-001/MRR - PLR/PLR Paintings 2026.pdf	extracted
/Users/bear/Documents/CoWork/bear-textbooks/books/art/extracted/ARTZIP-20260801T011809Z-1-001/ARTZIP/MRR - PLR-20260708T035633Z-3-001.zip	MRR - PLR/MRR Paintings 2026.pdf	/Users/bear/Documents/CoWork/bear-textbooks/books/art/extracted/extracted/ARTZIP-20260801T011809Z-1-001/ARTZIP/MRR - PLR-20260708T035633Z-3-001/MRR - PLR/MRR Paintings 2026.pdf	extracted
/Users/bear/Documents/CoWork/bear-textbooks/books/art/extracted/ARTZIP-20260801T011809Z-1-001/ARTZIP/JPGNP1.zip	JPGNP1/47_20240405_194900_0046.jpg	/Users/bear/Documents/CoWork/bear-textbooks/books/art/extracted/extracted/ARTZIP-20260801T011809Z-1-001/ARTZIP/JPGNP1/JPGNP1/47_20240405_194900_0046.jpg	extracted
/Users/bear/Documents/CoWork/bear-textbooks/books/art/extracted/ARTZIP-20260801T011809Z-1-001/ARTZIP/JPGNP1.zip	JPGNP1/34_20240405_194900_0033.jpg	/Users/bear/Documents/CoWork/bear-textbooks/books/art/extracted/extracted/ARTZIP-20260801T011809Z-1-001/ARTZIP/JPGNP1/JPGNP1/34_20240405_194900_0033.jpg	extracted
/Users/bear/Documents/CoWork/bear-textbooks/books/art/extracted/ARTZIP-20260801T011809Z-1-001/ARTZIP/JPGNP1.zip	JPGNP1/35_20240405_194900_0034.jpg	/Users/bear/Documents/CoWork/bear-textbooks/books/art/extracted/extracted/ARTZIP-20260801T011809Z-1-001/ARTZIP/JPGNP1/JPGNP1/35_20240405_194900_0034.jpg	extracted
/Users/bear/Documents/CoWork/bear-textbooks/books/art/extracted/ARTZIP-20260801T011809Z-1-001/ARTZIP/JPGNP1.zip	JPGNP1/20_20240405_194859_0019.jpg	/Users/bear/Documents/CoWork/bear-textbooks/books/art/extracted/extracted/ARTZIP-20260801T011809Z-1-001/ARTZIP/JPGNP1/JPGNP1/20_20240405_194859_0019.jpg	extracted
/Users/bear/Documents/CoWork/bear-textbooks/books/art/extracted/ARTZIP-20260801T011809Z-1-001/ARTZIP/JPGNP1.zip	JPGNP1/50_20240405_194900_0049.jpg	/Users/bear/Documents/CoWork/bear-textbooks/books/art/extracted/extracted/ARTZIP-20260801T011809Z-1-001/ARTZIP/JPGNP1/JPGNP1/50_20240405_194900_0049.jpg	extracted
/Users/bear/Documents/CoWork/bear-textbooks/books/art/extracted/ARTZIP-20260801T011809Z-1-001/ARTZIP/JPGNP1.zip	JPGNP1/33_20240405_194859_0032.jpg	/Users/bear/Documents/CoWork/bear-textbooks/books/art/extracted/extracted/ARTZIP-20260801T011809Z-1-001/ARTZIP/JPGNP1/JPGNP1/33_20240405_194859_0032.jpg	extracted
/Users/bear/Documents/CoWork/bear-textbooks/books/art/extracted/ARTZIP-20260801T011809Z-1-001/ARTZIP/JPGNP1.zip	JPGNP1/9_20240405_194858_0008.jpg	/Users/bear/Documents/CoWork/bear-textbooks/books/art/extracted/extracted/ARTZIP-20260801T011809Z-1-001/ARTZIP/JPGNP1/JPGNP1/9_20240405_194858_0008.jpg	extracted
/Users/bear/Documents/CoWork/bear-textbooks/books/art/extracted/ARTZIP-20260801T011809Z-1-001/ARTZIP/JPGNP1.zip	JPGNP1/18_20240405_194859_0017.jpg	/Users/bear/Documents/CoWork/bear-textbooks/books/art/extracted/extracted/ARTZIP-20260801T011809Z-1-001/ARTZIP/JPGNP1/JPGNP1/18_20240405_194859_0017.jpg	extracted
/Users/bear/Documents/CoWork/bear-textbooks/books/art/extracted/ARTZIP-20260801T011809Z-1-001/ARTZIP/JPGNP1.zip	JPGNP1/4_20240405_202745_0003.jpg	/Users/bear/Documents/CoWork/bear-textbooks/books/art/extracted/extracted/ARTZIP-20260801T011809Z-1-001/ARTZIP/JPGNP1/JPGNP1/4_20240405_202745_0003.jpg	extracted
/Users/bear/Documents/CoWork/bear-textbooks/books/art/extracted/ARTZIP-20260801T011809Z-1-001/ARTZIP/JPGNP1.zip	JPGNP1/45_20240405_194900_0044.jpg	/Users/bear/Documents/CoWork/bear-textbooks/books/art/extracted/extracted/ARTZIP-20260801T011809Z-1-001/ARTZIP/JPGNP1/JPGNP1/45_20240405_194900_0044.jpg	extracted
/Users/bear/Documents/CoWork/bear-textbooks/books/art/extracted/ARTZIP-20260801T011809Z-1-001/ARTZIP/JPGNP1.zip	JPGNP1/43_20240405_194900_0042.jpg	/Users/bear/Documents/CoWork/bear-textbooks/books/art/extracted/extracted/ARTZIP-20260801T011809Z-1-001/ARTZIP/JPGNP1/JPGNP1/43_20240405_194900_0042.jpg	extracted
/Users/bear/Documents/CoWork/bear-textbooks/books/art/extracted/ARTZIP-20260801T011809Z-1-001/ARTZIP/JPGNP1.zip	JPGNP1/10_20240405_194858_0009.jpg	/Users/bear/Documents/CoWork/bear-textbooks/books/art/extracted/extracted/ARTZIP-20260801T011809Z-1-001/ARTZIP/JPGNP1/JPGNP1/10_20240405_194858_0009.jpg	extracted
/Users/bear/Documents/CoWork/bear-textbooks/books/art/extracted/ARTZIP-20260801T011809Z-1-001/ARTZIP/JPGNP1.zip	JPGNP1/46_20240405_194900_0045.jpg	/Users/bear/Documents/CoWork/bear-textbooks/books/art/extracted/extracted/ARTZIP-20260801T011809Z-1-001/ARTZIP/JPGNP1/JPGNP1/46_20240405_194900_0045.jpg	extracted
/Users/bear/Documents/CoWork/bear-textbooks/books/art/extracted/ARTZIP-20260801T011809Z-1-001/ARTZIP/JPGNP1.zip	JPGNP1/15_20240405_194859_0014.jpg	/Users/bear/Documents/CoWork/bear-textbooks/books/art/extracted/extracted/ARTZIP-20260801T011809Z-1-001/ARTZIP/JPGNP1/JPGNP1/15_20240405_194859_0014.jpg	extracted
/Users/bear/Documents/CoWork/bear-textbooks/books/art/extracted/ARTZIP-20260801T011809Z-1-001/ARTZIP/JPGNP1.zip	JPGNP1/17_20240405_194859_0016.jpg	/Users/bear/Documents/CoWork/bear-textbooks/books/art/extracted/extracted/ARTZIP-20260801T011809Z-1-001/ARTZIP/JPGNP1/JPGNP1/17_20240405_194859_0016.jpg	extracted
/Users/bear/Documents/CoWork/bear-textbooks/books/art/extracted/ARTZIP-20260801T011809Z-1-001/ARTZIP/JPGNP1.zip	JPGNP1/29_20240405_194859_0028.jpg	/Users/bear/Documents/CoWork/bear-textbooks/books/art/extracted/extracted/ARTZIP-20260801T011809Z-1-001/ARTZIP/JPGNP1/JPGNP1/29_20240405_194859_0028.jpg	extracted
/Users/bear/Documents/CoWork/bear-textbooks/books/art/extracted/ARTZIP-20260801T011809Z-1-001/ARTZIP/JPGNP1.zip	JPGNP1/32_20240405_194859_0031.jpg	/Users/bear/Documents/CoWork/bear-textbooks/books/art/extracted/extracted/ARTZIP-20260801T011809Z-1-001/ARTZIP/JPGNP1/JPGNP1/32_20240405_194859_0031.jpg	extracted
/Users/bear/Documents/CoWork/bear-textbooks/books/art/extracted/ARTZIP-20260801T011809Z-1-001/ARTZIP/JPGNP1.zip	JPGNP1/40_20240405_194900_0039.jpg	/Users/bear/Documents/CoWork/bear-textbooks/books/art/extracted/extracted/ARTZIP-20260801T011809Z-1-001/ARTZIP/JPGNP1/JPGNP1/40_20240405_194900_0039.jpg	extracted
/Users/bear/Documents/CoWork/bear-textbooks/books/art/extracted/ARTZIP-20260801T011809Z-1-001/ARTZIP/JPGNP1.zip	JPGNP1/31_20240405_194859_0030.jpg	/Users/bear/Documents/CoWork/bear-textbooks/books/art/extracted/extracted/ARTZIP-20260801T011809Z-1-001/ARTZIP/JPGNP1/JPGNP1/31_20240405_194859_0030.jpg	extracted
/Users/bear/Documents/CoWork/bear-textbooks/books/art/extracted/ARTZIP-20260801T011809Z-1-001/ARTZIP/JPGNP1.zip	JPGNP1/5_20240405_194858_0004.jpg	/Users/bear/Documents/CoWork/bear-textbooks/books/art/extracted/extracted/ARTZIP-20260801T011809Z-1-001/ARTZIP/JPGNP1/JPGNP1/5_20240405_194858_0004.jpg	extracted
/Users/bear/Documents/CoWork/bear-textbooks/books/art/extracted/ARTZIP-20260801T011809Z-1-001/ARTZIP/JPGNP1.zip	JPGNP1/38_20240405_194900_0037.jpg	/Users/bear/Documents/CoWork/bear-textbooks/books/art/extracted/extracted/ARTZIP-20260801T011809Z-1-001/ARTZIP/JPGNP1/JPGNP1/38_20240405_194900_0037.jpg	extracted
/Users/bear/Documents/CoWork/bear-textbooks/books/art/extracted/ARTZIP-20260801T011809Z-1-001/ARTZIP/JPGNP1.zip	JPGNP1/11_20240405_194858_0010.jpg	/Users/bear/Documents/CoWork/bear-textbooks/books/art/extracted/extracted/ARTZIP-20260801T011809Z-1-001/ARTZIP/JPGNP1/JPGNP1/11_20240405_194858_0010.jpg	extracted
/Users/bear/Documents/CoWork/bear-textbooks/books/art/extracted/ARTZIP-20260801T011809Z-1-001/ARTZIP/JPGNP1.zip	JPGNP1/23_20240405_194859_0022.jpg	/Users/bear/Documents/CoWork/bear-textbooks/books/art/extracted/extracted/ARTZIP-20260801T011809Z-1-001/ARTZIP/JPGNP1/JPGNP1/23_20240405_194859_0022.jpg	extracted
/Users/bear/Documents/CoWork/bear-textbooks/books/art/extracted/ARTZIP-20260801T011809Z-1-001/ARTZIP/JPGNP1.zip	JPGNP1/28_20240405_194859_0027.jpg	/Users/bear/Documents/CoWork/bear-textbooks/books/art/extracted/extracted/ARTZIP-20260801T011809Z-1-001/ARTZIP/JPGNP1/JPGNP1/28_20240405_194859_0027.jpg	extracted
/Users/bear/Documents/CoWork/bear-textbooks/books/art/extracted/ARTZIP-20260801T011809Z-1-001/ARTZIP/JPGNP1.zip	JPGNP1/36_20240405_194900_0035.jpg	/Users/bear/Documents/CoWork/bear-textbooks/books/art/extracted/extracted/ARTZIP-20260801T011809Z-1-001/ARTZIP/JPGNP1/JPGNP1/36_20240405_194900_0035.jpg	extracted
/Users/bear/Documents/CoWork/bear-textbooks/books/art/extracted/ARTZIP-20260801T011809Z-1-001/ARTZIP/JPGNP1.zip	JPGNP1/14_20240405_194859_0013.jpg	/Users/bear/Documents/CoWork/bear-textbooks/books/art/extracted/extracted/ARTZIP-20260801T011809Z-1-001/ARTZIP/JPGNP1/JPGNP1/14_20240405_194859_0013.jpg	extracted
/Users/bear/Documents/CoWork/bear-textbooks/books/art/extracted/ARTZIP-20260801T011809Z-1-001/ARTZIP/JPGNP1.zip	JPGNP1/1_20240405_202745_0000.jpg	/Users/bear/Documents/CoWork/bear-textbooks/books/art/extracted/extracted/ARTZIP-20260801T011809Z-1-001/ARTZIP/JPGNP1/JPGNP1/1_20240405_202745_0000.jpg	extracted
/Users/bear/Documents/CoWork/bear-textbooks/books/art/extracted/ARTZIP-20260801T011809Z-1-001/ARTZIP/JPGNP1.zip	JPGNP1/3_20240405_194858_0002.jpg	/Users/bear/Documents/CoWork/bear-textbooks/books/art/extracted/extracted/ARTZIP-20260801T011809Z-1-001/ARTZIP/JPGNP1/JPGNP1/3_20240405_194858_0002.jpg	extracted
/Users/bear/Documents/CoWork/bear-textbooks/books/art/extracted/ARTZIP-20260801T011809Z-1-001/ARTZIP/JPGNP1.zip	JPGNP1/12_20240405_194859_0011.jpg	/Users/bear/Documents/CoWork/bear-textbooks/books/art/extracted/extracted/ARTZIP-20260801T011809Z-1-001/ARTZIP/JPGNP1/JPGNP1/12_20240405_194859_0011.jpg	extracted
/Users/bear/Documents/CoWork/bear-textbooks/books/art/extracted/ARTZIP-20260801T011809Z-1-001/ARTZIP/JPGNP1.zip	JPGNP1/8_20240405_194858_0007.jpg	/Users/bear/Documents/CoWork/bear-textbooks/books/art/extracted/extracted/ARTZIP-20260801T011809Z-1-001/ARTZIP/JPGNP1/JPGNP1/8_20240405_194858_0007.jpg	extracted
/Users/bear/Documents/CoWork/bear-textbooks/books/art/extracted/ARTZIP-20260801T011809Z-1-001/ARTZIP/JPGNP1.zip	JPGNP1/41_20240405_194900_0040.jpg	/Users/bear/Documents/CoWork/bear-textbooks/books/art/extracted/extracted/ARTZIP-20260801T011809Z-1-001/ARTZIP/JPGNP1/JPGNP1/41_20240405_194900_0040.jpg	extracted
/Users/bear/Documents/CoWork/bear-textbooks/books/art/extracted/ARTZIP-20260801T011809Z-1-001/ARTZIP/JPGNP1.zip	JPGNP1/4_20240405_194858_0003.jpg	/Users/bear/Documents/CoWork/bear-textbooks/books/art/extracted/extracted/ARTZIP-20260801T011809Z-1-001/ARTZIP/JPGNP1/JPGNP1/4_20240405_194858_0003.jpg	extracted
/Users/bear/Documents/CoWork/bear-textbooks/books/art/extracted/ARTZIP-20260801T011809Z-1-001/ARTZIP/JPGNP1.zip	JPGNP1/44_20240405_194900_0043.jpg	/Users/bear/Documents/CoWork/bear-textbooks/books/art/extracted/extracted/ARTZIP-20260801T011809Z-1-001/ARTZIP/JPGNP1/JPGNP1/44_20240405_194900_0043.jpg	extracted
/Users/bear/Documents/CoWork/bear-textbooks/books/art/extracted/ARTZIP-20260801T011809Z-1-001/ARTZIP/JPGNP1.zip	JPGNP1/24_20240405_194859_0023.jpg	/Users/bear/Documents/CoWork/bear-textbooks/books/art/extracted/extracted/ARTZIP-20260801T011809Z-1-001/ARTZIP/JPGNP1/JPGNP1/24_20240405_194859_0023.jpg	extracted
/Users/bear/Documents/CoWork/bear-textbooks/books/art/extracted/ARTZIP-20260801T011809Z-1-001/ARTZIP/JPGNP1.zip	JPGNP1/39_20240405_194900_0038.jpg	/Users/bear/Documents/CoWork/bear-textbooks/books/art/extracted/extracted/ARTZIP-20260801T011809Z-1-001/ARTZIP/JPGNP1/JPGNP1/39_20240405_194900_0038.jpg	extracted
/Users/bear/Documents/CoWork/bear-textbooks/books/art/extracted/ARTZIP-20260801T011809Z-1-001/ARTZIP/JPGNP1.zip	JPGNP1/16_20240405_194859_0015.jpg	/Users/bear/Documents/CoWork/bear-textbooks/books/art/extracted/extracted/ARTZIP-20260801T011809Z-1-001/ARTZIP/JPGNP1/JPGNP1/16_20240405_194859_0015.jpg	extracted
/Users/bear/Documents/CoWork/bear-textbooks/books/art/extracted/ARTZIP-20260801T011809Z-1-001/ARTZIP/JPGNP1.zip	JPGNP1/6_20240405_194858_0005.jpg	/Users/bear/Documents/CoWork/bear-textbooks/books/art/extracted/extracted/ARTZIP-20260801T011809Z-1-001/ARTZIP/JPGNP1/JPGNP1/6_20240405_194858_0005.jpg	extracted
/Users/bear/Documents/CoWork/bear-textbooks/books/art/extracted/ARTZIP-20260801T011809Z-1-001/ARTZIP/JPGNP1.zip	JPGNP1/27_20240405_194859_0026.jpg	/Users/bear/Documents/CoWork/bear-textbooks/books/art/extracted/extracted/ARTZIP-20260801T011809Z-1-001/ARTZIP/JPGNP1/JPGNP1/27_20240405_194859_0026.jpg	extracted
/Users/bear/Documents/CoWork/bear-textbooks/books/art/extracted/ARTZIP-20260801T011809Z-1-001/ARTZIP/JPGNP1.zip	JPGNP1/37_20240405_194900_0036.jpg	/Users/bear/Documents/CoWork/bear-textbooks/books/art/extracted/extracted/ARTZIP-20260801T011809Z-1-001/ARTZIP/JPGNP1/JPGNP1/37_20240405_194900_0036.jpg	extracted
/Users/bear/Documents/CoWork/bear-textbooks/books/art/extracted/ARTZIP-20260801T011809Z-1-001/ARTZIP/JPGNP1.zip	JPGNP1/2_20240405_194857_0001.jpg	/Users/bear/Documents/CoWork/bear-textbooks/books/art/extracted/extracted/ARTZIP-20260801T011809Z-1-001/ARTZIP/JPGNP1/JPGNP1/2_20240405_194857_0001.jpg	extracted
/Users/bear/Documents/CoWork/bear-textbooks/books/art/extracted/ARTZIP-20260801T011809Z-1-001/ARTZIP/JPGNP1.zip	JPGNP1/13_20240405_194859_0012.jpg	/Users/bear/Documents/CoWork/bear-textbooks/books/art/extracted/extracted/ARTZIP-20260801T011809Z-1-001/ARTZIP/JPGNP1/JPGNP1/13_20240405_194859_0012.jpg	extracted
/Users/bear/Documents/CoWork/bear-textbooks/books/art/extracted/ARTZIP-20260801T011809Z-1-001/ARTZIP/JPGNP1.zip	JPGNP1/1_20240405_194857_0000.jpg	/Users/bear/Documents/CoWork/bear-textbooks/books/art/extracted/extracted/ARTZIP-20260801T011809Z-1-001/ARTZIP/JPGNP1/JPGNP1/1_20240405_194857_0000.jpg	extracted
/Users/bear/Documents/CoWork/bear-textbooks/books/art/extracted/ARTZIP-20260801T011809Z-1-001/ARTZIP/JPGNP1.zip	JPGNP1/26_20240405_194859_0025.jpg	/Users/bear/Documents/CoWork/bear-textbooks/books/art/extracted/extracted/ARTZIP-20260801T011809Z-1-001/ARTZIP/JPGNP1/JPGNP1/26_20240405_194859_0025.jpg	extracted
/Users/bear/Documents/CoWork/bear-textbooks/books/art/extracted/ARTZIP-20260801T011809Z-1-001/ARTZIP/JPGNP1.zip	JPGNP1/21_20240405_194859_0020.jpg	/Users/bear/Documents/CoWork/bear-textbooks/books/art/extracted/extracted/ARTZIP-20260801T011809Z-1-001/ARTZIP/JPGNP1/JPGNP1/21_20240405_194859_0020.jpg	extracted
/Users/bear/Documents/CoWork/bear-textbooks/books/art/extracted/ARTZIP-20260801T011809Z-1-001/ARTZIP/JPGNP1.zip	JPGNP1/25_20240405_194859_0024.jpg	/Users/bear/Documents/CoWork/bear-textbooks/books/art/extracted/extracted/ARTZIP-20260801T011809Z-1-001/ARTZIP/JPGNP1/JPGNP1/25_20240405_194859_0024.jpg	extracted
/Users/bear/Documents/CoWork/bear-textbooks/books/art/extracted/ARTZIP-20260801T011809Z-1-001/ARTZIP/JPGNP1.zip	JPGNP1/42_20240405_194900_0041.jpg	/Users/bear/Documents/CoWork/bear-textbooks/books/art/extracted/extracted/ARTZIP-20260801T011809Z-1-001/ARTZIP/JPGNP1/JPGNP1/42_20240405_194900_0041.jpg	extracted
/Users/bear/Documents/CoWork/bear-textbooks/books/art/extracted/ARTZIP-20260801T011809Z-1-001/ARTZIP/JPGNP1.zip	JPGNP1/7_20240405_194858_0006.jpg	/Users/bear/Documents/CoWork/bear-textbooks/books/art/extracted/extracted/ARTZIP-20260801T011809Z-1-001/ARTZIP/JPGNP1/JPGNP1/7_20240405_194858_0006.jpg	extracted
/Users/bear/Documents/CoWork/bear-textbooks/books/art/extracted/ARTZIP-20260801T011809Z-1-001/ARTZIP/JPGNP1.zip	JPGNP1/19_20240405_194859_0018.jpg	/Users/bear/Documents/CoWork/bear-textbooks/books/art/extracted/extracted/ARTZIP-20260801T011809Z-1-001/ARTZIP/JPGNP1/JPGNP1/19_20240405_194859_0018.jpg	extracted
/Users/bear/Documents/CoWork/bear-textbooks/books/art/extracted/ARTZIP-20260801T011809Z-1-001/ARTZIP/JPGNP1.zip	JPGNP1/48_20240405_194900_0047.jpg	/Users/bear/Documents/CoWork/bear-textbooks/books/art/extracted/extracted/ARTZIP-20260801T011809Z-1-001/ARTZIP/JPGNP1/JPGNP1/48_20240405_194900_0047.jpg	extracted
/Users/bear/Documents/CoWork/bear-textbooks/books/art/extracted/ARTZIP-20260801T011809Z-1-001/ARTZIP/JPGNP1.zip	JPGNP1/22_20240405_194859_0021.jpg	/Users/bear/Documents/CoWork/bear-textbooks/books/art/extracted/extracted/ARTZIP-20260801T011809Z-1-001/ARTZIP/JPGNP1/JPGNP1/22_20240405_194859_0021.jpg	extracted
/Users/bear/Documents/CoWork/bear-textbooks/books/art/extracted/ARTZIP-20260801T011809Z-1-001/ARTZIP/JPGNP1.zip	JPGNP1/30_20240405_194859_0029.jpg	/Users/bear/Documents/CoWork/bear-textbooks/books/art/extracted/extracted/ARTZIP-20260801T011809Z-1-001/ARTZIP/JPGNP1/JPGNP1/30_20240405_194859_0029.jpg	extracted
/Users/bear/Documents/CoWork/bear-textbooks/books/art/extracted/ARTZIP-20260801T011809Z-1-001/ARTZIP/JPGNP3.zip	JPGNP3/22_20240405_201636_0021.jpg	/Users/bear/Documents/CoWork/bear-textbooks/books/art/extracted/extracted/ARTZIP-20260801T011809Z-1-001/ARTZIP/JPGNP3/JPGNP3/22_20240405_201636_0021.jpg	extracted
/Users/bear/Documents/CoWork/bear-textbooks/books/art/extracted/ARTZIP-20260801T011809Z-1-001/ARTZIP/JPGNP3.zip	JPGNP3/35_20240405_201636_0034.jpg	/Users/bear/Documents/CoWork/bear-textbooks/books/art/extracted/extracted/ARTZIP-20260801T011809Z-1-001/ARTZIP/JPGNP3/JPGNP3/35_20240405_201636_0034.jpg	extracted
/Users/bear/Documents/CoWork/bear-textbooks/books/art/extracted/ARTZIP-20260801T011809Z-1-001/ARTZIP/JPGNP3.zip	JPGNP3/28_20240405_201636_0027.jpg	/Users/bear/Documents/CoWork/bear-textbooks/books/art/extracted/extracted/ARTZIP-20260801T011809Z-1-001/ARTZIP/JPGNP3/JPGNP3/28_20240405_201636_0027.jpg	extracted
/Users/bear/Documents/CoWork/bear-textbooks/books/art/extracted/ARTZIP-20260801T011809Z-1-001/ARTZIP/JPGNP3.zip	JPGNP3/26_20240405_201636_0025.jpg	/Users/bear/Documents/CoWork/bear-textbooks/books/art/extracted/extracted/ARTZIP-20260801T011809Z-1-001/ARTZIP/JPGNP3/JPGNP3/26_20240405_201636_0025.jpg	extracted
/Users/bear/Documents/CoWork/bear-textbooks/books/art/extracted/ARTZIP-20260801T011809Z-1-001/ARTZIP/JPGNP3.zip	JPGNP3/23_20240405_201636_0022.jpg	/Users/bear/Documents/CoWork/bear-textbooks/books/art/extracted/extracted/ARTZIP-20260801T011809Z-1-001/ARTZIP/JPGNP3/JPGNP3/23_20240405_201636_0022.jpg	extracted
/Users/bear/Documents/CoWork/bear-textbooks/books/art/extracted/ARTZIP-20260801T011809Z-1-001/ARTZIP/JPGNP3.zip	JPGNP3/2_20240405_201635_0001.jpg	/Users/bear/Documents/CoWork/bear-textbooks/books/art/extracted/extracted/ARTZIP-20260801T011809Z-1-001/ARTZIP/JPGNP3/JPGNP3/2_20240405_201635_0001.jpg	extracted
/Users/bear/Documents/CoWork/bear-textbooks/books/art/extracted/ARTZIP-20260801T011809Z-1-001/ARTZIP/JPGNP3.zip	JPGNP3/25_20240405_201636_0024.jpg	/Users/bear/Documents/CoWork/bear-textbooks/books/art/extracted/extracted/ARTZIP-20260801T011809Z-1-001/ARTZIP/JPGNP3/JPGNP3/25_20240405_201636_0024.jpg	extracted
/Users/bear/Documents/CoWork/bear-textbooks/books/art/extracted/ARTZIP-20260801T011809Z-1-001/ARTZIP/JPGNP3.zip	JPGNP3/6_20240405_201636_0005.jpg	/Users/bear/Documents/CoWork/bear-textbooks/books/art/extracted/extracted/ARTZIP-20260801T011809Z-1-001/ARTZIP/JPGNP3/JPGNP3/6_20240405_201636_0005.jpg	extracted
/Users/bear/Documents/CoWork/bear-textbooks/books/art/extracted/ARTZIP-20260801T011809Z-1-001/ARTZIP/JPGNP3.zip	JPGNP3/39_20240405_201637_0038.jpg	/Users/bear/Documents/CoWork/bear-textbooks/books/art/extracted/extracted/ARTZIP-20260801T011809Z-1-001/ARTZIP/JPGNP3/JPGNP3/39_20240405_201637_0038.jpg	extracted
/Users/bear/Documents/CoWork/bear-textbooks/books/art/extracted/ARTZIP-20260801T011809Z-1-001/ARTZIP/JPGNP3.zip	JPGNP3/3_20240405_202745_0002.jpg	/Users/bear/Documents/CoWork/bear-textbooks/books/art/extracted/extracted/ARTZIP-20260801T011809Z-1-001/ARTZIP/JPGNP3/JPGNP3/3_20240405_202745_0002.jpg	extracted
/Users/bear/Documents/CoWork/bear-textbooks/books/art/extracted/ARTZIP-20260801T011809Z-1-001/ARTZIP/JPGNP3.zip	JPGNP3/17_20240405_201636_0016.jpg	/Users/bear/Documents/CoWork/bear-textbooks/books/art/extracted/extracted/ARTZIP-20260801T011809Z-1-001/ARTZIP/JPGNP3/JPGNP3/17_20240405_201636_0016.jpg	extracted
/Users/bear/Documents/CoWork/bear-textbooks/books/art/extracted/ARTZIP-20260801T011809Z-1-001/ARTZIP/JPGNP3.zip	JPGNP3/1_20240405_201635_0000.jpg	/Users/bear/Documents/CoWork/bear-textbooks/books/art/extracted/extracted/ARTZIP-20260801T011809Z-1-001/ARTZIP/JPGNP3/JPGNP3/1_20240405_201635_0000.jpg	extracted
/Users/bear/Documents/CoWork/bear-textbooks/books/art/extracted/ARTZIP-20260801T011809Z-1-001/ARTZIP/JPGNP3.zip	JPGNP3/33_20240405_201636_0032.jpg	/Users/bear/Documents/CoWork/bear-textbooks/books/art/extracted/extracted/ARTZIP-20260801T011809Z-1-001/ARTZIP/JPGNP3/JPGNP3/33_20240405_201636_0032.jpg	extracted
/Users/bear/Documents/CoWork/bear-textbooks/books/art/extracted/ARTZIP-20260801T011809Z-1-001/ARTZIP/JPGNP3.zip	JPGNP3/30_20240405_201636_0029.jpg	/Users/bear/Documents/CoWork/bear-textbooks/books/art/extracted/extracted/ARTZIP-20260801T011809Z-1-001/ARTZIP/JPGNP3/JPGNP3/30_20240405_201636_0029.jpg	extracted
/Users/bear/Documents/CoWork/bear-textbooks/books/art/extracted/ARTZIP-20260801T011809Z-1-001/ARTZIP/JPGNP3.zip	JPGNP3/50_20240405_201637_0049.jpg	/Users/bear/Documents/CoWork/bear-textbooks/books/art/extracted/extracted/ARTZIP-20260801T011809Z-1-001/ARTZIP/JPGNP3/JPGNP3/50_20240405_201637_0049.jpg	extracted
/Users/bear/Documents/CoWork/bear-textbooks/books/art/extracted/ARTZIP-20260801T011809Z-1-001/ARTZIP/JPGNP3.zip	JPGNP3/8_20240405_201636_0007.jpg	/Users/bear/Documents/CoWork/bear-textbooks/books/art/extracted/extracted/ARTZIP-20260801T011809Z-1-001/ARTZIP/JPGNP3/JPGNP3/8_20240405_201636_0007.jpg	extracted
/Users/bear/Documents/CoWork/bear-textbooks/books/art/extracted/ARTZIP-20260801T011809Z-1-001/ARTZIP/JPGNP3.zip	JPGNP3/40_20240405_201637_0039.jpg	/Users/bear/Documents/CoWork/bear-textbooks/books/art/extracted/extracted/ARTZIP-20260801T011809Z-1-001/ARTZIP/JPGNP3/JPGNP3/40_20240405_201637_0039.jpg	extracted
/Users/bear/Documents/CoWork/bear-textbooks/books/art/extracted/ARTZIP-20260801T011809Z-1-001/ARTZIP/JPGNP3.zip	JPGNP3/24_20240405_201636_0023.jpg	/Users/bear/Documents/CoWork/bear-textbooks/books/art/extracted/extracted/ARTZIP-20260801T011809Z-1-001/ARTZIP/JPGNP3/JPGNP3/24_20240405_201636_0023.jpg	extracted
/Users/bear/Documents/CoWork/bear-textbooks/books/art/extracted/ARTZIP-20260801T011809Z-1-001/ARTZIP/JPGNP3.zip	JPGNP3/49_20240405_201637_0048.jpg	/Users/bear/Documents/CoWork/bear-textbooks/books/art/extracted/extracted/ARTZIP-20260801T011809Z-1-001/ARTZIP/JPGNP3/JPGNP3/49_20240405_201637_0048.jpg	extracted
/Users/bear/Documents/CoWork/bear-textbooks/books/art/extracted/ARTZIP-20260801T011809Z-1-001/ARTZIP/JPGNP3.zip	JPGNP3/44_20240405_201637_0043.jpg	/Users/bear/Documents/CoWork/bear-textbooks/books/art/extracted/extracted/ARTZIP-20260801T011809Z-1-001/ARTZIP/JPGNP3/JPGNP3/44_20240405_201637_0043.jpg	extracted
/Users/bear/Documents/CoWork/bear-textbooks/books/art/extracted/ARTZIP-20260801T011809Z-1-001/ARTZIP/JPGNP3.zip	JPGNP3/9_20240405_201636_0008.jpg	/Users/bear/Documents/CoWork/bear-textbooks/books/art/extracted/extracted/ARTZIP-20260801T011809Z-1-001/ARTZIP/JPGNP3/JPGNP3/9_20240405_201636_0008.jpg	extracted
/Users/bear/Documents/CoWork/bear-textbooks/books/art/extracted/ARTZIP-20260801T011809Z-1-001/ARTZIP/JPGNP3.zip	JPGNP3/41_20240405_201637_0040.jpg	/Users/bear/Documents/CoWork/bear-textbooks/books/art/extracted/extracted/ARTZIP-20260801T011809Z-1-001/ARTZIP/JPGNP3/JPGNP3/41_20240405_201637_0040.jpg	extracted
/Users/bear/Documents/CoWork/bear-textbooks/books/art/extracted/ARTZIP-20260801T011809Z-1-001/ARTZIP/JPGNP3.zip	JPGNP3/47_20240405_201637_0046.jpg	/Users/bear/Documents/CoWork/bear-textbooks/books/art/extracted/extracted/ARTZIP-20260801T011809Z-1-001/ARTZIP/JPGNP3/JPGNP3/47_20240405_201637_0046.jpg	extracted
/Users/bear/Documents/CoWork/bear-textbooks/books/art/extracted/ARTZIP-20260801T011809Z-1-001/ARTZIP/JPGNP3.zip	JPGNP3/19_20240405_201636_0018.jpg	/Users/bear/Documents/CoWork/bear-textbooks/books/art/extracted/extracted/ARTZIP-20260801T011809Z-1-001/ARTZIP/JPGNP3/JPGNP3/19_20240405_201636_0018.jpg	extracted
/Users/bear/Documents/CoWork/bear-textbooks/books/art/extracted/ARTZIP-20260801T011809Z-1-001/ARTZIP/JPGNP3.zip	JPGNP3/16_20240405_201636_0015.jpg	/Users/bear/Documents/CoWork/bear-textbooks/books/art/extracted/extracted/ARTZIP-20260801T011809Z-1-001/ARTZIP/JPGNP3/JPGNP3/16_20240405_201636_0015.jpg	extracted
/Users/bear/Documents/CoWork/bear-textbooks/books/art/extracted/ARTZIP-20260801T011809Z-1-001/ARTZIP/JPGNP3.zip	JPGNP3/31_20240405_201636_0030.jpg	/Users/bear/Documents/CoWork/bear-textbooks/books/art/extracted/extracted/ARTZIP-20260801T011809Z-1-001/ARTZIP/JPGNP3/JPGNP3/31_20240405_201636_0030.jpg	extracted
/Users/bear/Documents/CoWork/bear-textbooks/books/art/extracted/ARTZIP-20260801T011809Z-1-001/ARTZIP/JPGNP3.zip	JPGNP3/43_20240405_201637_0042.jpg	/Users/bear/Documents/CoWork/bear-textbooks/books/art/extracted/extracted/ARTZIP-20260801T011809Z-1-001/ARTZIP/JPGNP3/JPGNP3/43_20240405_201637_0042.jpg	extracted
/Users/bear/Documents/CoWork/bear-textbooks/books/art/extracted/ARTZIP-20260801T011809Z-1-001/ARTZIP/JPGNP3.zip	JPGNP3/11_20240405_201636_0010.jpg	/Users/bear/Documents/CoWork/bear-textbooks/books/art/extracted/extracted/ARTZIP-20260801T011809Z-1-001/ARTZIP/JPGNP3/JPGNP3/11_20240405_201636_0010.jpg	extracted
/Users/bear/Documents/CoWork/bear-textbooks/books/art/extracted/ARTZIP-20260801T011809Z-1-001/ARTZIP/JPGNP3.zip	JPGNP3/18_20240405_201636_0017.jpg	/Users/bear/Documents/CoWork/bear-textbooks/books/art/extracted/extracted/ARTZIP-20260801T011809Z-1-001/ARTZIP/JPGNP3/JPGNP3/18_20240405_201636_0017.jpg	extracted
/Users/bear/Documents/CoWork/bear-textbooks/books/art/extracted/ARTZIP-20260801T011809Z-1-001/ARTZIP/JPGNP3.zip	JPGNP3/36_20240405_201636_0035.jpg	/Users/bear/Documents/CoWork/bear-textbooks/books/art/extracted/extracted/ARTZIP-20260801T011809Z-1-001/ARTZIP/JPGNP3/JPGNP3/36_20240405_201636_0035.jpg	extracted
/Users/bear/Documents/CoWork/bear-textbooks/books/art/extracted/ARTZIP-20260801T011809Z-1-001/ARTZIP/JPGNP3.zip	JPGNP3/32_20240405_201636_0031.jpg	/Users/bear/Documents/CoWork/bear-textbooks/books/art/extracted/extracted/ARTZIP-20260801T011809Z-1-001/ARTZIP/JPGNP3/JPGNP3/32_20240405_201636_0031.jpg	extracted
/Users/bear/Documents/CoWork/bear-textbooks/books/art/extracted/ARTZIP-20260801T011809Z-1-001/ARTZIP/JPGNP3.zip	JPGNP3/12_20240405_201636_0011.jpg	/Users/bear/Documents/CoWork/bear-textbooks/books/art/extracted/extracted/ARTZIP-20260801T011809Z-1-001/ARTZIP/JPGNP3/JPGNP3/12_20240405_201636_0011.jpg	extracted
/Users/bear/Documents/CoWork/bear-textbooks/books/art/extracted/ARTZIP-20260801T011809Z-1-001/ARTZIP/JPGNP3.zip	JPGNP3/13_20240405_201636_0012.jpg	/Users/bear/Documents/CoWork/bear-textbooks/books/art/extracted/extracted/ARTZIP-20260801T011809Z-1-001/ARTZIP/JPGNP3/JPGNP3/13_20240405_201636_0012.jpg	extracted
/Users/bear/Documents/CoWork/bear-textbooks/books/art/extracted/ARTZIP-20260801T011809Z-1-001/ARTZIP/JPGNP3.zip	JPGNP3/48_20240405_201637_0047.jpg	/Users/bear/Documents/CoWork/bear-textbooks/books/art/extracted/extracted/ARTZIP-20260801T011809Z-1-001/ARTZIP/JPGNP3/JPGNP3/48_20240405_201637_0047.jpg	extracted
/Users/bear/Documents/CoWork/bear-textbooks/books/art/extracted/ARTZIP-20260801T011809Z-1-001/ARTZIP/JPGNP3.zip	JPGNP3/10_20240405_201636_0009.jpg	/Users/bear/Documents/CoWork/bear-textbooks/books/art/extracted/extracted/ARTZIP-20260801T011809Z-1-001/ARTZIP/JPGNP3/JPGNP3/10_20240405_201636_0009.jpg	extracted
/Users/bear/Documents/CoWork/bear-textbooks/books/art/extracted/ARTZIP-20260801T011809Z-1-001/ARTZIP/JPGNP3.zip	JPGNP3/4_20240405_201636_0003.jpg	/Users/bear/Documents/CoWork/bear-textbooks/books/art/extracted/extracted/ARTZIP-20260801T011809Z-1-001/ARTZIP/JPGNP3/JPGNP3/4_20240405_201636_0003.jpg	extracted
/Users/bear/Documents/CoWork/bear-textbooks/books/art/extracted/ARTZIP-20260801T011809Z-1-001/ARTZIP/JPGNP3.zip	JPGNP3/21_20240405_201636_0020.jpg	/Users/bear/Documents/CoWork/bear-textbooks/books/art/extracted/extracted/ARTZIP-20260801T011809Z-1-001/ARTZIP/JPGNP3/JPGNP3/21_20240405_201636_0020.jpg	extracted
/Users/bear/Documents/CoWork/bear-textbooks/books/art/extracted/ARTZIP-20260801T011809Z-1-001/ARTZIP/JPGNP3.zip	JPGNP3/14_20240405_201636_0013.jpg	/Users/bear/Documents/CoWork/bear-textbooks/books/art/extracted/extracted/ARTZIP-20260801T011809Z-1-001/ARTZIP/JPGNP3/JPGNP3/14_20240405_201636_0013.jpg	extracted
/Users/bear/Documents/CoWork/bear-textbooks/books/art/extracted/ARTZIP-20260801T011809Z-1-001/ARTZIP/JPGNP3.zip	JPGNP3/38_20240405_201637_0037.jpg	/Users/bear/Documents/CoWork/bear-textbooks/books/art/extracted/extracted/ARTZIP-20260801T011809Z-1-001/ARTZIP/JPGNP3/JPGNP3/38_20240405_201637_0037.jpg	extracted
/Users/bear/Documents/CoWork/bear-textbooks/books/art/extracted/ARTZIP-20260801T011809Z-1-001/ARTZIP/JPGNP3.zip	JPGNP3/37_20240405_201637_0036.jpg	/Users/bear/Documents/CoWork/bear-textbooks/books/art/extracted/extracted/ARTZIP-20260801T011809Z-1-001/ARTZIP/JPGNP3/JPGNP3/37_20240405_201637_0036.jpg	extracted
/Users/bear/Documents/CoWork/bear-textbooks/books/art/extracted/ARTZIP-20260801T011809Z-1-001/ARTZIP/JPGNP3.zip	JPGNP3/15_20240405_201636_0014.jpg	/Users/bear/Documents/CoWork/bear-textbooks/books/art/extracted/extracted/ARTZIP-20260801T011809Z-1-001/ARTZIP/JPGNP3/JPGNP3/15_20240405_201636_0014.jpg	extracted
/Users/bear/Documents/CoWork/bear-textbooks/books/art/extracted/ARTZIP-20260801T011809Z-1-001/ARTZIP/JPGNP3.zip	JPGNP3/5_20240405_201636_0004.jpg	/Users/bear/Documents/CoWork/bear-textbooks/books/art/extracted/extracted/ARTZIP-20260801T011809Z-1-001/ARTZIP/JPGNP3/JPGNP3/5_20240405_201636_0004.jpg	extracted
/Users/bear/Documents/CoWork/bear-textbooks/books/art/extracted/ARTZIP-20260801T011809Z-1-001/ARTZIP/JPGNP3.zip	JPGNP3/45_20240405_201637_0044.jpg	/Users/bear/Documents/CoWork/bear-textbooks/books/art/extracted/extracted/ARTZIP-20260801T011809Z-1-001/ARTZIP/JPGNP3/JPGNP3/45_20240405_201637_0044.jpg	extracted
/Users/bear/Documents/CoWork/bear-textbooks/books/art/extracted/ARTZIP-20260801T011809Z-1-001/ARTZIP/JPGNP3.zip	JPGNP3/29_20240405_201636_0028.jpg	/Users/bear/Documents/CoWork/bear-textbooks/books/art/extracted/extracted/ARTZIP-20260801T011809Z-1-001/ARTZIP/JPGNP3/JPGNP3/29_20240405_201636_0028.jpg	extracted
/Users/bear/Documents/CoWork/bear-textbooks/books/art/extracted/ARTZIP-20260801T011809Z-1-001/ARTZIP/JPGNP3.zip	JPGNP3/7_20240405_201636_0006.jpg	/Users/bear/Documents/CoWork/bear-textbooks/books/art/extracted/extracted/ARTZIP-20260801T011809Z-1-001/ARTZIP/JPGNP3/JPGNP3/7_20240405_201636_0006.jpg	extracted
/Users/bear/Documents/CoWork/bear-textbooks/books/art/extracted/ARTZIP-20260801T011809Z-1-001/ARTZIP/JPGNP3.zip	JPGNP3/20_20240405_201636_0019.jpg	/Users/bear/Documents/CoWork/bear-textbooks/books/art/extracted/extracted/ARTZIP-20260801T011809Z-1-001/ARTZIP/JPGNP3/JPGNP3/20_20240405_201636_0019.jpg	extracted
/Users/bear/Documents/CoWork/bear-textbooks/books/art/extracted/ARTZIP-20260801T011809Z-1-001/ARTZIP/JPGNP3.zip	JPGNP3/46_20240405_201637_0045.jpg	/Users/bear/Documents/CoWork/bear-textbooks/books/art/extracted/extracted/ARTZIP-20260801T011809Z-1-001/ARTZIP/JPGNP3/JPGNP3/46_20240405_201637_0045.jpg	extracted
/Users/bear/Documents/CoWork/bear-textbooks/books/art/extracted/ARTZIP-20260801T011809Z-1-001/ARTZIP/JPGNP3.zip	JPGNP3/34_20240405_201636_0033.jpg	/Users/bear/Documents/CoWork/bear-textbooks/books/art/extracted/extracted/ARTZIP-20260801T011809Z-1-001/ARTZIP/JPGNP3/JPGNP3/34_20240405_201636_0033.jpg	extracted
/Users/bear/Documents/CoWork/bear-textbooks/books/art/extracted/ARTZIP-20260801T011809Z-1-001/ARTZIP/JPGNP3.zip	JPGNP3/42_20240405_201637_0041.jpg	/Users/bear/Documents/CoWork/bear-textbooks/books/art/extracted/extracted/ARTZIP-20260801T011809Z-1-001/ARTZIP/JPGNP3/JPGNP3/42_20240405_201637_0041.jpg	extracted
/Users/bear/Documents/CoWork/bear-textbooks/books/art/extracted/ARTZIP-20260801T011809Z-1-001/ARTZIP/JPGNP3.zip	JPGNP3/3_20240405_201635_0002.jpg	/Users/bear/Documents/CoWork/bear-textbooks/books/art/extracted/extracted/ARTZIP-20260801T011809Z-1-001/ARTZIP/JPGNP3/JPGNP3/3_20240405_201635_0002.jpg	extracted
/Users/bear/Documents/CoWork/bear-textbooks/books/art/extracted/ARTZIP-20260801T011809Z-1-001/ARTZIP/JPGNP3.zip	JPGNP3/27_20240405_201636_0026.jpg	/Users/bear/Documents/CoWork/bear-textbooks/books/art/extracted/extracted/ARTZIP-20260801T011809Z-1-001/ARTZIP/JPGNP3/JPGNP3/27_20240405_201636_0026.jpg	extracted
/Users/bear/Documents/CoWork/bear-textbooks/books/art/extracted/ARTZIP-20260801T011809Z-1-003/ARTZIP/Paintings-20260708T035623Z-3-023.zip	Paintings/Various Artists (1200 and Growing)/Las_Meninas_by_Diego_Velázquez_from_Prado_in_Google_Earth.jpg	/Users/bear/Documents/CoWork/bear-textbooks/books/art/extracted/extracted/ARTZIP-20260801T011809Z-1-003/ARTZIP/Paintings-20260708T035623Z-3-023/Paintings/Various Artists (1200 and Growing)/Las_Meninas_by_Diego_Velázquez_from_Prado_in_Google_Earth.jpg	extracted
/Users/bear/Documents/CoWork/bear-textbooks/books/art/extracted/ARTZIP-20260801T011809Z-1-003/ARTZIP/Paintings-20260708T035623Z-3-023.zip	Paintings/Various Artists (1200 and Growing)/Rembrandt_Harmensz_van_Rijn_-_Return_of_the_Prodigal_Son_-_Google_Art_Project.jpg	/Users/bear/Documents/CoWork/bear-textbooks/books/art/extracted/extracted/ARTZIP-20260801T011809Z-1-003/ARTZIP/Paintings-20260708T035623Z-3-023/Paintings/Various Artists (1200 and Growing)/Rembrandt_Harmensz_van_Rijn_-_Return_of_the_Prodigal_Son_-_Google_Art_Project.jpg	extracted
/Users/bear/Documents/CoWork/bear-textbooks/books/art/extracted/ARTZIP-20260801T011809Z-1-003/ARTZIP/MRR - PLR-20260708T035620Z-3-001.zip	MRR - PLR/PLR Paintings 2026.pdf	/Users/bear/Documents/CoWork/bear-textbooks/books/art/extracted/extracted/ARTZIP-20260801T011809Z-1-003/ARTZIP/MRR - PLR-20260708T035620Z-3-001/MRR - PLR/PLR Paintings 2026.pdf	extracted
/Users/bear/Documents/CoWork/bear-textbooks/books/art/extracted/ARTZIP-20260801T011809Z-1-003/ARTZIP/MRR - PLR-20260708T035620Z-3-001.zip	MRR - PLR/MRR Paintings 2026.pdf	/Users/bear/Documents/CoWork/bear-textbooks/books/art/extracted/extracted/ARTZIP-20260801T011809Z-1-003/ARTZIP/MRR - PLR-20260708T035620Z-3-001/MRR - PLR/MRR Paintings 2026.pdf	extracted
/Users/bear/Documents/CoWork/bear-textbooks/books/art/extracted/ARTZIP-20260801T011809Z-1-003/ARTZIP/JPGNP4.zip	JPGNP4/4_20240405_202535_0003.jpg	/Users/bear/Documents/CoWork/bear-textbooks/books/art/extracted/extracted/ARTZIP-20260801T011809Z-1-003/ARTZIP/JPGNP4/JPGNP4/4_20240405_202535_0003.jpg	extracted
/Users/bear/Documents/CoWork/bear-textbooks/books/art/extracted/ARTZIP-20260801T011809Z-1-003/ARTZIP/JPGNP4.zip	JPGNP4/9_20240405_202536_0008.jpg	/Users/bear/Documents/CoWork/bear-textbooks/books/art/extracted/extracted/ARTZIP-20260801T011809Z-1-003/ARTZIP/JPGNP4/JPGNP4/9_20240405_202536_0008.jpg	extracted
/Users/bear/Documents/CoWork/bear-textbooks/books/art/extracted/ARTZIP-20260801T011809Z-1-003/ARTZIP/JPGNP4.zip	JPGNP4/34_20240405_202536_0033.jpg	/Users/bear/Documents/CoWork/bear-textbooks/books/art/extracted/extracted/ARTZIP-20260801T011809Z-1-003/ARTZIP/JPGNP4/JPGNP4/34_20240405_202536_0033.jpg	extracted
/Users/bear/Documents/CoWork/bear-textbooks/books/art/extracted/ARTZIP-20260801T011809Z-1-003/ARTZIP/JPGNP4.zip	JPGNP4/30_20240405_202536_0029.jpg	/Users/bear/Documents/CoWork/bear-textbooks/books/art/extracted/extracted/ARTZIP-20260801T011809Z-1-003/ARTZIP/JPGNP4/JPGNP4/30_20240405_202536_0029.jpg	extracted
/Users/bear/Documents/CoWork/bear-textbooks/books/art/extracted/ARTZIP-20260801T011809Z-1-003/ARTZIP/JPGNP4.zip	JPGNP4/40_20240405_202537_0039.jpg	/Users/bear/Documents/CoWork/bear-textbooks/books/art/extracted/extracted/ARTZIP-20260801T011809Z-1-003/ARTZIP/JPGNP4/JPGNP4/40_20240405_202537_0039.jpg	extracted
/Users/bear/Documents/CoWork/bear-textbooks/books/art/extracted/ARTZIP-20260801T011809Z-1-003/ARTZIP/JPGNP4.zip	JPGNP4/15_20240405_202536_0014.jpg	/Users/bear/Documents/CoWork/bear-textbooks/books/art/extracted/extracted/ARTZIP-20260801T011809Z-1-003/ARTZIP/JPGNP4/JPGNP4/15_20240405_202536_0014.jpg	extracted
/Users/bear/Documents/CoWork/bear-textbooks/books/art/extracted/ARTZIP-20260801T011809Z-1-003/ARTZIP/JPGNP4.zip	JPGNP4/26_20240405_202536_0025.jpg	/Users/bear/Documents/CoWork/bear-textbooks/books/art/extracted/extracted/ARTZIP-20260801T011809Z-1-003/ARTZIP/JPGNP4/JPGNP4/26_20240405_202536_0025.jpg	extracted
/Users/bear/Documents/CoWork/bear-textbooks/books/art/extracted/ARTZIP-20260801T011809Z-1-003/ARTZIP/JPGNP4.zip	JPGNP4/8_20240405_202536_0007.jpg	/Users/bear/Documents/CoWork/bear-textbooks/books/art/extracted/extracted/ARTZIP-20260801T011809Z-1-003/ARTZIP/JPGNP4/JPGNP4/8_20240405_202536_0007.jpg	extracted
/Users/bear/Documents/CoWork/bear-textbooks/books/art/extracted/ARTZIP-20260801T011809Z-1-003/ARTZIP/JPGNP4.zip	JPGNP4/11_20240405_202536_0010.jpg	/Users/bear/Documents/CoWork/bear-textbooks/books/art/extracted/extracted/ARTZIP-20260801T011809Z-1-003/ARTZIP/JPGNP4/JPGNP4/11_20240405_202536_0010.jpg	extracted
/Users/bear/Documents/CoWork/bear-textbooks/books/art/extracted/ARTZIP-20260801T011809Z-1-003/ARTZIP/JPGNP4.zip	JPGNP4/18_20240405_202536_0017.jpg	/Users/bear/Documents/CoWork/bear-textbooks/books/art/extracted/extracted/ARTZIP-20260801T011809Z-1-003/ARTZIP/JPGNP4/JPGNP4/18_20240405_202536_0017.jpg	extracted
/Users/bear/Documents/CoWork/bear-textbooks/books/art/extracted/ARTZIP-20260801T011809Z-1-003/ARTZIP/JPGNP4.zip	JPGNP4/45_20240405_202537_0044.jpg	/Users/bear/Documents/CoWork/bear-textbooks/books/art/extracted/extracted/ARTZIP-20260801T011809Z-1-003/ARTZIP/JPGNP4/JPGNP4/45_20240405_202537_0044.jpg	extracted
/Users/bear/Documents/CoWork/bear-textbooks/books/art/extracted/ARTZIP-20260801T011809Z-1-003/ARTZIP/JPGNP4.zip	JPGNP4/6_20240405_202535_0005.jpg	/Users/bear/Documents/CoWork/bear-textbooks/books/art/extracted/extracted/ARTZIP-20260801T011809Z-1-003/ARTZIP/JPGNP4/JPGNP4/6_20240405_202535_0005.jpg	extracted
/Users/bear/Documents/CoWork/bear-textbooks/books/art/extracted/ARTZIP-20260801T011809Z-1-003/ARTZIP/JPGNP4.zip	JPGNP4/2_20240405_202535_0001.jpg	/Users/bear/Documents/CoWork/bear-textbooks/books/art/extracted/extracted/ARTZIP-20260801T011809Z-1-003/ARTZIP/JPGNP4/JPGNP4/2_20240405_202535_0001.jpg	extracted
/Users/bear/Documents/CoWork/bear-textbooks/books/art/extracted/ARTZIP-20260801T011809Z-1-003/ARTZIP/JPGNP4.zip	JPGNP4/21_20240405_202536_0020.jpg	/Users/bear/Documents/CoWork/bear-textbooks/books/art/extracted/extracted/ARTZIP-20260801T011809Z-1-003/ARTZIP/JPGNP4/JPGNP4/21_20240405_202536_0020.jpg	extracted
/Users/bear/Documents/CoWork/bear-textbooks/books/art/extracted/ARTZIP-20260801T011809Z-1-003/ARTZIP/JPGNP4.zip	JPGNP4/1_20240405_202535_0000.jpg	/Users/bear/Documents/CoWork/bear-textbooks/books/art/extracted/extracted/ARTZIP-20260801T011809Z-1-003/ARTZIP/JPGNP4/JPGNP4/1_20240405_202535_0000.jpg	extracted
/Users/bear/Documents/CoWork/bear-textbooks/books/art/extracted/ARTZIP-20260801T011809Z-1-003/ARTZIP/JPGNP4.zip	JPGNP4/19_20240405_202536_0018.jpg	/Users/bear/Documents/CoWork/bear-textbooks/books/art/extracted/extracted/ARTZIP-20260801T011809Z-1-003/ARTZIP/JPGNP4/JPGNP4/19_20240405_202536_0018.jpg	extracted
/Users/bear/Documents/CoWork/bear-textbooks/books/art/extracted/ARTZIP-20260801T011809Z-1-003/ARTZIP/JPGNP4.zip	JPGNP4/48_20240405_202537_0047.jpg	/Users/bear/Documents/CoWork/bear-textbooks/books/art/extracted/extracted/ARTZIP-20260801T011809Z-1-003/ARTZIP/JPGNP4/JPGNP4/48_20240405_202537_0047.jpg	extracted
/Users/bear/Documents/CoWork/bear-textbooks/books/art/extracted/ARTZIP-20260801T011809Z-1-003/ARTZIP/JPGNP4.zip	JPGNP4/50_20240405_202537_0049.jpg	/Users/bear/Documents/CoWork/bear-textbooks/books/art/extracted/extracted/ARTZIP-20260801T011809Z-1-003/ARTZIP/JPGNP4/JPGNP4/50_20240405_202537_0049.jpg	extracted
/Users/bear/Documents/CoWork/bear-textbooks/books/art/extracted/ARTZIP-20260801T011809Z-1-003/ARTZIP/JPGNP4.zip	JPGNP4/39_20240405_202537_0038.jpg	/Users/bear/Documents/CoWork/bear-textbooks/books/art/extracted/extracted/ARTZIP-20260801T011809Z-1-003/ARTZIP/JPGNP4/JPGNP4/39_20240405_202537_0038.jpg	extracted
/Users/bear/Documents/CoWork/bear-textbooks/books/art/extracted/ARTZIP-20260801T011809Z-1-003/ARTZIP/JPGNP4.zip	JPGNP4/25_20240405_202536_0024.jpg	/Users/bear/Documents/CoWork/bear-textbooks/books/art/extracted/extracted/ARTZIP-20260801T011809Z-1-003/ARTZIP/JPGNP4/JPGNP4/25_20240405_202536_0024.jpg	extracted
/Users/bear/Documents/CoWork/bear-textbooks/books/art/extracted/ARTZIP-20260801T011809Z-1-003/ARTZIP/JPGNP4.zip	JPGNP4/46_20240405_202537_0045.jpg	/Users/bear/Documents/CoWork/bear-textbooks/books/art/extracted/extracted/ARTZIP-20260801T011809Z-1-003/ARTZIP/JPGNP4/JPGNP4/46_20240405_202537_0045.jpg	extracted
/Users/bear/Documents/CoWork/bear-textbooks/books/art/extracted/ARTZIP-20260801T011809Z-1-003/ARTZIP/JPGNP4.zip	JPGNP4/35_20240405_202537_0034.jpg	/Users/bear/Documents/CoWork/bear-textbooks/books/art/extracted/extracted/ARTZIP-20260801T011809Z-1-003/ARTZIP/JPGNP4/JPGNP4/35_20240405_202537_0034.jpg	extracted
/Users/bear/Documents/CoWork/bear-textbooks/books/art/extracted/ARTZIP-20260801T011809Z-1-003/ARTZIP/JPGNP4.zip	JPGNP4/12_20240405_202536_0011.jpg	/Users/bear/Documents/CoWork/bear-textbooks/books/art/extracted/extracted/ARTZIP-20260801T011809Z-1-003/ARTZIP/JPGNP4/JPGNP4/12_20240405_202536_0011.jpg	extracted
/Users/bear/Documents/CoWork/bear-textbooks/books/art/extracted/ARTZIP-20260801T011809Z-1-003/ARTZIP/JPGNP4.zip	JPGNP4/33_20240405_202536_0032.jpg	/Users/bear/Documents/CoWork/bear-textbooks/books/art/extracted/extracted/ARTZIP-20260801T011809Z-1-003/ARTZIP/JPGNP4/JPGNP4/33_20240405_202536_0032.jpg	extracted
/Users/bear/Documents/CoWork/bear-textbooks/books/art/extracted/ARTZIP-20260801T011809Z-1-003/ARTZIP/JPGNP4.zip	JPGNP4/37_20240405_202537_0036.jpg	/Users/bear/Documents/CoWork/bear-textbooks/books/art/extracted/extracted/ARTZIP-20260801T011809Z-1-003/ARTZIP/JPGNP4/JPGNP4/37_20240405_202537_0036.jpg	extracted
/Users/bear/Documents/CoWork/bear-textbooks/books/art/extracted/ARTZIP-20260801T011809Z-1-003/ARTZIP/JPGNP4.zip	JPGNP4/14_20240405_202536_0013.jpg	/Users/bear/Documents/CoWork/bear-textbooks/books/art/extracted/extracted/ARTZIP-20260801T011809Z-1-003/ARTZIP/JPGNP4/JPGNP4/14_20240405_202536_0013.jpg	extracted
/Users/bear/Documents/CoWork/bear-textbooks/books/art/extracted/ARTZIP-20260801T011809Z-1-003/ARTZIP/JPGNP4.zip	JPGNP4/20_20240405_202536_0019.jpg	/Users/bear/Documents/CoWork/bear-textbooks/books/art/extracted/extracted/ARTZIP-20260801T011809Z-1-003/ARTZIP/JPGNP4/JPGNP4/20_20240405_202536_0019.jpg	extracted
/Users/bear/Documents/CoWork/bear-textbooks/books/art/extracted/ARTZIP-20260801T011809Z-1-003/ARTZIP/JPGNP4.zip	JPGNP4/29_20240405_202536_0028.jpg	/Users/bear/Documents/CoWork/bear-textbooks/books/art/extracted/extracted/ARTZIP-20260801T011809Z-1-003/ARTZIP/JPGNP4/JPGNP4/29_20240405_202536_0028.jpg	extracted
/Users/bear/Documents/CoWork/bear-textbooks/books/art/extracted/ARTZIP-20260801T011809Z-1-003/ARTZIP/JPGNP4.zip	JPGNP4/47_20240405_202537_0046.jpg	/Users/bear/Documents/CoWork/bear-textbooks/books/art/extracted/extracted/ARTZIP-20260801T011809Z-1-003/ARTZIP/JPGNP4/JPGNP4/47_20240405_202537_0046.jpg	extracted
/Users/bear/Documents/CoWork/bear-textbooks/books/art/extracted/ARTZIP-20260801T011809Z-1-003/ARTZIP/JPGNP4.zip	JPGNP4/13_20240405_202536_0012.jpg	/Users/bear/Documents/CoWork/bear-textbooks/books/art/extracted/extracted/ARTZIP-20260801T011809Z-1-003/ARTZIP/JPGNP4/JPGNP4/13_20240405_202536_0012.jpg	extracted
/Users/bear/Documents/CoWork/bear-textbooks/books/art/extracted/ARTZIP-20260801T011809Z-1-003/ARTZIP/JPGNP4.zip	JPGNP4/42_20240405_202537_0041.jpg	/Users/bear/Documents/CoWork/bear-textbooks/books/art/extracted/extracted/ARTZIP-20260801T011809Z-1-003/ARTZIP/JPGNP4/JPGNP4/42_20240405_202537_0041.jpg	extracted
/Users/bear/Documents/CoWork/bear-textbooks/books/art/extracted/ARTZIP-20260801T011809Z-1-003/ARTZIP/JPGNP4.zip	JPGNP4/17_20240405_202536_0016.jpg	/Users/bear/Documents/CoWork/bear-textbooks/books/art/extracted/extracted/ARTZIP-20260801T011809Z-1-003/ARTZIP/JPGNP4/JPGNP4/17_20240405_202536_0016.jpg	extracted
/Users/bear/Documents/CoWork/bear-textbooks/books/art/extracted/ARTZIP-20260801T011809Z-1-003/ARTZIP/JPGNP4.zip	JPGNP4/41_20240405_202537_0040.jpg	/Users/bear/Documents/CoWork/bear-textbooks/books/art/extracted/extracted/ARTZIP-20260801T011809Z-1-003/ARTZIP/JPGNP4/JPGNP4/41_20240405_202537_0040.jpg	extracted
/Users/bear/Documents/CoWork/bear-textbooks/books/art/extracted/ARTZIP-20260801T011809Z-1-003/ARTZIP/JPGNP4.zip	JPGNP4/31_20240405_202536_0030.jpg	/Users/bear/Documents/CoWork/bear-textbooks/books/art/extracted/extracted/ARTZIP-20260801T011809Z-1-003/ARTZIP/JPGNP4/JPGNP4/31_20240405_202536_0030.jpg	extracted
/Users/bear/Documents/CoWork/bear-textbooks/books/art/extracted/ARTZIP-20260801T011809Z-1-003/ARTZIP/JPGNP4.zip	JPGNP4/22_20240405_202536_0021.jpg	/Users/bear/Documents/CoWork/bear-textbooks/books/art/extracted/extracted/ARTZIP-20260801T011809Z-1-003/ARTZIP/JPGNP4/JPGNP4/22_20240405_202536_0021.jpg	extracted
/Users/bear/Documents/CoWork/bear-textbooks/books/art/extracted/ARTZIP-20260801T011809Z-1-003/ARTZIP/JPGNP4.zip	JPGNP4/43_20240405_202537_0042.jpg	/Users/bear/Documents/CoWork/bear-textbooks/books/art/extracted/extracted/ARTZIP-20260801T011809Z-1-003/ARTZIP/JPGNP4/JPGNP4/43_20240405_202537_0042.jpg	extracted
/Users/bear/Documents/CoWork/bear-textbooks/books/art/extracted/ARTZIP-20260801T011809Z-1-003/ARTZIP/JPGNP4.zip	JPGNP4/27_20240405_202536_0026.jpg	/Users/bear/Documents/CoWork/bear-textbooks/books/art/extracted/extracted/ARTZIP-20260801T011809Z-1-003/ARTZIP/JPGNP4/JPGNP4/27_20240405_202536_0026.jpg	extracted
/Users/bear/Documents/CoWork/bear-textbooks/books/art/extracted/ARTZIP-20260801T011809Z-1-003/ARTZIP/JPGNP4.zip	JPGNP4/49_20240405_202537_0048.jpg	/Users/bear/Documents/CoWork/bear-textbooks/books/art/extracted/extracted/ARTZIP-20260801T011809Z-1-003/ARTZIP/JPGNP4/JPGNP4/49_20240405_202537_0048.jpg	extracted
/Users/bear/Documents/CoWork/bear-textbooks/books/art/extracted/ARTZIP-20260801T011809Z-1-003/ARTZIP/JPGNP4.zip	JPGNP4/44_20240405_202537_0043.jpg	/Users/bear/Documents/CoWork/bear-textbooks/books/art/extracted/extracted/ARTZIP-20260801T011809Z-1-003/ARTZIP/JPGNP4/JPGNP4/44_20240405_202537_0043.jpg	extracted
/Users/bear/Documents/CoWork/bear-textbooks/books/art/extracted/ARTZIP-20260801T011809Z-1-003/ARTZIP/JPGNP4.zip	JPGNP4/7_20240405_202535_0006.jpg	/Users/bear/Documents/CoWork/bear-textbooks/books/art/extracted/extracted/ARTZIP-20260801T011809Z-1-003/ARTZIP/JPGNP4/JPGNP4/7_20240405_202535_0006.jpg	extracted
/Users/bear/Documents/CoWork/bear-textbooks/books/art/extracted/ARTZIP-20260801T011809Z-1-003/ARTZIP/JPGNP4.zip	JPGNP4/16_20240405_202536_0015.jpg	/Users/bear/Documents/CoWork/bear-textbooks/books/art/extracted/extracted/ARTZIP-20260801T011809Z-1-003/ARTZIP/JPGNP4/JPGNP4/16_20240405_202536_0015.jpg	extracted
/Users/bear/Documents/CoWork/bear-textbooks/books/art/extracted/ARTZIP-20260801T011809Z-1-003/ARTZIP/JPGNP4.zip	JPGNP4/32_20240405_202536_0031.jpg	/Users/bear/Documents/CoWork/bear-textbooks/books/art/extracted/extracted/ARTZIP-20260801T011809Z-1-003/ARTZIP/JPGNP4/JPGNP4/32_20240405_202536_0031.jpg	extracted
/Users/bear/Documents/CoWork/bear-textbooks/books/art/extracted/ARTZIP-20260801T011809Z-1-003/ARTZIP/JPGNP4.zip	JPGNP4/3_20240405_202535_0002.jpg	/Users/bear/Documents/CoWork/bear-textbooks/books/art/extracted/extracted/ARTZIP-20260801T011809Z-1-003/ARTZIP/JPGNP4/JPGNP4/3_20240405_202535_0002.jpg	extracted
/Users/bear/Documents/CoWork/bear-textbooks/books/art/extracted/ARTZIP-20260801T011809Z-1-003/ARTZIP/JPGNP4.zip	JPGNP4/23_20240405_202536_0022.jpg	/Users/bear/Documents/CoWork/bear-textbooks/books/art/extracted/extracted/ARTZIP-20260801T011809Z-1-003/ARTZIP/JPGNP4/JPGNP4/23_20240405_202536_0022.jpg	extracted
/Users/bear/Documents/CoWork/bear-textbooks/books/art/extracted/ARTZIP-20260801T011809Z-1-003/ARTZIP/JPGNP4.zip	JPGNP4/28_20240405_202536_0027.jpg	/Users/bear/Documents/CoWork/bear-textbooks/books/art/extracted/extracted/ARTZIP-20260801T011809Z-1-003/ARTZIP/JPGNP4/JPGNP4/28_20240405_202536_0027.jpg	extracted
/Users/bear/Documents/CoWork/bear-textbooks/books/art/extracted/ARTZIP-20260801T011809Z-1-003/ARTZIP/JPGNP4.zip	JPGNP4/24_20240405_202536_0023.jpg	/Users/bear/Documents/CoWork/bear-textbooks/books/art/extracted/extracted/ARTZIP-20260801T011809Z-1-003/ARTZIP/JPGNP4/JPGNP4/24_20240405_202536_0023.jpg	extracted
/Users/bear/Documents/CoWork/bear-textbooks/books/art/extracted/ARTZIP-20260801T011809Z-1-003/ARTZIP/JPGNP4.zip	JPGNP4/38_20240405_202537_0037.jpg	/Users/bear/Documents/CoWork/bear-textbooks/books/art/extracted/extracted/ARTZIP-20260801T011809Z-1-003/ARTZIP/JPGNP4/JPGNP4/38_20240405_202537_0037.jpg	extracted
/Users/bear/Documents/CoWork/bear-textbooks/books/art/extracted/ARTZIP-20260801T011809Z-1-003/ARTZIP/JPGNP4.zip	JPGNP4/5_20240405_202535_0004.jpg	/Users/bear/Documents/CoWork/bear-textbooks/books/art/extracted/extracted/ARTZIP-20260801T011809Z-1-003/ARTZIP/JPGNP4/JPGNP4/5_20240405_202535_0004.jpg	extracted
/Users/bear/Documents/CoWork/bear-textbooks/books/art/extracted/ARTZIP-20260801T011809Z-1-003/ARTZIP/JPGNP4.zip	JPGNP4/36_20240405_202537_0035.jpg	/Users/bear/Documents/CoWork/bear-textbooks/books/art/extracted/extracted/ARTZIP-20260801T011809Z-1-003/ARTZIP/JPGNP4/JPGNP4/36_20240405_202537_0035.jpg	extracted
/Users/bear/Documents/CoWork/bear-textbooks/books/art/extracted/ARTZIP-20260801T011809Z-1-003/ARTZIP/JPGNP4.zip	JPGNP4/10_20240405_202536_0009.jpg	/Users/bear/Documents/CoWork/bear-textbooks/books/art/extracted/extracted/ARTZIP-20260801T011809Z-1-003/ARTZIP/JPGNP4/JPGNP4/10_20240405_202536_0009.jpg	extracted
/Users/bear/Documents/CoWork/bear-textbooks/books/art/extracted/ARTZIP-20260801T011809Z-1-003/ARTZIP/JPGNP2.zip	JPGNP2/46_20240405_200817_0045.jpg	/Users/bear/Documents/CoWork/bear-textbooks/books/art/extracted/extracted/ARTZIP-20260801T011809Z-1-003/ARTZIP/JPGNP2/JPGNP2/46_20240405_200817_0045.jpg	extracted
/Users/bear/Documents/CoWork/bear-textbooks/books/art/extracted/ARTZIP-20260801T011809Z-1-003/ARTZIP/JPGNP2.zip	JPGNP2/12_20240405_200816_0011.jpg	/Users/bear/Documents/CoWork/bear-textbooks/books/art/extracted/extracted/ARTZIP-20260801T011809Z-1-003/ARTZIP/JPGNP2/JPGNP2/12_20240405_200816_0011.jpg	extracted
/Users/bear/Documents/CoWork/bear-textbooks/books/art/extracted/ARTZIP-20260801T011809Z-1-003/ARTZIP/JPGNP2.zip	JPGNP2/15_20240405_200816_0014.jpg	/Users/bear/Documents/CoWork/bear-textbooks/books/art/extracted/extracted/ARTZIP-20260801T011809Z-1-003/ARTZIP/JPGNP2/JPGNP2/15_20240405_200816_0014.jpg	extracted
/Users/bear/Documents/CoWork/bear-textbooks/books/art/extracted/ARTZIP-20260801T011809Z-1-003/ARTZIP/JPGNP2.zip	JPGNP2/20_20240405_200816_0019.jpg	/Users/bear/Documents/CoWork/bear-textbooks/books/art/extracted/extracted/ARTZIP-20260801T011809Z-1-003/ARTZIP/JPGNP2/JPGNP2/20_20240405_200816_0019.jpg	extracted
/Users/bear/Documents/CoWork/bear-textbooks/books/art/extracted/ARTZIP-20260801T011809Z-1-003/ARTZIP/JPGNP2.zip	JPGNP2/16_20240405_200816_0015.jpg	/Users/bear/Documents/CoWork/bear-textbooks/books/art/extracted/extracted/ARTZIP-20260801T011809Z-1-003/ARTZIP/JPGNP2/JPGNP2/16_20240405_200816_0015.jpg	extracted
/Users/bear/Documents/CoWork/bear-textbooks/books/art/extracted/ARTZIP-20260801T011809Z-1-003/ARTZIP/JPGNP2.zip	JPGNP2/45_20240405_200817_0044.jpg	/Users/bear/Documents/CoWork/bear-textbooks/books/art/extracted/extracted/ARTZIP-20260801T011809Z-1-003/ARTZIP/JPGNP2/JPGNP2/45_20240405_200817_0044.jpg	extracted
/Users/bear/Documents/CoWork/bear-textbooks/books/art/extracted/ARTZIP-20260801T011809Z-1-003/ARTZIP/JPGNP2.zip	JPGNP2/22_20240405_200816_0021.jpg	/Users/bear/Documents/CoWork/bear-textbooks/books/art/extracted/extracted/ARTZIP-20260801T011809Z-1-003/ARTZIP/JPGNP2/JPGNP2/22_20240405_200816_0021.jpg	extracted
/Users/bear/Documents/CoWork/bear-textbooks/books/art/extracted/ARTZIP-20260801T011809Z-1-003/ARTZIP/JPGNP2.zip	JPGNP2/11_20240405_200816_0010.jpg	/Users/bear/Documents/CoWork/bear-textbooks/books/art/extracted/extracted/ARTZIP-20260801T011809Z-1-003/ARTZIP/JPGNP2/JPGNP2/11_20240405_200816_0010.jpg	extracted
/Users/bear/Documents/CoWork/bear-textbooks/books/art/extracted/ARTZIP-20260801T011809Z-1-003/ARTZIP/JPGNP2.zip	JPGNP2/2_20240405_202745_0001.jpg	/Users/bear/Documents/CoWork/bear-textbooks/books/art/extracted/extracted/ARTZIP-20260801T011809Z-1-003/ARTZIP/JPGNP2/JPGNP2/2_20240405_202745_0001.jpg	extracted
/Users/bear/Documents/CoWork/bear-textbooks/books/art/extracted/ARTZIP-20260801T011809Z-1-003/ARTZIP/JPGNP2.zip	JPGNP2/13_20240405_200816_0012.jpg	/Users/bear/Documents/CoWork/bear-textbooks/books/art/extracted/extracted/ARTZIP-20260801T011809Z-1-003/ARTZIP/JPGNP2/JPGNP2/13_20240405_200816_0012.jpg	extracted
/Users/bear/Documents/CoWork/bear-textbooks/books/art/extracted/ARTZIP-20260801T011809Z-1-003/ARTZIP/JPGNP2.zip	JPGNP2/3_20240405_200816_0002.jpg	/Users/bear/Documents/CoWork/bear-textbooks/books/art/extracted/extracted/ARTZIP-20260801T011809Z-1-003/ARTZIP/JPGNP2/JPGNP2/3_20240405_200816_0002.jpg	extracted
/Users/bear/Documents/CoWork/bear-textbooks/books/art/extracted/ARTZIP-20260801T011809Z-1-003/ARTZIP/JPGNP2.zip	JPGNP2/21_20240405_200816_0020.jpg	/Users/bear/Documents/CoWork/bear-textbooks/books/art/extracted/extracted/ARTZIP-20260801T011809Z-1-003/ARTZIP/JPGNP2/JPGNP2/21_20240405_200816_0020.jpg	extracted
/Users/bear/Documents/CoWork/bear-textbooks/books/art/extracted/ARTZIP-20260801T011809Z-1-003/ARTZIP/JPGNP2.zip	JPGNP2/14_20240405_200816_0013.jpg	/Users/bear/Documents/CoWork/bear-textbooks/books/art/extracted/extracted/ARTZIP-20260801T011809Z-1-003/ARTZIP/JPGNP2/JPGNP2/14_20240405_200816_0013.jpg	extracted
/Users/bear/Documents/CoWork/bear-textbooks/books/art/extracted/ARTZIP-20260801T011809Z-1-003/ARTZIP/JPGNP2.zip	JPGNP2/36_20240405_200817_0035.jpg	/Users/bear/Documents/CoWork/bear-textbooks/books/art/extracted/extracted/ARTZIP-20260801T011809Z-1-003/ARTZIP/JPGNP2/JPGNP2/36_20240405_200817_0035.jpg	extracted
/Users/bear/Documents/CoWork/bear-textbooks/books/art/extracted/ARTZIP-20260801T011809Z-1-003/ARTZIP/JPGNP2.zip	JPGNP2/Untitled design_20240405_201033_0000.jpg	/Users/bear/Documents/CoWork/bear-textbooks/books/art/extracted/extracted/ARTZIP-20260801T011809Z-1-003/ARTZIP/JPGNP2/JPGNP2/Untitled design_20240405_201033_0000.jpg	extracted
/Users/bear/Documents/CoWork/bear-textbooks/books/art/extracted/ARTZIP-20260801T011809Z-1-003/ARTZIP/JPGNP2.zip	JPGNP2/6_20240405_200816_0005.jpg	/Users/bear/Documents/CoWork/bear-textbooks/books/art/extracted/extracted/ARTZIP-20260801T011809Z-1-003/ARTZIP/JPGNP2/JPGNP2/6_20240405_200816_0005.jpg	extracted
/Users/bear/Documents/CoWork/bear-textbooks/books/art/extracted/ARTZIP-20260801T011809Z-1-003/ARTZIP/JPGNP2.zip	JPGNP2/8_20240405_200816_0007.jpg	/Users/bear/Documents/CoWork/bear-textbooks/books/art/extracted/extracted/ARTZIP-20260801T011809Z-1-003/ARTZIP/JPGNP2/JPGNP2/8_20240405_200816_0007.jpg	extracted
/Users/bear/Documents/CoWork/bear-textbooks/books/art/extracted/ARTZIP-20260801T011809Z-1-003/ARTZIP/JPGNP2.zip	JPGNP2/30_20240405_200816_0029.jpg	/Users/bear/Documents/CoWork/bear-textbooks/books/art/extracted/extracted/ARTZIP-20260801T011809Z-1-003/ARTZIP/JPGNP2/JPGNP2/30_20240405_200816_0029.jpg	extracted
/Users/bear/Documents/CoWork/bear-textbooks/books/art/extracted/ARTZIP-20260801T011809Z-1-003/ARTZIP/JPGNP2.zip	JPGNP2/35_20240405_200816_0034.jpg	/Users/bear/Documents/CoWork/bear-textbooks/books/art/extracted/extracted/ARTZIP-20260801T011809Z-1-003/ARTZIP/JPGNP2/JPGNP2/35_20240405_200816_0034.jpg	extracted
/Users/bear/Documents/CoWork/bear-textbooks/books/art/extracted/ARTZIP-20260801T011809Z-1-003/ARTZIP/JPGNP2.zip	JPGNP2/5_20240405_200816_0004.jpg	/Users/bear/Documents/CoWork/bear-textbooks/books/art/extracted/extracted/ARTZIP-20260801T011809Z-1-003/ARTZIP/JPGNP2/JPGNP2/5_20240405_200816_0004.jpg	extracted
/Users/bear/Documents/CoWork/bear-textbooks/books/art/extracted/ARTZIP-20260801T011809Z-1-003/ARTZIP/JPGNP2.zip	JPGNP2/42_20240405_200817_0041.jpg	/Users/bear/Documents/CoWork/bear-textbooks/books/art/extracted/extracted/ARTZIP-20260801T011809Z-1-003/ARTZIP/JPGNP2/JPGNP2/42_20240405_200817_0041.jpg	extracted
/Users/bear/Documents/CoWork/bear-textbooks/books/art/extracted/ARTZIP-20260801T011809Z-1-003/ARTZIP/JPGNP2.zip	JPGNP2/47_20240405_200817_0046.jpg	/Users/bear/Documents/CoWork/bear-textbooks/books/art/extracted/extracted/ARTZIP-20260801T011809Z-1-003/ARTZIP/JPGNP2/JPGNP2/47_20240405_200817_0046.jpg	extracted
/Users/bear/Documents/CoWork/bear-textbooks/books/art/extracted/ARTZIP-20260801T011809Z-1-003/ARTZIP/JPGNP2.zip	JPGNP2/7_20240405_200816_0006.jpg	/Users/bear/Documents/CoWork/bear-textbooks/books/art/extracted/extracted/ARTZIP-20260801T011809Z-1-003/ARTZIP/JPGNP2/JPGNP2/7_20240405_200816_0006.jpg	extracted
/Users/bear/Documents/CoWork/bear-textbooks/books/art/extracted/ARTZIP-20260801T011809Z-1-003/ARTZIP/JPGNP2.zip	JPGNP2/23_20240405_200816_0022.jpg	/Users/bear/Documents/CoWork/bear-textbooks/books/art/extracted/extracted/ARTZIP-20260801T011809Z-1-003/ARTZIP/JPGNP2/JPGNP2/23_20240405_200816_0022.jpg	extracted
/Users/bear/Documents/CoWork/bear-textbooks/books/art/extracted/ARTZIP-20260801T011809Z-1-003/ARTZIP/JPGNP2.zip	JPGNP2/25_20240405_200816_0024.jpg	/Users/bear/Documents/CoWork/bear-textbooks/books/art/extracted/extracted/ARTZIP-20260801T011809Z-1-003/ARTZIP/JPGNP2/JPGNP2/25_20240405_200816_0024.jpg	extracted
/Users/bear/Documents/CoWork/bear-textbooks/books/art/extracted/ARTZIP-20260801T011809Z-1-003/ARTZIP/JPGNP2.zip	JPGNP2/37_20240405_200817_0036.jpg	/Users/bear/Documents/CoWork/bear-textbooks/books/art/extracted/extracted/ARTZIP-20260801T011809Z-1-003/ARTZIP/JPGNP2/JPGNP2/37_20240405_200817_0036.jpg	extracted
/Users/bear/Documents/CoWork/bear-textbooks/books/art/extracted/ARTZIP-20260801T011809Z-1-003/ARTZIP/JPGNP2.zip	JPGNP2/19_20240405_200816_0018.jpg	/Users/bear/Documents/CoWork/bear-textbooks/books/art/extracted/extracted/ARTZIP-20260801T011809Z-1-003/ARTZIP/JPGNP2/JPGNP2/19_20240405_200816_0018.jpg	extracted
/Users/bear/Documents/CoWork/bear-textbooks/books/art/extracted/ARTZIP-20260801T011809Z-1-003/ARTZIP/JPGNP2.zip	JPGNP2/24_20240405_200816_0023.jpg	/Users/bear/Documents/CoWork/bear-textbooks/books/art/extracted/extracted/ARTZIP-20260801T011809Z-1-003/ARTZIP/JPGNP2/JPGNP2/24_20240405_200816_0023.jpg	extracted
/Users/bear/Documents/CoWork/bear-textbooks/books/art/extracted/ARTZIP-20260801T011809Z-1-003/ARTZIP/JPGNP2.zip	JPGNP2/38_20240405_200817_0037.jpg	/Users/bear/Documents/CoWork/bear-textbooks/books/art/extracted/extracted/ARTZIP-20260801T011809Z-1-003/ARTZIP/JPGNP2/JPGNP2/38_20240405_200817_0037.jpg	extracted
/Users/bear/Documents/CoWork/bear-textbooks/books/art/extracted/ARTZIP-20260801T011809Z-1-003/ARTZIP/JPGNP2.zip	JPGNP2/26_20240405_200816_0025.jpg	/Users/bear/Documents/CoWork/bear-textbooks/books/art/extracted/extracted/ARTZIP-20260801T011809Z-1-003/ARTZIP/JPGNP2/JPGNP2/26_20240405_200816_0025.jpg	extracted
/Users/bear/Documents/CoWork/bear-textbooks/books/art/extracted/ARTZIP-20260801T011809Z-1-003/ARTZIP/JPGNP2.zip	JPGNP2/29_20240405_200816_0028.jpg	/Users/bear/Documents/CoWork/bear-textbooks/books/art/extracted/extracted/ARTZIP-20260801T011809Z-1-003/ARTZIP/JPGNP2/JPGNP2/29_20240405_200816_0028.jpg	extracted
/Users/bear/Documents/CoWork/bear-textbooks/books/art/extracted/ARTZIP-20260801T011809Z-1-003/ARTZIP/JPGNP2.zip	JPGNP2/31_20240405_200816_0030.jpg	/Users/bear/Documents/CoWork/bear-textbooks/books/art/extracted/extracted/ARTZIP-20260801T011809Z-1-003/ARTZIP/JPGNP2/JPGNP2/31_20240405_200816_0030.jpg	extracted
/Users/bear/Documents/CoWork/bear-textbooks/books/art/extracted/ARTZIP-20260801T011809Z-1-003/ARTZIP/JPGNP2.zip	JPGNP2/48_20240405_200817_0047.jpg	/Users/bear/Documents/CoWork/bear-textbooks/books/art/extracted/extracted/ARTZIP-20260801T011809Z-1-003/ARTZIP/JPGNP2/JPGNP2/48_20240405_200817_0047.jpg	extracted
/Users/bear/Documents/CoWork/bear-textbooks/books/art/extracted/ARTZIP-20260801T011809Z-1-003/ARTZIP/JPGNP2.zip	JPGNP2/33_20240405_200816_0032.jpg	/Users/bear/Documents/CoWork/bear-textbooks/books/art/extracted/extracted/ARTZIP-20260801T011809Z-1-003/ARTZIP/JPGNP2/JPGNP2/33_20240405_200816_0032.jpg	extracted
/Users/bear/Documents/CoWork/bear-textbooks/books/art/extracted/ARTZIP-20260801T011809Z-1-003/ARTZIP/JPGNP2.zip	JPGNP2/17_20240405_200816_0016.jpg	/Users/bear/Documents/CoWork/bear-textbooks/books/art/extracted/extracted/ARTZIP-20260801T011809Z-1-003/ARTZIP/JPGNP2/JPGNP2/17_20240405_200816_0016.jpg	extracted
/Users/bear/Documents/CoWork/bear-textbooks/books/art/extracted/ARTZIP-20260801T011809Z-1-003/ARTZIP/JPGNP2.zip	JPGNP2/41_20240405_200817_0040.jpg	/Users/bear/Documents/CoWork/bear-textbooks/books/art/extracted/extracted/ARTZIP-20260801T011809Z-1-003/ARTZIP/JPGNP2/JPGNP2/41_20240405_200817_0040.jpg	extracted
/Users/bear/Documents/CoWork/bear-textbooks/books/art/extracted/ARTZIP-20260801T011809Z-1-003/ARTZIP/JPGNP2.zip	JPGNP2/1_20240405_200815_0000.jpg	/Users/bear/Documents/CoWork/bear-textbooks/books/art/extracted/extracted/ARTZIP-20260801T011809Z-1-003/ARTZIP/JPGNP2/JPGNP2/1_20240405_200815_0000.jpg	extracted
/Users/bear/Documents/CoWork/bear-textbooks/books/art/extracted/ARTZIP-20260801T011809Z-1-003/ARTZIP/JPGNP2.zip	JPGNP2/43_20240405_200817_0042.jpg	/Users/bear/Documents/CoWork/bear-textbooks/books/art/extracted/extracted/ARTZIP-20260801T011809Z-1-003/ARTZIP/JPGNP2/JPGNP2/43_20240405_200817_0042.jpg	extracted
/Users/bear/Documents/CoWork/bear-textbooks/books/art/extracted/ARTZIP-20260801T011809Z-1-003/ARTZIP/JPGNP2.zip	JPGNP2/5_20240405_202745_0004.jpg	/Users/bear/Documents/CoWork/bear-textbooks/books/art/extracted/extracted/ARTZIP-20260801T011809Z-1-003/ARTZIP/JPGNP2/JPGNP2/5_20240405_202745_0004.jpg	extracted
/Users/bear/Documents/CoWork/bear-textbooks/books/art/extracted/ARTZIP-20260801T011809Z-1-003/ARTZIP/JPGNP2.zip	JPGNP2/9_20240405_200816_0008.jpg	/Users/bear/Documents/CoWork/bear-textbooks/books/art/extracted/extracted/ARTZIP-20260801T011809Z-1-003/ARTZIP/JPGNP2/JPGNP2/9_20240405_200816_0008.jpg	extracted
/Users/bear/Documents/CoWork/bear-textbooks/books/art/extracted/ARTZIP-20260801T011809Z-1-003/ARTZIP/JPGNP2.zip	JPGNP2/44_20240405_200817_0043.jpg	/Users/bear/Documents/CoWork/bear-textbooks/books/art/extracted/extracted/ARTZIP-20260801T011809Z-1-003/ARTZIP/JPGNP2/JPGNP2/44_20240405_200817_0043.jpg	extracted
/Users/bear/Documents/CoWork/bear-textbooks/books/art/extracted/ARTZIP-20260801T011809Z-1-003/ARTZIP/JPGNP2.zip	JPGNP2/4_20240405_200816_0003.jpg	/Users/bear/Documents/CoWork/bear-textbooks/books/art/extracted/extracted/ARTZIP-20260801T011809Z-1-003/ARTZIP/JPGNP2/JPGNP2/4_20240405_200816_0003.jpg	extracted
/Users/bear/Documents/CoWork/bear-textbooks/books/art/extracted/ARTZIP-20260801T011809Z-1-003/ARTZIP/JPGNP2.zip	JPGNP2/49_20240405_200817_0048.jpg	/Users/bear/Documents/CoWork/bear-textbooks/books/art/extracted/extracted/ARTZIP-20260801T011809Z-1-003/ARTZIP/JPGNP2/JPGNP2/49_20240405_200817_0048.jpg	extracted
/Users/bear/Documents/CoWork/bear-textbooks/books/art/extracted/ARTZIP-20260801T011809Z-1-003/ARTZIP/JPGNP2.zip	JPGNP2/10_20240405_200816_0009.jpg	/Users/bear/Documents/CoWork/bear-textbooks/books/art/extracted/extracted/ARTZIP-20260801T011809Z-1-003/ARTZIP/JPGNP2/JPGNP2/10_20240405_200816_0009.jpg	extracted
/Users/bear/Documents/CoWork/bear-textbooks/books/art/extracted/ARTZIP-20260801T011809Z-1-003/ARTZIP/JPGNP2.zip	JPGNP2/32_20240405_200816_0031.jpg	/Users/bear/Documents/CoWork/bear-textbooks/books/art/extracted/extracted/ARTZIP-20260801T011809Z-1-003/ARTZIP/JPGNP2/JPGNP2/32_20240405_200816_0031.jpg	extracted
/Users/bear/Documents/CoWork/bear-textbooks/books/art/extracted/ARTZIP-20260801T011809Z-1-003/ARTZIP/JPGNP2.zip	JPGNP2/40_20240405_200817_0039.jpg	/Users/bear/Documents/CoWork/bear-textbooks/books/art/extracted/extracted/ARTZIP-20260801T011809Z-1-003/ARTZIP/JPGNP2/JPGNP2/40_20240405_200817_0039.jpg	extracted
/Users/bear/Documents/CoWork/bear-textbooks/books/art/extracted/ARTZIP-20260801T011809Z-1-003/ARTZIP/JPGNP2.zip	JPGNP2/39_20240405_200817_0038.jpg	/Users/bear/Documents/CoWork/bear-textbooks/books/art/extracted/extracted/ARTZIP-20260801T011809Z-1-003/ARTZIP/JPGNP2/JPGNP2/39_20240405_200817_0038.jpg	extracted
/Users/bear/Documents/CoWork/bear-textbooks/books/art/extracted/ARTZIP-20260801T011809Z-1-003/ARTZIP/JPGNP2.zip	JPGNP2/2_20240405_200815_0001.jpg	/Users/bear/Documents/CoWork/bear-textbooks/books/art/extracted/extracted/ARTZIP-20260801T011809Z-1-003/ARTZIP/JPGNP2/JPGNP2/2_20240405_200815_0001.jpg	extracted
/Users/bear/Documents/CoWork/bear-textbooks/books/art/extracted/ARTZIP-20260801T011809Z-1-003/ARTZIP/JPGNP2.zip	JPGNP2/28_20240405_200816_0027.jpg	/Users/bear/Documents/CoWork/bear-textbooks/books/art/extracted/extracted/ARTZIP-20260801T011809Z-1-003/ARTZIP/JPGNP2/JPGNP2/28_20240405_200816_0027.jpg	extracted
/Users/bear/Documents/CoWork/bear-textbooks/books/art/extracted/ARTZIP-20260801T011809Z-1-003/ARTZIP/JPGNP2.zip	JPGNP2/18_20240405_200816_0017.jpg	/Users/bear/Documents/CoWork/bear-textbooks/books/art/extracted/extracted/ARTZIP-20260801T011809Z-1-003/ARTZIP/JPGNP2/JPGNP2/18_20240405_200816_0017.jpg	extracted
/Users/bear/Documents/CoWork/bear-textbooks/books/art/extracted/ARTZIP-20260801T011809Z-1-003/ARTZIP/JPGNP2.zip	JPGNP2/34_20240405_200816_0033.jpg	/Users/bear/Documents/CoWork/bear-textbooks/books/art/extracted/extracted/ARTZIP-20260801T011809Z-1-003/ARTZIP/JPGNP2/JPGNP2/34_20240405_200816_0033.jpg	extracted
/Users/bear/Documents/CoWork/bear-textbooks/books/art/extracted/ARTZIP-20260801T011809Z-1-003/ARTZIP/R_220_Robert Storm Petersen.zip	R_220_Robert Storm Petersen/Interi├╕r_fra_et_cirkus_med_klovne.jpg	/Users/bear/Documents/CoWork/bear-textbooks/books/art/extracted/extracted/ARTZIP-20260801T011809Z-1-003/ARTZIP/R_220_Robert Storm Petersen/R_220_Robert Storm Petersen/Interi├╕r_fra_et_cirkus_med_klovne.jpg	extracted
/Users/bear/Documents/CoWork/bear-textbooks/books/art/extracted/ARTZIP-20260801T011809Z-1-003/ARTZIP/R_220_Robert Storm Petersen.zip	R_220_Robert Storm Petersen/Ensom_Ballet.jpg	/Users/bear/Documents/CoWork/bear-textbooks/books/art/extracted/extracted/ARTZIP-20260801T011809Z-1-003/ARTZIP/R_220_Robert Storm Petersen/R_220_Robert Storm Petersen/Ensom_Ballet.jpg	extracted
/Users/bear/Documents/CoWork/bear-textbooks/books/art/extracted/ARTZIP-20260801T011809Z-1-003/ARTZIP/R_220_Robert Storm Petersen.zip	R_220_Robert Storm Petersen/Storm_P._-_Pas_paa_Kornet_(2).jpg	/Users/bear/Documents/CoWork/bear-textbooks/books/art/extracted/extracted/ARTZIP-20260801T011809Z-1-003/ARTZIP/R_220_Robert Storm Petersen/R_220_Robert Storm Petersen/Storm_P._-_Pas_paa_Kornet_(2).jpg	extracted
/Users/bear/Documents/CoWork/bear-textbooks/books/art/extracted/ARTZIP-20260801T011809Z-1-003/ARTZIP/R_220_Robert Storm Petersen.zip	R_220_Robert Storm Petersen/Dansk_landskab.jpg	/Users/bear/Documents/CoWork/bear-textbooks/books/art/extracted/extracted/ARTZIP-20260801T011809Z-1-003/ARTZIP/R_220_Robert Storm Petersen/R_220_Robert Storm Petersen/Dansk_landskab.jpg	extracted
/Users/bear/Documents/CoWork/bear-textbooks/books/art/extracted/ARTZIP-20260801T011809Z-1-003/ARTZIP/R_220_Robert Storm Petersen.zip	R_220_Robert Storm Petersen/Storm_P._-_Musikanter_i_frostvejr.jpg	/Users/bear/Documents/CoWork/bear-textbooks/books/art/extracted/extracted/ARTZIP-20260801T011809Z-1-003/ARTZIP/R_220_Robert Storm Petersen/R_220_Robert Storm Petersen/Storm_P._-_Musikanter_i_frostvejr.jpg	extracted
/Users/bear/Documents/CoWork/bear-textbooks/books/art/extracted/ARTZIP-20260801T011809Z-1-003/ARTZIP/R_220_Robert Storm Petersen.zip	R_220_Robert Storm Petersen/Tegneseriestribe_med_De_tre_sma╠è_m├ªnd_og_nummermanden_(1).jpg	/Users/bear/Documents/CoWork/bear-textbooks/books/art/extracted/extracted/ARTZIP-20260801T011809Z-1-003/ARTZIP/R_220_Robert Storm Petersen/R_220_Robert Storm Petersen/Tegneseriestribe_med_De_tre_sma╠è_m├ªnd_og_nummermanden_(1).jpg	extracted
/Users/bear/Documents/CoWork/bear-textbooks/books/art/extracted/ARTZIP-20260801T011809Z-1-003/ARTZIP/R_220_Robert Storm Petersen.zip	R_220_Robert Storm Petersen/Selvmorderen_Skitse,_1908.jpg	/Users/bear/Documents/CoWork/bear-textbooks/books/art/extracted/extracted/ARTZIP-20260801T011809Z-1-003/ARTZIP/R_220_Robert Storm Petersen/R_220_Robert Storm Petersen/Selvmorderen_Skitse,_1908.jpg	extracted
/Users/bear/Documents/CoWork/bear-textbooks/books/art/extracted/ARTZIP-20260801T011809Z-1-003/ARTZIP/R_220_Robert Storm Petersen.zip	R_220_Robert Storm Petersen/Ligkistemagasin.jpg	/Users/bear/Documents/CoWork/bear-textbooks/books/art/extracted/extracted/ARTZIP-20260801T011809Z-1-003/ARTZIP/R_220_Robert Storm Petersen/R_220_Robert Storm Petersen/Ligkistemagasin.jpg	extracted
/Users/bear/Documents/CoWork/bear-textbooks/books/art/extracted/ARTZIP-20260801T011809Z-1-003/ARTZIP/R_220_Robert Storm Petersen.zip	R_220_Robert Storm Petersen/Rosa_dame_og_gr├╕n_mand,_1915.jpg	/Users/bear/Documents/CoWork/bear-textbooks/books/art/extracted/extracted/ARTZIP-20260801T011809Z-1-003/ARTZIP/R_220_Robert Storm Petersen/R_220_Robert Storm Petersen/Rosa_dame_og_gr├╕n_mand,_1915.jpg	extracted
/Users/bear/Documents/CoWork/bear-textbooks/books/art/extracted/ARTZIP-20260801T011809Z-1-003/ARTZIP/R_220_Robert Storm Petersen.zip	R_220_Robert Storm Petersen/Portr├ªt_af_maleren_og_keramikeren_Chr_Joachim_1870-1943_,_1908.jpg	/Users/bear/Documents/CoWork/bear-textbooks/books/art/extracted/extracted/ARTZIP-20260801T011809Z-1-003/ARTZIP/R_220_Robert Storm Petersen/R_220_Robert Storm Petersen/Portr├ªt_af_maleren_og_keramikeren_Chr_Joachim_1870-1943_,_1908.jpg	extracted
/Users/bear/Documents/CoWork/bear-textbooks/books/art/extracted/ARTZIP-20260801T011809Z-1-003/ARTZIP/R_220_Robert Storm Petersen.zip	R_220_Robert Storm Petersen/Blad_til_Dagens_flue_1947.jpg	/Users/bear/Documents/CoWork/bear-textbooks/books/art/extracted/extracted/ARTZIP-20260801T011809Z-1-003/ARTZIP/R_220_Robert Storm Petersen/R_220_Robert Storm Petersen/Blad_til_Dagens_flue_1947.jpg	extracted
/Users/bear/Documents/CoWork/bear-textbooks/books/art/extracted/ARTZIP-20260801T011809Z-1-003/ARTZIP/R_220_Robert Storm Petersen.zip	R_220_Robert Storm Petersen/Blad_til_Dagens_flue_1946.jpg	/Users/bear/Documents/CoWork/bear-textbooks/books/art/extracted/extracted/ARTZIP-20260801T011809Z-1-003/ARTZIP/R_220_Robert Storm Petersen/R_220_Robert Storm Petersen/Blad_til_Dagens_flue_1946.jpg	extracted
/Users/bear/Documents/CoWork/bear-textbooks/books/art/extracted/ARTZIP-20260801T011809Z-1-003/ARTZIP/R_220_Robert Storm Petersen.zip	R_220_Robert Storm Petersen/To_skikkelser.jpg	/Users/bear/Documents/CoWork/bear-textbooks/books/art/extracted/extracted/ARTZIP-20260801T011809Z-1-003/ARTZIP/R_220_Robert Storm Petersen/R_220_Robert Storm Petersen/To_skikkelser.jpg	extracted
/Users/bear/Documents/CoWork/bear-textbooks/books/art/extracted/ARTZIP-20260801T011809Z-1-003/ARTZIP/R_220_Robert Storm Petersen.zip	R_220_Robert Storm Petersen/Bananmand.jpg	/Users/bear/Documents/CoWork/bear-textbooks/books/art/extracted/extracted/ARTZIP-20260801T011809Z-1-003/ARTZIP/R_220_Robert Storm Petersen/R_220_Robert Storm Petersen/Bananmand.jpg	extracted
/Users/bear/Documents/CoWork/bear-textbooks/books/art/extracted/ARTZIP-20260801T011809Z-1-003/ARTZIP/R_220_Robert Storm Petersen.zip	R_220_Robert Storm Petersen/La_Morgue,_1906.jpg	/Users/bear/Documents/CoWork/bear-textbooks/books/art/extracted/extracted/ARTZIP-20260801T011809Z-1-003/ARTZIP/R_220_Robert Storm Petersen/R_220_Robert Storm Petersen/La_Morgue,_1906.jpg	extracted
/Users/bear/Documents/CoWork/bear-textbooks/books/art/extracted/ARTZIP-20260801T011809Z-1-003/ARTZIP/R_220_Robert Storm Petersen.zip	R_220_Robert Storm Petersen/Forl├ªg_til_titelblad_til_Hvem_har_Bolden_Karikeret_portr├ªt_af_Carl_Alstrup.jpg	/Users/bear/Documents/CoWork/bear-textbooks/books/art/extracted/extracted/ARTZIP-20260801T011809Z-1-003/ARTZIP/R_220_Robert Storm Petersen/R_220_Robert Storm Petersen/Forl├ªg_til_titelblad_til_Hvem_har_Bolden_Karikeret_portr├ªt_af_Carl_Alstrup.jpg	extracted
/Users/bear/Documents/CoWork/bear-textbooks/books/art/extracted/ARTZIP-20260801T011809Z-1-003/ARTZIP/R_220_Robert Storm Petersen.zip	R_220_Robert Storm Petersen/Blad_til_Dagens_flue_1944.jpg	/Users/bear/Documents/CoWork/bear-textbooks/books/art/extracted/extracted/ARTZIP-20260801T011809Z-1-003/ARTZIP/R_220_Robert Storm Petersen/R_220_Robert Storm Petersen/Blad_til_Dagens_flue_1944.jpg	extracted
/Users/bear/Documents/CoWork/bear-textbooks/books/art/extracted/ARTZIP-20260801T011809Z-1-003/ARTZIP/R_220_Robert Storm Petersen.zip	R_220_Robert Storm Petersen/Blad_til_Dagens_flue_1945.jpg	/Users/bear/Documents/CoWork/bear-textbooks/books/art/extracted/extracted/ARTZIP-20260801T011809Z-1-003/ARTZIP/R_220_Robert Storm Petersen/R_220_Robert Storm Petersen/Blad_til_Dagens_flue_1945.jpg	extracted
/Users/bear/Documents/CoWork/bear-textbooks/books/art/extracted/ARTZIP-20260801T011809Z-1-003/ARTZIP/R_220_Robert Storm Petersen.zip	R_220_Robert Storm Petersen/Gullaschbaron_tegnet_af_Storm_P.jpg	/Users/bear/Documents/CoWork/bear-textbooks/books/art/extracted/extracted/ARTZIP-20260801T011809Z-1-003/ARTZIP/R_220_Robert Storm Petersen/R_220_Robert Storm Petersen/Gullaschbaron_tegnet_af_Storm_P.jpg	extracted
/Users/bear/Documents/CoWork/bear-textbooks/books/art/extracted/ARTZIP-20260801T011809Z-1-003/ARTZIP/R_220_Robert Storm Petersen.zip	R_220_Robert Storm Petersen/Karikaturer,_1908.jpg	/Users/bear/Documents/CoWork/bear-textbooks/books/art/extracted/extracted/ARTZIP-20260801T011809Z-1-003/ARTZIP/R_220_Robert Storm Petersen/R_220_Robert Storm Petersen/Karikaturer,_1908.jpg	extracted
/Users/bear/Documents/CoWork/bear-textbooks/books/art/extracted/ARTZIP-20260801T011809Z-1-003/ARTZIP/R_220_Robert Storm Petersen.zip	R_220_Robert Storm Petersen/Advokat.jpg	/Users/bear/Documents/CoWork/bear-textbooks/books/art/extracted/extracted/ARTZIP-20260801T011809Z-1-003/ARTZIP/R_220_Robert Storm Petersen/R_220_Robert Storm Petersen/Advokat.jpg	extracted
/Users/bear/Documents/CoWork/bear-textbooks/books/art/extracted/ARTZIP-20260801T011809Z-1-003/ARTZIP/R_220_Robert Storm Petersen.zip	R_220_Robert Storm Petersen/Aftenlandskab_1908.jpg	/Users/bear/Documents/CoWork/bear-textbooks/books/art/extracted/extracted/ARTZIP-20260801T011809Z-1-003/ARTZIP/R_220_Robert Storm Petersen/R_220_Robert Storm Petersen/Aftenlandskab_1908.jpg	extracted
/Users/bear/Documents/CoWork/bear-textbooks/books/art/extracted/ARTZIP-20260801T011809Z-1-003/ARTZIP/R_220_Robert Storm Petersen.zip	R_220_Robert Storm Petersen/Karikatur_af_Karl_Isakson,_profil_mod_venstre.jpg	/Users/bear/Documents/CoWork/bear-textbooks/books/art/extracted/extracted/ARTZIP-20260801T011809Z-1-003/ARTZIP/R_220_Robert Storm Petersen/R_220_Robert Storm Petersen/Karikatur_af_Karl_Isakson,_profil_mod_venstre.jpg	extracted
/Users/bear/Documents/CoWork/bear-textbooks/books/art/extracted/ARTZIP-20260801T011809Z-1-003/ARTZIP/R_220_Robert Storm Petersen.zip	R_220_Robert Storm Petersen/Vittighedstegning.jpg	/Users/bear/Documents/CoWork/bear-textbooks/books/art/extracted/extracted/ARTZIP-20260801T011809Z-1-003/ARTZIP/R_220_Robert Storm Petersen/R_220_Robert Storm Petersen/Vittighedstegning.jpg	extracted
/Users/bear/Documents/CoWork/bear-textbooks/books/art/extracted/ARTZIP-20260801T011809Z-1-003/ARTZIP/R_220_Robert Storm Petersen.zip	R_220_Robert Storm Petersen/En_sportsmand_1936.jpg	/Users/bear/Documents/CoWork/bear-textbooks/books/art/extracted/extracted/ARTZIP-20260801T011809Z-1-003/ARTZIP/R_220_Robert Storm Petersen/R_220_Robert Storm Petersen/En_sportsmand_1936.jpg	extracted
/Users/bear/Documents/CoWork/bear-textbooks/books/art/extracted/ARTZIP-20260801T011809Z-1-003/ARTZIP/R_220_Robert Storm Petersen.zip	R_220_Robert Storm Petersen/Den_sidste_pibe,_1932.jpg	/Users/bear/Documents/CoWork/bear-textbooks/books/art/extracted/extracted/ARTZIP-20260801T011809Z-1-003/ARTZIP/R_220_Robert Storm Petersen/R_220_Robert Storm Petersen/Den_sidste_pibe,_1932.jpg	extracted
/Users/bear/Documents/CoWork/bear-textbooks/books/art/extracted/ARTZIP-20260801T011809Z-1-003/ARTZIP/R_220_Robert Storm Petersen.zip	R_220_Robert Storm Petersen/Blad_til_Dagens_flue__1947.jpg	/Users/bear/Documents/CoWork/bear-textbooks/books/art/extracted/extracted/ARTZIP-20260801T011809Z-1-003/ARTZIP/R_220_Robert Storm Petersen/R_220_Robert Storm Petersen/Blad_til_Dagens_flue__1947.jpg	extracted
/Users/bear/Documents/CoWork/bear-textbooks/books/art/extracted/ARTZIP-20260801T011809Z-1-003/ARTZIP/R_220_Robert Storm Petersen.zip	R_220_Robert Storm Petersen/D├╕den_og_drankeren,_1908.jpg	/Users/bear/Documents/CoWork/bear-textbooks/books/art/extracted/extracted/ARTZIP-20260801T011809Z-1-003/ARTZIP/R_220_Robert Storm Petersen/R_220_Robert Storm Petersen/D├╕den_og_drankeren,_1908.jpg	extracted
/Users/bear/Documents/CoWork/bear-textbooks/books/art/extracted/ARTZIP-20260801T011809Z-1-003/ARTZIP/R_220_Robert Storm Petersen.zip	R_220_Robert Storm Petersen/Stilf├ªrdig_samtale.jpg	/Users/bear/Documents/CoWork/bear-textbooks/books/art/extracted/extracted/ARTZIP-20260801T011809Z-1-003/ARTZIP/R_220_Robert Storm Petersen/R_220_Robert Storm Petersen/Stilf├ªrdig_samtale.jpg	extracted
/Users/bear/Documents/CoWork/bear-textbooks/books/art/extracted/ARTZIP-20260801T011809Z-1-003/ARTZIP/R_220_Robert Storm Petersen.zip	R_220_Robert Storm Petersen/Et_blad_af_serien_En_underlig_mand_1942.jpg	/Users/bear/Documents/CoWork/bear-textbooks/books/art/extracted/extracted/ARTZIP-20260801T011809Z-1-003/ARTZIP/R_220_Robert Storm Petersen/R_220_Robert Storm Petersen/Et_blad_af_serien_En_underlig_mand_1942.jpg	extracted
/Users/bear/Documents/CoWork/bear-textbooks/books/art/extracted/ARTZIP-20260801T011809Z-1-003/ARTZIP/R_220_Robert Storm Petersen.zip	R_220_Robert Storm Petersen/Gustav_Wied_og_ung_kvinde_pa╠è_b├ªnk_1910.jpg	/Users/bear/Documents/CoWork/bear-textbooks/books/art/extracted/extracted/ARTZIP-20260801T011809Z-1-003/ARTZIP/R_220_Robert Storm Petersen/R_220_Robert Storm Petersen/Gustav_Wied_og_ung_kvinde_pa╠è_b├ªnk_1910.jpg	extracted
/Users/bear/Documents/CoWork/bear-textbooks/books/art/extracted/ARTZIP-20260801T011809Z-1-003/ARTZIP/R_220_Robert Storm Petersen.zip	R_220_Robert Storm Petersen/Blad_til_Dagens_flue__1945.jpg	/Users/bear/Documents/CoWork/bear-textbooks/books/art/extracted/extracted/ARTZIP-20260801T011809Z-1-003/ARTZIP/R_220_Robert Storm Petersen/R_220_Robert Storm Petersen/Blad_til_Dagens_flue__1945.jpg	extracted
/Users/bear/Documents/CoWork/bear-textbooks/books/art/extracted/ARTZIP-20260801T011809Z-1-003/ARTZIP/R_220_Robert Storm Petersen.zip	R_220_Robert Storm Petersen/Knuda╠ège_Riisager_og_Louis_Levy.jpg	/Users/bear/Documents/CoWork/bear-textbooks/books/art/extracted/extracted/ARTZIP-20260801T011809Z-1-003/ARTZIP/R_220_Robert Storm Petersen/R_220_Robert Storm Petersen/Knuda╠ège_Riisager_og_Louis_Levy.jpg	extracted
/Users/bear/Documents/CoWork/bear-textbooks/books/art/extracted/ARTZIP-20260801T011809Z-1-003/ARTZIP/R_220_Robert Storm Petersen.zip	R_220_Robert Storm Petersen/Gnieren.jpg	/Users/bear/Documents/CoWork/bear-textbooks/books/art/extracted/extracted/ARTZIP-20260801T011809Z-1-003/ARTZIP/R_220_Robert Storm Petersen/R_220_Robert Storm Petersen/Gnieren.jpg	extracted
/Users/bear/Documents/CoWork/bear-textbooks/books/art/extracted/ARTZIP-20260801T011809Z-1-003/ARTZIP/R_220_Robert Storm Petersen.zip	R_220_Robert Storm Petersen/Herre_i_kjoles├ªt.jpg	/Users/bear/Documents/CoWork/bear-textbooks/books/art/extracted/extracted/ARTZIP-20260801T011809Z-1-003/ARTZIP/R_220_Robert Storm Petersen/R_220_Robert Storm Petersen/Herre_i_kjoles├ªt.jpg	extracted
/Users/bear/Documents/CoWork/bear-textbooks/books/art/extracted/ARTZIP-20260801T011809Z-1-003/ARTZIP/R_220_Robert Storm Petersen.zip	R_220_Robert Storm Petersen/Portr├ªt_af_en_mand_med_en_h├╕j_hat_i_den_ene_ha╠ènd.jpg	/Users/bear/Documents/CoWork/bear-textbooks/books/art/extracted/extracted/ARTZIP-20260801T011809Z-1-003/ARTZIP/R_220_Robert Storm Petersen/R_220_Robert Storm Petersen/Portr├ªt_af_en_mand_med_en_h├╕j_hat_i_den_ene_ha╠ènd.jpg	extracted
/Users/bear/Documents/CoWork/bear-textbooks/books/art/extracted/ARTZIP-20260801T011809Z-1-003/ARTZIP/R_220_Robert Storm Petersen.zip	R_220_Robert Storm Petersen/Storm_P._-_Pas_paa_Kornet_(1).jpg	/Users/bear/Documents/CoWork/bear-textbooks/books/art/extracted/extracted/ARTZIP-20260801T011809Z-1-003/ARTZIP/R_220_Robert Storm Petersen/R_220_Robert Storm Petersen/Storm_P._-_Pas_paa_Kornet_(1).jpg	extracted
/Users/bear/Documents/CoWork/bear-textbooks/books/art/extracted/ARTZIP-20260801T011809Z-1-003/ARTZIP/R_220_Robert Storm Petersen.zip	R_220_Robert Storm Petersen/Blad_til_Dagens_flue _1944.jpg	/Users/bear/Documents/CoWork/bear-textbooks/books/art/extracted/extracted/ARTZIP-20260801T011809Z-1-003/ARTZIP/R_220_Robert Storm Petersen/R_220_Robert Storm Petersen/Blad_til_Dagens_flue _1944.jpg	extracted
/Users/bear/Documents/CoWork/bear-textbooks/books/art/extracted/ARTZIP-20260801T011809Z-1-003/ARTZIP/R_220_Robert Storm Petersen.zip	R_220_Robert Storm Petersen/Ping_som_opfinder.jpg	/Users/bear/Documents/CoWork/bear-textbooks/books/art/extracted/extracted/ARTZIP-20260801T011809Z-1-003/ARTZIP/R_220_Robert Storm Petersen/R_220_Robert Storm Petersen/Ping_som_opfinder.jpg	extracted
/Users/bear/Documents/CoWork/bear-textbooks/books/art/extracted/ARTZIP-20260801T011809Z-1-003/ARTZIP/R_18_Johannes Vermeer_new.zip	R_18_Johannes Vermeer_new/The_Astronomer_1668.jpg	/Users/bear/Documents/CoWork/bear-textbooks/books/art/extracted/extracted/ARTZIP-20260801T011809Z-1-003/ARTZIP/R_18_Johannes Vermeer_new/R_18_Johannes Vermeer_new/The_Astronomer_1668.jpg	extracted
/Users/bear/Documents/CoWork/bear-textbooks/books/art/extracted/ARTZIP-20260801T011809Z-1-003/ARTZIP/R_18_Johannes Vermeer_new.zip	R_18_Johannes Vermeer_new/Gezicht_op_huizen_in_Delft.jpg	/Users/bear/Documents/CoWork/bear-textbooks/books/art/extracted/extracted/ARTZIP-20260801T011809Z-1-003/ARTZIP/R_18_Johannes Vermeer_new/R_18_Johannes Vermeer_new/Gezicht_op_huizen_in_Delft.jpg	extracted
/Users/bear/Documents/CoWork/bear-textbooks/books/art/extracted/ARTZIP-20260801T011809Z-1-003/ARTZIP/R_18_Johannes Vermeer_new.zip	R_18_Johannes Vermeer_new/Meisje_met_een_rode_hoed_1669.jpg	/Users/bear/Documents/CoWork/bear-textbooks/books/art/extracted/extracted/ARTZIP-20260801T011809Z-1-003/ARTZIP/R_18_Johannes Vermeer_new/R_18_Johannes Vermeer_new/Meisje_met_een_rode_hoed_1669.jpg	extracted
/Users/bear/Documents/CoWork/bear-textbooks/books/art/extracted/ARTZIP-20260801T011809Z-1-003/ARTZIP/R_18_Johannes Vermeer_new.zip	R_18_Johannes Vermeer_new/Christ_in_the_House_of_Martha_and_Mary.jpg	/Users/bear/Documents/CoWork/bear-textbooks/books/art/extracted/extracted/ARTZIP-20260801T011809Z-1-003/ARTZIP/R_18_Johannes Vermeer_new/R_18_Johannes Vermeer_new/Christ_in_the_House_of_Martha_and_Mary.jpg	extracted
/Users/bear/Documents/CoWork/bear-textbooks/books/art/extracted/ARTZIP-20260801T011809Z-1-003/ARTZIP/R_18_Johannes Vermeer_new.zip	R_18_Johannes Vermeer_new/Lady_at_the_Virginal_with_a_Gentleman.jpg	/Users/bear/Documents/CoWork/bear-textbooks/books/art/extracted/extracted/ARTZIP-20260801T011809Z-1-003/ARTZIP/R_18_Johannes Vermeer_new/R_18_Johannes Vermeer_new/Lady_at_the_Virginal_with_a_Gentleman.jpg	extracted
/Users/bear/Documents/CoWork/bear-textbooks/books/art/extracted/ARTZIP-20260801T011809Z-1-003/ARTZIP/R_18_Johannes Vermeer_new.zip	R_18_Johannes Vermeer_new/Sitzender_Mann_mit_Pelzmu╠êtze_und_Weinkrug,_dabei_ein_Hund.jpg	/Users/bear/Documents/CoWork/bear-textbooks/books/art/extracted/extracted/ARTZIP-20260801T011809Z-1-003/ARTZIP/R_18_Johannes Vermeer_new/R_18_Johannes Vermeer_new/Sitzender_Mann_mit_Pelzmu╠êtze_und_Weinkrug,_dabei_ein_Hund.jpg	extracted
/Users/bear/Documents/CoWork/bear-textbooks/books/art/extracted/ARTZIP-20260801T011809Z-1-003/ARTZIP/R_18_Johannes Vermeer_new.zip	R_18_Johannes Vermeer_new/Vermeer-Portrait_of_a_Young_Woman.jpg	/Users/bear/Documents/CoWork/bear-textbooks/books/art/extracted/extracted/ARTZIP-20260801T011809Z-1-003/ARTZIP/R_18_Johannes Vermeer_new/R_18_Johannes Vermeer_new/Vermeer-Portrait_of_a_Young_Woman.jpg	extracted
/Users/bear/Documents/CoWork/bear-textbooks/books/art/extracted/ARTZIP-20260801T011809Z-1-003/ARTZIP/R_18_Johannes Vermeer_new.zip	R_18_Johannes Vermeer_new/Woman_Holding_a_Balance.jpg	/Users/bear/Documents/CoWork/bear-textbooks/books/art/extracted/extracted/ARTZIP-20260801T011809Z-1-003/ARTZIP/R_18_Johannes Vermeer_new/R_18_Johannes Vermeer_new/Woman_Holding_a_Balance.jpg	extracted
/Users/bear/Documents/CoWork/bear-textbooks/books/art/extracted/ARTZIP-20260801T011809Z-1-003/ARTZIP/R_18_Johannes Vermeer_new.zip	R_18_Johannes Vermeer_new/Woman_with_a_Lute_near_a_Window.jpg	/Users/bear/Documents/CoWork/bear-textbooks/books/art/extracted/extracted/ARTZIP-20260801T011809Z-1-003/ARTZIP/R_18_Johannes Vermeer_new/R_18_Johannes Vermeer_new/Woman_with_a_Lute_near_a_Window.jpg	extracted
/Users/bear/Documents/CoWork/bear-textbooks/books/art/extracted/ARTZIP-20260801T011809Z-1-003/ARTZIP/R_18_Johannes Vermeer_new.zip	R_18_Johannes Vermeer_new/View_of_Delft,_by_Johannes_Vermeer.jpg	/Users/bear/Documents/CoWork/bear-textbooks/books/art/extracted/extracted/ARTZIP-20260801T011809Z-1-003/ARTZIP/R_18_Johannes Vermeer_new/R_18_Johannes Vermeer_new/View_of_Delft,_by_Johannes_Vermeer.jpg	extracted
/Users/bear/Documents/CoWork/bear-textbooks/books/art/extracted/ARTZIP-20260801T011809Z-1-003/ARTZIP/R_18_Johannes Vermeer_new.zip	R_18_Johannes Vermeer_new/A Young Woman Reading.jpg	/Users/bear/Documents/CoWork/bear-textbooks/books/art/extracted/extracted/ARTZIP-20260801T011809Z-1-003/ARTZIP/R_18_Johannes Vermeer_new/R_18_Johannes Vermeer_new/A Young Woman Reading.jpg	extracted
/Users/bear/Documents/CoWork/bear-textbooks/books/art/extracted/ARTZIP-20260801T011809Z-1-003/ARTZIP/R_18_Johannes Vermeer_new.zip	R_18_Johannes Vermeer_new/A_Lady_Writing.jpg	/Users/bear/Documents/CoWork/bear-textbooks/books/art/extracted/extracted/ARTZIP-20260801T011809Z-1-003/ARTZIP/R_18_Johannes Vermeer_new/R_18_Johannes Vermeer_new/A_Lady_Writing.jpg	extracted
/Users/bear/Documents/CoWork/bear-textbooks/books/art/extracted/ARTZIP-20260801T011809Z-1-003/ARTZIP/R_18_Johannes Vermeer_new.zip	R_18_Johannes Vermeer_new/The_Geographer.jpg	/Users/bear/Documents/CoWork/bear-textbooks/books/art/extracted/extracted/ARTZIP-20260801T011809Z-1-003/ARTZIP/R_18_Johannes Vermeer_new/R_18_Johannes Vermeer_new/The_Geographer.jpg	extracted
/Users/bear/Documents/CoWork/bear-textbooks/books/art/extracted/ARTZIP-20260801T011809Z-1-003/ARTZIP/R_18_Johannes Vermeer_new.zip	R_18_Johannes Vermeer_new/Girl_with_a_flute_c_1665-1670.jpg	/Users/bear/Documents/CoWork/bear-textbooks/books/art/extracted/extracted/ARTZIP-20260801T011809Z-1-003/ARTZIP/R_18_Johannes Vermeer_new/R_18_Johannes Vermeer_new/Girl_with_a_flute_c_1665-1670.jpg	extracted
/Users/bear/Documents/CoWork/bear-textbooks/books/art/extracted/ARTZIP-20260801T011809Z-1-003/ARTZIP/R_18_Johannes Vermeer_new.zip	R_18_Johannes Vermeer_new/Girl_Interrupted_at_Her_Music.jpg	/Users/bear/Documents/CoWork/bear-textbooks/books/art/extracted/extracted/ARTZIP-20260801T011809Z-1-003/ARTZIP/R_18_Johannes Vermeer_new/R_18_Johannes Vermeer_new/Girl_Interrupted_at_Her_Music.jpg	extracted
/Users/bear/Documents/CoWork/bear-textbooks/books/art/extracted/ARTZIP-20260801T011809Z-1-003/ARTZIP/R_18_Johannes Vermeer_new.zip	R_18_Johannes Vermeer_new/Jonge_vrouw_staande_bij_een_virginaal_1670-72.jpg	/Users/bear/Documents/CoWork/bear-textbooks/books/art/extracted/extracted/ARTZIP-20260801T011809Z-1-003/ARTZIP/R_18_Johannes Vermeer_new/R_18_Johannes Vermeer_new/Jonge_vrouw_staande_bij_een_virginaal_1670-72.jpg	extracted
/Users/bear/Documents/CoWork/bear-textbooks/books/art/extracted/ARTZIP-20260801T011809Z-1-003/ARTZIP/R_18_Johannes Vermeer_new.zip	R_18_Johannes Vermeer_new/De_liefdesbrief.jpg	/Users/bear/Documents/CoWork/bear-textbooks/books/art/extracted/extracted/ARTZIP-20260801T011809Z-1-003/ARTZIP/R_18_Johannes Vermeer_new/R_18_Johannes Vermeer_new/De_liefdesbrief.jpg	extracted
/Users/bear/Documents/CoWork/bear-textbooks/books/art/extracted/ARTZIP-20260801T011809Z-1-003/ARTZIP/R_18_Johannes Vermeer_new.zip	R_18_Johannes Vermeer_new/Lady_Maidservant_Holding_Letter.jpg	/Users/bear/Documents/CoWork/bear-textbooks/books/art/extracted/extracted/ARTZIP-20260801T011809Z-1-003/ARTZIP/R_18_Johannes Vermeer_new/R_18_Johannes Vermeer_new/Lady_Maidservant_Holding_Letter.jpg	extracted
/Users/bear/Documents/CoWork/bear-textbooks/books/art/extracted/ARTZIP-20260801T011809Z-1-003/ARTZIP/R_18_Johannes Vermeer_new.zip	R_18_Johannes Vermeer_new/Jan_Vermeer.jpg	/Users/bear/Documents/CoWork/bear-textbooks/books/art/extracted/extracted/ARTZIP-20260801T011809Z-1-003/ARTZIP/R_18_Johannes Vermeer_new/R_18_Johannes Vermeer_new/Jan_Vermeer.jpg	extracted
/Users/bear/Documents/CoWork/bear-textbooks/books/art/extracted/ARTZIP-20260801T011809Z-1-003/ARTZIP/R_18_Johannes Vermeer_new.zip	R_18_Johannes Vermeer_new/Diana_and_her_Nymphs.jpg	/Users/bear/Documents/CoWork/bear-textbooks/books/art/extracted/extracted/ARTZIP-20260801T011809Z-1-003/ARTZIP/R_18_Johannes Vermeer_new/R_18_Johannes Vermeer_new/Diana_and_her_Nymphs.jpg	extracted
/Users/bear/Documents/CoWork/bear-textbooks/books/art/extracted/ARTZIP-20260801T011809Z-1-003/ARTZIP/R_18_Johannes Vermeer_new.zip	R_18_Johannes Vermeer_new/The lacemaker.jpg	/Users/bear/Documents/CoWork/bear-textbooks/books/art/extracted/extracted/ARTZIP-20260801T011809Z-1-003/ARTZIP/R_18_Johannes Vermeer_new/R_18_Johannes Vermeer_new/The lacemaker.jpg	extracted
/Users/bear/Documents/CoWork/bear-textbooks/books/art/extracted/ARTZIP-20260801T011809Z-1-003/ARTZIP/R_18_Johannes Vermeer_new.zip	R_18_Johannes Vermeer_new/Young_Woman_Seated_at_a_Virginal_1670-1672.jpg	/Users/bear/Documents/CoWork/bear-textbooks/books/art/extracted/extracted/ARTZIP-20260801T011809Z-1-003/ARTZIP/R_18_Johannes Vermeer_new/R_18_Johannes Vermeer_new/Young_Woman_Seated_at_a_Virginal_1670-1672.jpg	extracted
/Users/bear/Documents/CoWork/bear-textbooks/books/art/extracted/ARTZIP-20260801T011809Z-1-003/ARTZIP/R_18_Johannes Vermeer_new.zip	R_18_Johannes Vermeer_new/Het_melkmeisje.jpg	/Users/bear/Documents/CoWork/bear-textbooks/books/art/extracted/extracted/ARTZIP-20260801T011809Z-1-003/ARTZIP/R_18_Johannes Vermeer_new/R_18_Johannes Vermeer_new/Het_melkmeisje.jpg	extracted
/Users/bear/Documents/CoWork/bear-textbooks/books/art/extracted/ARTZIP-20260801T011809Z-1-003/ARTZIP/R_18_Johannes Vermeer_new.zip	R_18_Johannes Vermeer_new/Girl_with_a_Pearl_Earring_1665.jpg	/Users/bear/Documents/CoWork/bear-textbooks/books/art/extracted/extracted/ARTZIP-20260801T011809Z-1-003/ARTZIP/R_18_Johannes Vermeer_new/R_18_Johannes Vermeer_new/Girl_with_a_Pearl_Earring_1665.jpg	extracted
/Users/bear/Documents/CoWork/bear-textbooks/books/art/extracted/ARTZIP-20260801T011809Z-1-003/ARTZIP/R_18_Johannes Vermeer_new.zip	R_18_Johannes Vermeer_new/Het_glas_wijn_1658-1660.jpg	/Users/bear/Documents/CoWork/bear-textbooks/books/art/extracted/extracted/ARTZIP-20260801T011809Z-1-003/ARTZIP/R_18_Johannes Vermeer_new/R_18_Johannes Vermeer_new/Het_glas_wijn_1658-1660.jpg	extracted
/Users/bear/Documents/CoWork/bear-textbooks/books/art/extracted/ARTZIP-20260801T011809Z-1-003/ARTZIP/R_18_Johannes Vermeer_new.zip	R_18_Johannes Vermeer_new/The_Concert.jpg	/Users/bear/Documents/CoWork/bear-textbooks/books/art/extracted/extracted/ARTZIP-20260801T011809Z-1-003/ARTZIP/R_18_Johannes Vermeer_new/R_18_Johannes Vermeer_new/The_Concert.jpg	extracted
/Users/bear/Documents/CoWork/bear-textbooks/books/art/extracted/ARTZIP-20260801T011809Z-1-003/ARTZIP/R_18_Johannes Vermeer_new.zip	R_18_Johannes Vermeer_new/The_Procuress.jpg	/Users/bear/Documents/CoWork/bear-textbooks/books/art/extracted/extracted/ARTZIP-20260801T011809Z-1-003/ARTZIP/R_18_Johannes Vermeer_new/R_18_Johannes Vermeer_new/The_Procuress.jpg	extracted
/Users/bear/Documents/CoWork/bear-textbooks/books/art/extracted/ARTZIP-20260801T011809Z-1-003/ARTZIP/R_18_Johannes Vermeer_new.zip	R_18_Johannes Vermeer_new/Woman_reading_a_letter_1662-1663.jpg	/Users/bear/Documents/CoWork/bear-textbooks/books/art/extracted/extracted/ARTZIP-20260801T011809Z-1-003/ARTZIP/R_18_Johannes Vermeer_new/R_18_Johannes Vermeer_new/Woman_reading_a_letter_1662-1663.jpg	extracted
/Users/bear/Documents/CoWork/bear-textbooks/books/art/extracted/ARTZIP-20260801T011809Z-1-003/ARTZIP/R_18_Johannes Vermeer_new.zip	R_18_Johannes Vermeer_new/The_Girl_with_the_Wine_Glass.jpg	/Users/bear/Documents/CoWork/bear-textbooks/books/art/extracted/extracted/ARTZIP-20260801T011809Z-1-003/ARTZIP/R_18_Johannes Vermeer_new/R_18_Johannes Vermeer_new/The_Girl_with_the_Wine_Glass.jpg	extracted
/Users/bear/Documents/CoWork/bear-textbooks/books/art/extracted/ARTZIP-20260801T011809Z-1-003/ARTZIP/R_18_Johannes Vermeer_new.zip	R_18_Johannes Vermeer_new/young_women_sleeping.jpg	/Users/bear/Documents/CoWork/bear-textbooks/books/art/extracted/extracted/ARTZIP-20260801T011809Z-1-003/ARTZIP/R_18_Johannes Vermeer_new/R_18_Johannes Vermeer_new/young_women_sleeping.jpg	extracted
/Users/bear/Documents/CoWork/bear-textbooks/books/art/extracted/ARTZIP-20260801T011809Z-1-003/ARTZIP/R_18_Johannes Vermeer_new.zip	R_18_Johannes Vermeer_new/Saint_Praxedis.jpg	/Users/bear/Documents/CoWork/bear-textbooks/books/art/extracted/extracted/ARTZIP-20260801T011809Z-1-003/ARTZIP/R_18_Johannes Vermeer_new/R_18_Johannes Vermeer_new/Saint_Praxedis.jpg	extracted
/Users/bear/Documents/CoWork/bear-textbooks/books/art/extracted/ARTZIP-20260801T011809Z-1-003/ARTZIP/R_18_Johannes Vermeer_new.zip	R_18_Johannes Vermeer_new/Young_Woman_with_a_Water_Pitcher.jpg	/Users/bear/Documents/CoWork/bear-textbooks/books/art/extracted/extracted/ARTZIP-20260801T011809Z-1-003/ARTZIP/R_18_Johannes Vermeer_new/R_18_Johannes Vermeer_new/Young_Woman_with_a_Water_Pitcher.jpg	extracted
/Users/bear/Documents/CoWork/bear-textbooks/books/art/extracted/ARTZIP-20260801T011809Z-1-003/ARTZIP/R_18_Johannes Vermeer_new.zip	R_18_Johannes Vermeer_new/Allegory_of_the_Catholic_Faith.jpg	/Users/bear/Documents/CoWork/bear-textbooks/books/art/extracted/extracted/ARTZIP-20260801T011809Z-1-003/ARTZIP/R_18_Johannes Vermeer_new/R_18_Johannes Vermeer_new/Allegory_of_the_Catholic_Faith.jpg	extracted
/Users/bear/Documents/CoWork/bear-textbooks/books/art/extracted/ARTZIP-20260801T011809Z-1-003/ARTZIP/R_18_Johannes Vermeer_new.zip	R_18_Johannes Vermeer_new/Woman_writing_a_letter,_with_her_maid.jpg	/Users/bear/Documents/CoWork/bear-textbooks/books/art/extracted/extracted/ARTZIP-20260801T011809Z-1-003/ARTZIP/R_18_Johannes Vermeer_new/R_18_Johannes Vermeer_new/Woman_writing_a_letter,_with_her_maid.jpg	extracted
/Users/bear/Documents/CoWork/bear-textbooks/books/art/extracted/ARTZIP-20260801T011809Z-1-003/ARTZIP/R_18_Johannes Vermeer_new.zip	R_18_Johannes Vermeer_new/The_Guitar_Player_1672.jpg	/Users/bear/Documents/CoWork/bear-textbooks/books/art/extracted/extracted/ARTZIP-20260801T011809Z-1-003/ARTZIP/R_18_Johannes Vermeer_new/R_18_Johannes Vermeer_new/The_Guitar_Player_1672.jpg	extracted
/Users/bear/Documents/CoWork/bear-textbooks/books/art/extracted/ARTZIP-20260801T011809Z-1-003/ARTZIP/R_18_Johannes Vermeer_new.zip	R_18_Johannes Vermeer_new/Girl_Reading_a_Letter_by_an_Open_Window.jpg	/Users/bear/Documents/CoWork/bear-textbooks/books/art/extracted/extracted/ARTZIP-20260801T011809Z-1-003/ARTZIP/R_18_Johannes Vermeer_new/R_18_Johannes Vermeer_new/Girl_Reading_a_Letter_by_an_Open_Window.jpg	extracted
/Users/bear/Documents/CoWork/bear-textbooks/books/art/extracted/ARTZIP-20260801T011809Z-1-003/ARTZIP/R_18_Johannes Vermeer_new.zip	R_18_Johannes Vermeer_new/Jonge_vrouw_aan_een_virginaal_1670-72.jpg	/Users/bear/Documents/CoWork/bear-textbooks/books/art/extracted/extracted/ARTZIP-20260801T011809Z-1-003/ARTZIP/R_18_Johannes Vermeer_new/R_18_Johannes Vermeer_new/Jonge_vrouw_aan_een_virginaal_1670-72.jpg	extracted
/Users/bear/Documents/CoWork/bear-textbooks/books/art/extracted/ARTZIP-20260801T011809Z-1-003/ARTZIP/R_18_Johannes Vermeer_new.zip	R_18_Johannes Vermeer_new/Young_Woman_with_a_Pearl_Necklace.jpg	/Users/bear/Documents/CoWork/bear-textbooks/books/art/extracted/extracted/ARTZIP-20260801T011809Z-1-003/ARTZIP/R_18_Johannes Vermeer_new/R_18_Johannes Vermeer_new/Young_Woman_with_a_Pearl_Necklace.jpg	extracted
/Users/bear/Documents/CoWork/bear-textbooks/books/art/extracted/ARTZIP-20260801T011809Z-1-003/ARTZIP/R_18_Johannes Vermeer_new.zip	R_18_Johannes Vermeer_new/De_Soldaat_en_het_Lachende_Meisje.jpg	/Users/bear/Documents/CoWork/bear-textbooks/books/art/extracted/extracted/ARTZIP-20260801T011809Z-1-003/ARTZIP/R_18_Johannes Vermeer_new/R_18_Johannes Vermeer_new/De_Soldaat_en_het_Lachende_Meisje.jpg	extracted
/Users/bear/Documents/CoWork/bear-textbooks/books/art/extracted/ARTZIP-20260801T011809Z-1-003/ARTZIP/Self-portraits_Vincent van Gogh.zip	Self-portraits_Vincent van Gogh/Self-portraits_Vincent van Gogh_17.jpg	/Users/bear/Documents/CoWork/bear-textbooks/books/art/extracted/extracted/ARTZIP-20260801T011809Z-1-003/ARTZIP/Self-portraits_Vincent van Gogh/Self-portraits_Vincent van Gogh/Self-portraits_Vincent van Gogh_17.jpg	extracted
/Users/bear/Documents/CoWork/bear-textbooks/books/art/extracted/ARTZIP-20260801T011809Z-1-003/ARTZIP/Self-portraits_Vincent van Gogh.zip	Self-portraits_Vincent van Gogh/Self-portraits_Vincent van Gogh_16.jpg	/Users/bear/Documents/CoWork/bear-textbooks/books/art/extracted/extracted/ARTZIP-20260801T011809Z-1-003/ARTZIP/Self-portraits_Vincent van Gogh/Self-portraits_Vincent van Gogh/Self-portraits_Vincent van Gogh_16.jpg	extracted
/Users/bear/Documents/CoWork/bear-textbooks/books/art/extracted/ARTZIP-20260801T011809Z-1-003/ARTZIP/Self-portraits_Vincent van Gogh.zip	Self-portraits_Vincent van Gogh/Self-portraits_Vincent van Gogh_14.jpg	/Users/bear/Documents/CoWork/bear-textbooks/books/art/extracted/extracted/ARTZIP-20260801T011809Z-1-003/ARTZIP/Self-portraits_Vincent van Gogh/Self-portraits_Vincent van Gogh/Self-portraits_Vincent van Gogh_14.jpg	extracted
/Users/bear/Documents/CoWork/bear-textbooks/books/art/extracted/ARTZIP-20260801T011809Z-1-003/ARTZIP/Self-portraits_Vincent van Gogh.zip	Self-portraits_Vincent van Gogh/Self-portraits_Vincent van Gogh_28.jpg	/Users/bear/Documents/CoWork/bear-textbooks/books/art/extracted/extracted/ARTZIP-20260801T011809Z-1-003/ARTZIP/Self-portraits_Vincent van Gogh/Self-portraits_Vincent van Gogh/Self-portraits_Vincent van Gogh_28.jpg	extracted
/Users/bear/Documents/CoWork/bear-textbooks/books/art/extracted/ARTZIP-20260801T011809Z-1-003/ARTZIP/Self-portraits_Vincent van Gogh.zip	Self-portraits_Vincent van Gogh/Self-portraits_Vincent van Gogh_29.jpg	/Users/bear/Documents/CoWork/bear-textbooks/books/art/extracted/extracted/ARTZIP-20260801T011809Z-1-003/ARTZIP/Self-portraits_Vincent van Gogh/Self-portraits_Vincent van Gogh/Self-portraits_Vincent van Gogh_29.jpg	extracted
/Users/bear/Documents/CoWork/bear-textbooks/books/art/extracted/ARTZIP-20260801T011809Z-1-003/ARTZIP/Self-portraits_Vincent van Gogh.zip	Self-portraits_Vincent van Gogh/Self-portraits_Vincent van Gogh_15.jpg	/Users/bear/Documents/CoWork/bear-textbooks/books/art/extracted/extracted/ARTZIP-20260801T011809Z-1-003/ARTZIP/Self-portraits_Vincent van Gogh/Self-portraits_Vincent van Gogh/Self-portraits_Vincent van Gogh_15.jpg	extracted
/Users/bear/Documents/CoWork/bear-textbooks/books/art/extracted/ARTZIP-20260801T011809Z-1-003/ARTZIP/Self-portraits_Vincent van Gogh.zip	Self-portraits_Vincent van Gogh/Self-portraits_Vincent van Gogh_11.jpg	/Users/bear/Documents/CoWork/bear-textbooks/books/art/extracted/extracted/ARTZIP-20260801T011809Z-1-003/ARTZIP/Self-portraits_Vincent van Gogh/Self-portraits_Vincent van Gogh/Self-portraits_Vincent van Gogh_11.jpg	extracted
/Users/bear/Documents/CoWork/bear-textbooks/books/art/extracted/ARTZIP-20260801T011809Z-1-003/ARTZIP/Self-portraits_Vincent van Gogh.zip	Self-portraits_Vincent van Gogh/Self-portraits_Vincent van Gogh_10.jpg	/Users/bear/Documents/CoWork/bear-textbooks/books/art/extracted/extracted/ARTZIP-20260801T011809Z-1-003/ARTZIP/Self-portraits_Vincent van Gogh/Self-portraits_Vincent van Gogh/Self-portraits_Vincent van Gogh_10.jpg	extracted
/Users/bear/Documents/CoWork/bear-textbooks/books/art/extracted/ARTZIP-20260801T011809Z-1-003/ARTZIP/Self-portraits_Vincent van Gogh.zip	Self-portraits_Vincent van Gogh/Self-portraits_Vincent van Gogh_12.jpg	/Users/bear/Documents/CoWork/bear-textbooks/books/art/extracted/extracted/ARTZIP-20260801T011809Z-1-003/ARTZIP/Self-portraits_Vincent van Gogh/Self-portraits_Vincent van Gogh/Self-portraits_Vincent van Gogh_12.jpg	extracted
/Users/bear/Documents/CoWork/bear-textbooks/books/art/extracted/ARTZIP-20260801T011809Z-1-003/ARTZIP/Self-portraits_Vincent van Gogh.zip	Self-portraits_Vincent van Gogh/Self-portraits_Vincent van Gogh_13.jpg	/Users/bear/Documents/CoWork/bear-textbooks/books/art/extracted/extracted/ARTZIP-20260801T011809Z-1-003/ARTZIP/Self-portraits_Vincent van Gogh/Self-portraits_Vincent van Gogh/Self-portraits_Vincent van Gogh_13.jpg	extracted
/Users/bear/Documents/CoWork/bear-textbooks/books/art/extracted/ARTZIP-20260801T011809Z-1-003/ARTZIP/Self-portraits_Vincent van Gogh.zip	Self-portraits_Vincent van Gogh/Self-portraits_Vincent van Gogh_1.jpg	/Users/bear/Documents/CoWork/bear-textbooks/books/art/extracted/extracted/ARTZIP-20260801T011809Z-1-003/ARTZIP/Self-portraits_Vincent van Gogh/Self-portraits_Vincent van Gogh/Self-portraits_Vincent van Gogh_1.jpg	extracted
/Users/bear/Documents/CoWork/bear-textbooks/books/art/extracted/ARTZIP-20260801T011809Z-1-003/ARTZIP/Self-portraits_Vincent van Gogh.zip	Self-portraits_Vincent van Gogh/Self-portraits_Vincent van Gogh_2.jpg	/Users/bear/Documents/CoWork/bear-textbooks/books/art/extracted/extracted/ARTZIP-20260801T011809Z-1-003/ARTZIP/Self-portraits_Vincent van Gogh/Self-portraits_Vincent van Gogh/Self-portraits_Vincent van Gogh_2.jpg	extracted
/Users/bear/Documents/CoWork/bear-textbooks/books/art/extracted/ARTZIP-20260801T011809Z-1-003/ARTZIP/Self-portraits_Vincent van Gogh.zip	Self-portraits_Vincent van Gogh/Self-portraits_Vincent van Gogh_3.jpg	/Users/bear/Documents/CoWork/bear-textbooks/books/art/extracted/extracted/ARTZIP-20260801T011809Z-1-003/ARTZIP/Self-portraits_Vincent van Gogh/Self-portraits_Vincent van Gogh/Self-portraits_Vincent van Gogh_3.jpg	extracted
/Users/bear/Documents/CoWork/bear-textbooks/books/art/extracted/ARTZIP-20260801T011809Z-1-003/ARTZIP/Self-portraits_Vincent van Gogh.zip	Self-portraits_Vincent van Gogh/Self-portraits_Vincent van Gogh_7.jpg	/Users/bear/Documents/CoWork/bear-textbooks/books/art/extracted/extracted/ARTZIP-20260801T011809Z-1-003/ARTZIP/Self-portraits_Vincent van Gogh/Self-portraits_Vincent van Gogh/Self-portraits_Vincent van Gogh_7.jpg	extracted
/Users/bear/Documents/CoWork/bear-textbooks/books/art/extracted/ARTZIP-20260801T011809Z-1-003/ARTZIP/Self-portraits_Vincent van Gogh.zip	Self-portraits_Vincent van Gogh/Self-portraits_Vincent van Gogh_6.jpg	/Users/bear/Documents/CoWork/bear-textbooks/books/art/extracted/extracted/ARTZIP-20260801T011809Z-1-003/ARTZIP/Self-portraits_Vincent van Gogh/Self-portraits_Vincent van Gogh/Self-portraits_Vincent van Gogh_6.jpg	extracted
/Users/bear/Documents/CoWork/bear-textbooks/books/art/extracted/ARTZIP-20260801T011809Z-1-003/ARTZIP/Self-portraits_Vincent van Gogh.zip	Self-portraits_Vincent van Gogh/Self-portraits_Vincent van Gogh_4.jpg	/Users/bear/Documents/CoWork/bear-textbooks/books/art/extracted/extracted/ARTZIP-20260801T011809Z-1-003/ARTZIP/Self-portraits_Vincent van Gogh/Self-portraits_Vincent van Gogh/Self-portraits_Vincent van Gogh_4.jpg	extracted
/Users/bear/Documents/CoWork/bear-textbooks/books/art/extracted/ARTZIP-20260801T011809Z-1-003/ARTZIP/Self-portraits_Vincent van Gogh.zip	Self-portraits_Vincent van Gogh/Self-portraits_Vincent van Gogh_5.jpg	/Users/bear/Documents/CoWork/bear-textbooks/books/art/extracted/extracted/ARTZIP-20260801T011809Z-1-003/ARTZIP/Self-portraits_Vincent van Gogh/Self-portraits_Vincent van Gogh/Self-portraits_Vincent van Gogh_5.jpg	extracted
/Users/bear/Documents/CoWork/bear-textbooks/books/art/extracted/ARTZIP-20260801T011809Z-1-003/ARTZIP/Self-portraits_Vincent van Gogh.zip	Self-portraits_Vincent van Gogh/Self-portraits_Vincent van Gogh_8.jpg	/Users/bear/Documents/CoWork/bear-textbooks/books/art/extracted/extracted/ARTZIP-20260801T011809Z-1-003/ARTZIP/Self-portraits_Vincent van Gogh/Self-portraits_Vincent van Gogh/Self-portraits_Vincent van Gogh_8.jpg	extracted
/Users/bear/Documents/CoWork/bear-textbooks/books/art/extracted/ARTZIP-20260801T011809Z-1-003/ARTZIP/Self-portraits_Vincent van Gogh.zip	Self-portraits_Vincent van Gogh/Self-portraits_Vincent van Gogh_9.jpg	/Users/bear/Documents/CoWork/bear-textbooks/books/art/extracted/extracted/ARTZIP-20260801T011809Z-1-003/ARTZIP/Self-portraits_Vincent van Gogh/Self-portraits_Vincent van Gogh/Self-portraits_Vincent van Gogh_9.jpg	extracted
/Users/bear/Documents/CoWork/bear-textbooks/books/art/extracted/ARTZIP-20260801T011809Z-1-003/ARTZIP/Self-portraits_Vincent van Gogh.zip	Self-portraits_Vincent van Gogh/Self-portraits_Vincent van Gogh_36.jpg	/Users/bear/Documents/CoWork/bear-textbooks/books/art/extracted/extracted/ARTZIP-20260801T011809Z-1-003/ARTZIP/Self-portraits_Vincent van Gogh/Self-portraits_Vincent van Gogh/Self-portraits_Vincent van Gogh_36.jpg	extracted
/Users/bear/Documents/CoWork/bear-textbooks/books/art/extracted/ARTZIP-20260801T011809Z-1-003/ARTZIP/Self-portraits_Vincent van Gogh.zip	Self-portraits_Vincent van Gogh/Self-portraits_Vincent van Gogh_22.jpg	/Users/bear/Documents/CoWork/bear-textbooks/books/art/extracted/extracted/ARTZIP-20260801T011809Z-1-003/ARTZIP/Self-portraits_Vincent van Gogh/Self-portraits_Vincent van Gogh/Self-portraits_Vincent van Gogh_22.jpg	extracted
/Users/bear/Documents/CoWork/bear-textbooks/books/art/extracted/ARTZIP-20260801T011809Z-1-003/ARTZIP/Self-portraits_Vincent van Gogh.zip	Self-portraits_Vincent van Gogh/Self-portraits_Vincent van Gogh_23.jpg	/Users/bear/Documents/CoWork/bear-textbooks/books/art/extracted/extracted/ARTZIP-20260801T011809Z-1-003/ARTZIP/Self-portraits_Vincent van Gogh/Self-portraits_Vincent van Gogh/Self-portraits_Vincent van Gogh_23.jpg	extracted
/Users/bear/Documents/CoWork/bear-textbooks/books/art/extracted/ARTZIP-20260801T011809Z-1-003/ARTZIP/Self-portraits_Vincent van Gogh.zip	Self-portraits_Vincent van Gogh/Self-portraits_Vincent van Gogh_21.jpg	/Users/bear/Documents/CoWork/bear-textbooks/books/art/extracted/extracted/ARTZIP-20260801T011809Z-1-003/ARTZIP/Self-portraits_Vincent van Gogh/Self-portraits_Vincent van Gogh/Self-portraits_Vincent van Gogh_21.jpg	extracted
/Users/bear/Documents/CoWork/bear-textbooks/books/art/extracted/ARTZIP-20260801T011809Z-1-003/ARTZIP/Self-portraits_Vincent van Gogh.zip	Self-portraits_Vincent van Gogh/Self-portraits_Vincent van Gogh_35.jpg	/Users/bear/Documents/CoWork/bear-textbooks/books/art/extracted/extracted/ARTZIP-20260801T011809Z-1-003/ARTZIP/Self-portraits_Vincent van Gogh/Self-portraits_Vincent van Gogh/Self-portraits_Vincent van Gogh_35.jpg	extracted
/Users/bear/Documents/CoWork/bear-textbooks/books/art/extracted/ARTZIP-20260801T011809Z-1-003/ARTZIP/Self-portraits_Vincent van Gogh.zip	Self-portraits_Vincent van Gogh/Self-portraits_Vincent van Gogh_34.jpg	/Users/bear/Documents/CoWork/bear-textbooks/books/art/extracted/extracted/ARTZIP-20260801T011809Z-1-003/ARTZIP/Self-portraits_Vincent van Gogh/Self-portraits_Vincent van Gogh/Self-portraits_Vincent van Gogh_34.jpg	extracted
/Users/bear/Documents/CoWork/bear-textbooks/books/art/extracted/ARTZIP-20260801T011809Z-1-003/ARTZIP/Self-portraits_Vincent van Gogh.zip	Self-portraits_Vincent van Gogh/Self-portraits_Vincent van Gogh_20.jpg	/Users/bear/Documents/CoWork/bear-textbooks/books/art/extracted/extracted/ARTZIP-20260801T011809Z-1-003/ARTZIP/Self-portraits_Vincent van Gogh/Self-portraits_Vincent van Gogh/Self-portraits_Vincent van Gogh_20.jpg	extracted
/Users/bear/Documents/CoWork/bear-textbooks/books/art/extracted/ARTZIP-20260801T011809Z-1-003/ARTZIP/Self-portraits_Vincent van Gogh.zip	Self-portraits_Vincent van Gogh/Self-portraits_Vincent van Gogh_18.jpg	/Users/bear/Documents/CoWork/bear-textbooks/books/art/extracted/extracted/ARTZIP-20260801T011809Z-1-003/ARTZIP/Self-portraits_Vincent van Gogh/Self-portraits_Vincent van Gogh/Self-portraits_Vincent van Gogh_18.jpg	extracted
/Users/bear/Documents/CoWork/bear-textbooks/books/art/extracted/ARTZIP-20260801T011809Z-1-003/ARTZIP/Self-portraits_Vincent van Gogh.zip	Self-portraits_Vincent van Gogh/Self-portraits_Vincent van Gogh_24.jpg	/Users/bear/Documents/CoWork/bear-textbooks/books/art/extracted/extracted/ARTZIP-20260801T011809Z-1-003/ARTZIP/Self-portraits_Vincent van Gogh/Self-portraits_Vincent van Gogh/Self-portraits_Vincent van Gogh_24.jpg	extracted
/Users/bear/Documents/CoWork/bear-textbooks/books/art/extracted/ARTZIP-20260801T011809Z-1-003/ARTZIP/Self-portraits_Vincent van Gogh.zip	Self-portraits_Vincent van Gogh/Self-portraits_Vincent van Gogh_30.jpg	/Users/bear/Documents/CoWork/bear-textbooks/books/art/extracted/extracted/ARTZIP-20260801T011809Z-1-003/ARTZIP/Self-portraits_Vincent van Gogh/Self-portraits_Vincent van Gogh/Self-portraits_Vincent van Gogh_30.jpg	extracted
/Users/bear/Documents/CoWork/bear-textbooks/books/art/extracted/ARTZIP-20260801T011809Z-1-003/ARTZIP/Self-portraits_Vincent van Gogh.zip	Self-portraits_Vincent van Gogh/Self-portraits_Vincent van Gogh_31.jpg	/Users/bear/Documents/CoWork/bear-textbooks/books/art/extracted/extracted/ARTZIP-20260801T011809Z-1-003/ARTZIP/Self-portraits_Vincent van Gogh/Self-portraits_Vincent van Gogh/Self-portraits_Vincent van Gogh_31.jpg	extracted
/Users/bear/Documents/CoWork/bear-textbooks/books/art/extracted/ARTZIP-20260801T011809Z-1-003/ARTZIP/Self-portraits_Vincent van Gogh.zip	Self-portraits_Vincent van Gogh/Self-portraits_Vincent van Gogh_25.jpg	/Users/bear/Documents/CoWork/bear-textbooks/books/art/extracted/extracted/ARTZIP-20260801T011809Z-1-003/ARTZIP/Self-portraits_Vincent van Gogh/Self-portraits_Vincent van Gogh/Self-portraits_Vincent van Gogh_25.jpg	extracted
/Users/bear/Documents/CoWork/bear-textbooks/books/art/extracted/ARTZIP-20260801T011809Z-1-003/ARTZIP/Self-portraits_Vincent van Gogh.zip	Self-portraits_Vincent van Gogh/Self-portraits_Vincent van Gogh_19.jpg	/Users/bear/Documents/CoWork/bear-textbooks/books/art/extracted/extracted/ARTZIP-20260801T011809Z-1-003/ARTZIP/Self-portraits_Vincent van Gogh/Self-portraits_Vincent van Gogh/Self-portraits_Vincent van Gogh_19.jpg	extracted
/Users/bear/Documents/CoWork/bear-textbooks/books/art/extracted/ARTZIP-20260801T011809Z-1-003/ARTZIP/Self-portraits_Vincent van Gogh.zip	Self-portraits_Vincent van Gogh/Self-portraits_Vincent van Gogh_33.jpg	/Users/bear/Documents/CoWork/bear-textbooks/books/art/extracted/extracted/ARTZIP-20260801T011809Z-1-003/ARTZIP/Self-portraits_Vincent van Gogh/Self-portraits_Vincent van Gogh/Self-portraits_Vincent van Gogh_33.jpg	extracted
/Users/bear/Documents/CoWork/bear-textbooks/books/art/extracted/ARTZIP-20260801T011809Z-1-003/ARTZIP/Self-portraits_Vincent van Gogh.zip	Self-portraits_Vincent van Gogh/Self-portraits_Vincent van Gogh_27.jpg	/Users/bear/Documents/CoWork/bear-textbooks/books/art/extracted/extracted/ARTZIP-20260801T011809Z-1-003/ARTZIP/Self-portraits_Vincent van Gogh/Self-portraits_Vincent van Gogh/Self-portraits_Vincent van Gogh_27.jpg	extracted
/Users/bear/Documents/CoWork/bear-textbooks/books/art/extracted/ARTZIP-20260801T011809Z-1-003/ARTZIP/Self-portraits_Vincent van Gogh.zip	Self-portraits_Vincent van Gogh/Self-portraits_Vincent van Gogh_26.jpg	/Users/bear/Documents/CoWork/bear-textbooks/books/art/extracted/extracted/ARTZIP-20260801T011809Z-1-003/ARTZIP/Self-portraits_Vincent van Gogh/Self-portraits_Vincent van Gogh/Self-portraits_Vincent van Gogh_26.jpg	extracted
/Users/bear/Documents/CoWork/bear-textbooks/books/art/extracted/ARTZIP-20260801T011809Z-1-003/ARTZIP/Self-portraits_Vincent van Gogh.zip	Self-portraits_Vincent van Gogh/Self-portraits_Vincent van Gogh_32.jpg	/Users/bear/Documents/CoWork/bear-textbooks/books/art/extracted/extracted/ARTZIP-20260801T011809Z-1-003/ARTZIP/Self-portraits_Vincent van Gogh/Self-portraits_Vincent van Gogh/Self-portraits_Vincent van Gogh_32.jpg	extracted
